action_count,dataset,full_evidence_delta,harmful_expansions,outcome,query_id,question,question_type,slice,support_count,support_recall_delta
1.0,2wiki,0.0,1.0,tie,00fc38720bb011ebab90acde48001122,Who is Maquiztzin's sibling-in-law?,inference,anchor_failure,2,0.0
2.0,2wiki,1.0,1.0,win,0179c3f20bdb11eba7f7acde48001122,Why did the performer of song Mermaid'S Avenue die?,compositional,rescuable,2,0.5
2.0,2wiki,0.0,2.0,tie,01b786e2086611ebbd5eac1f6bf848b6,"Which film has the director who died later, 10,000 Kids And A Cop or Pan (1922 Film)?",bridge_comparison,rescuable,4,0.0
2.0,2wiki,0.0,2.0,tie,02428f7e0bb011ebab90acde48001122,"Who is Bertrand, Count Of Toulouse's child-in-law?",inference,rescuable,2,0.0
2.0,2wiki,0.0,2.0,tie,0254eea408b911ebbd88ac1f6bf848b6,"Which film was released first, Arthur 2: On The Rocks or The Opposite Sex And How To Live With Them?",comparison,already_solved,2,0.0
1.0,2wiki,0.0,1.0,tie,02912df60baf11ebab90acde48001122,"Who is Eleanor Of England, Countess Of Leicester's paternal grandmother?",inference,unreachable,2,0.0
2.0,2wiki,0.0,2.0,tie,02a9ff56094411ebbdaeac1f6bf848b6,"Which film was released earlier, Junior Mandrake or La Tour Montparnasse Infernale?",comparison,already_solved,2,0.0
2.0,2wiki,0.0,2.0,tie,02acaafe084e11ebbd56ac1f6bf848b6,"Which film was released more recently, A Small Ball Shot By A Midget or I'M Not There?",comparison,already_solved,2,0.0
2.0,2wiki,0.0,2.0,tie,02b62fce087211ebbd64ac1f6bf848b6,"Which film whose director is younger, Phalitamsha or Gladiators Seven?",bridge_comparison,unreachable,4,0.0
2.0,2wiki,0.0,2.0,tie,038ea0fc0bb011ebab90acde48001122,Who is Demmán Mac Cairell's paternal grandfather?,inference,already_solved,2,0.0
1.0,2wiki,0.0,1.0,tie,038fb14a0bb011ebab90acde48001122,Who is the paternal grandfather of Henri Cassini?,inference,already_solved,2,0.0
2.0,2wiki,1.0,1.0,win,039ffd260bdc11eba7f7acde48001122,Who is the spouse of the director of film Looking For Hortense?,compositional,rescuable,2,0.5
2.0,2wiki,0.0,1.0,win,03e971d208d911ebbd9cac1f6bf848b6,Do both directors of films The Wrath Of Silence and Legend Of The Fox have the same nationality?,bridge_comparison,rescuable,4,0.25
2.0,2wiki,1.0,1.0,win,03f16b880bb011ebab90acde48001122,Who is the paternal grandfather of Johann Of Limburg?,inference,rescuable,2,0.5
2.0,2wiki,0.0,1.0,tie,04734cac08e011ebbda1ac1f6bf848b6,"Which film whose director is younger, American Hustle or The Fair Cheat?",bridge_comparison,rescuable,4,0.0
2.0,2wiki,0.0,2.0,tie,04fc9d9908ab11ebbd81ac1f6bf848b6,"Are The Lawrence International School and City Montessori School, Aliganj Branch both located in the same country?",comparison,already_solved,2,0.0
2.0,2wiki,0.0,1.0,tie,051f62de0bde11eba7f7acde48001122,"Where was the father of Augustus William, Duke Of Brunswick-Bevern born?",compositional,already_solved,2,0.0
1.0,2wiki,0.0,1.0,tie,057366eb087311ebbd66ac1f6bf848b6,Who was born first out of Alberto Casado Cerviño and Arjun Naidu?,comparison,already_solved,2,0.0
2.0,2wiki,0.0,2.0,tie,0628229b08de11ebbd9eac1f6bf848b6,"Which film has the director who was born first, The Inspector (1962 Film) or The Queen'S Affair?",bridge_comparison,rescuable,4,0.0
0.0,2wiki,0.0,0.0,tie,06af462b08f011ebbda8ac1f6bf848b6,"Which film was released first, Failure To Launch or Mako: The Jaws Of Death?",comparison,already_solved,2,0.0
2.0,2wiki,0.0,2.0,loss,06c1bf16087211ebbd64ac1f6bf848b6,Do both films We'Re No Angels (1955 Film) and Diamonds And Pearls (Film) have the directors that share the same nationality?,bridge_comparison,rescuable,4,-0.25
2.0,2wiki,1.0,1.0,win,07388c7c0bb011ebab90acde48001122,"Who is the maternal grandfather of Amadeus Vii, Count Of Savoy?",inference,rescuable,2,0.5
2.0,2wiki,0.0,1.0,tie,073a6f560bb011ebab90acde48001122,"Who is George Milles-Lade, 2Nd Earl Sondes's paternal grandfather?",inference,already_solved,2,0.0
2.0,2wiki,1.0,1.0,win,076245340bde11eba7f7acde48001122,Where did the composer of film Katariina Ja Munkkiniemen Kreivi study?,compositional,rescuable,2,0.5
2.0,2wiki,0.0,1.0,tie,07626317086e11ebbd62ac1f6bf848b6,"Which film has the director who was born later, This Year'S Blonde or Something Like Love?",bridge_comparison,rescuable,4,0.0
2.0,2wiki,0.0,2.0,tie,076f8ece08d211ebbd95ac1f6bf848b6,Do both films Fig Leaves and Boogeyman (Film) have the directors that share the same nationality?,bridge_comparison,rescuable,4,0.0
2.0,2wiki,0.0,2.0,tie,077b294e0bdb11eba7f7acde48001122,What is the place of birth of the creator of Miss Seventeen?,compositional,already_solved,2,0.0
1.0,2wiki,0.0,1.0,tie,078c06a00baf11ebab90acde48001122,Who is the paternal grandfather of Charlotte Bacon?,inference,rescuable,2,0.0
2.0,2wiki,0.0,2.0,tie,07b1cc3c0baf11ebab90acde48001122,Who is Anne Hill Carter Lee's child-in-law?,inference,rescuable,2,0.0
0.0,2wiki,0.0,0.0,tie,0864c8b40baf11ebab90acde48001122,"Who is the sibling-in-law of Harriet Pelham-Holles, Duchess Of Newcastle-Upon-Tyne?",inference,already_solved,2,0.0
2.0,2wiki,1.0,1.0,win,08a0a8ee0bdb11eba7f7acde48001122,What is the place of birth of Jorge Sapag's father?,compositional,rescuable,2,0.5
0.0,2wiki,0.0,0.0,tie,08cfd9c4090111ebbdadac1f6bf848b6,"Which album was released first, Pandora'S Piñata or Rat Farm?",comparison,already_solved,2,0.0
1.0,2wiki,0.0,1.0,tie,08ec5ef708c511ebbd8eac1f6bf848b6,"Who is younger, Giampaolo Di Paola or Anisul Islam Mahmud?",comparison,already_solved,2,0.0
2.0,2wiki,1.0,1.0,win,09a4dc640baf11ebab90acde48001122,"Who is Margaretta Foster, 1St Viscountess Ferrard's paternal grandmother?",inference,rescuable,2,0.5
2.0,2wiki,0.0,2.0,tie,09b8a2ac0bb011ebab90acde48001122,Who is Thessalonike Of Macedon's father-in-law?,inference,rescuable,2,0.0
2.0,2wiki,0.0,2.0,tie,0b1244de0bdb11eba7f7acde48001122,Where was the father of Gwen Graham born?,compositional,rescuable,2,0.0
2.0,2wiki,0.0,2.0,tie,0b91d3200bdb11eba7f7acde48001122,Where was the director of film The Beautiful Adventure (1932 German-Language Film) born?,compositional,rescuable,2,0.0
2.0,2wiki,0.0,1.0,win,0ba11cfd084a11ebbd55ac1f6bf848b6,"Which film has the director died later, Beyaz Ölüm or Raggedy Rose?",bridge_comparison,rescuable,4,0.25
1.0,2wiki,0.0,0.0,tie,0bad718c0bb011ebab90acde48001122,Who is the paternal grandfather of Margaret Drummond (Mistress)?,inference,already_solved,2,0.0
2.0,2wiki,-1.0,2.0,loss,0c0830a00baf11ebab90acde48001122,Who is Constantine Palaiologos (Son Of Andronikos Ii)'s maternal grandmother?,inference,already_solved,2,-0.5
0.0,2wiki,0.0,0.0,tie,0c4ac7f20bb011ebab90acde48001122,Who is Antipater Ii Of Macedon's mother-in-law?,inference,already_solved,2,0.0
2.0,2wiki,1.0,1.0,win,0c97f4720bde11eba7f7acde48001122,Where was the place of death of Hayranidil Kadın's husband?,compositional,rescuable,2,0.5
2.0,2wiki,0.0,2.0,tie,0ca286d60bdd11eba7f7acde48001122,Which country the composer of song Pop Opp I Topp is from?,compositional,rescuable,2,0.0
2.0,2wiki,0.0,2.0,tie,0cd1b9840bdc11eba7f7acde48001122,What is the place of birth of the director of film Parisiennes (Film)?,compositional,rescuable,2,0.0
1.0,2wiki,0.0,1.0,tie,0d346a7c0bda11eba7f7acde48001122,Where was the director of film 00 Schneider – Jagd Auf Nihil Baxter born?,compositional,already_solved,2,0.0
2.0,2wiki,0.0,1.0,win,0d97858808c111ebbd8aac1f6bf848b6,"Which film has the director born earlier, Pieces Of A Woman or Oriental Nights?",bridge_comparison,rescuable,4,0.25
2.0,2wiki,0.0,1.0,win,0dc9691b087911ebbd67ac1f6bf848b6,"Which film has the director born later, Arrête Ton Cinéma or Agni (2004 Film)?",bridge_comparison,rescuable,4,0.25
0.0,2wiki,0.0,0.0,tie,0dee63d2087e11ebbd6bac1f6bf848b6,Was Slađana Golić or Lee Myung-Hee born first?,comparison,already_solved,2,0.0
2.0,2wiki,0.0,2.0,tie,0e5e54c908c211ebbd8bac1f6bf848b6,Were Tony Mendoza (Politician) and Ruthie Matthes from the same country?,comparison,already_solved,2,0.0
2.0,2wiki,0.0,1.0,tie,0e6d9f8c0bb011ebab90acde48001122,Who is the paternal grandfather of King Kuang Of Zhou?,inference,already_solved,2,0.0
0.0,2wiki,0.0,0.0,tie,0e6f502b08ec11ebbda7ac1f6bf848b6,Are Gut (Crișul Alb) and Gepiș both located in the same country?,comparison,already_solved,2,0.0
1.0,2wiki,1.0,0.0,win,0e7078b00bb011ebab90acde48001122,Who is Anne Gust Brown's father-in-law?,inference,rescuable,2,0.5
2.0,2wiki,0.0,2.0,tie,0f16160c0bde11eba7f7acde48001122,Where was the place of death of Hedwig Of Masovia's father?,compositional,rescuable,2,0.0
2.0,2wiki,1.0,1.0,win,1011a79c0bde11eba7f7acde48001122,"What is the place of birth of William Parr, 1St Marquess Of Northampton's mother?",compositional,rescuable,2,0.5
2.0,2wiki,0.0,2.0,tie,109f949808bf11ebbd8aac1f6bf848b6,"Which film has the director who is older than the other, The Terror Of Tiny Town or The Champagne Murders? ",bridge_comparison,rescuable,4,0.0
2.0,2wiki,0.0,2.0,tie,10e63c10087211ebbd64ac1f6bf848b6,"Which film has the director born later, A Demon For Trouble or Now, Voyager?",bridge_comparison,rescuable,4,0.0
2.0,2wiki,0.0,1.0,win,10f2235a085d11ebbd5cac1f6bf848b6,Are both directors of films Broadcast News (Film) and The Teahouse (Film) from the same country?,bridge_comparison,rescuable,4,0.25
2.0,2wiki,0.0,2.0,tie,11007dea0bde11eba7f7acde48001122,When did the director of film Los Tres Huastecos die?,compositional,rescuable,2,0.0
0.0,2wiki,0.0,0.0,tie,117ae2bc089b11ebbd78ac1f6bf848b6,"Which film was released first, Russian Souvenir or Lady In A Cage?",comparison,already_solved,2,0.0
2.0,2wiki,0.0,1.0,tie,11963eee0bb011ebab90acde48001122,Who is the paternal grandfather of Guy Le Strange?,inference,already_solved,2,0.0
1.0,2wiki,1.0,0.0,win,11b996700bdb11eba7f7acde48001122,Which award the director of film The Seagull (2018 Film) won?,compositional,rescuable,2,0.5
2.0,2wiki,0.0,1.0,win,122324e8089111ebbd72ac1f6bf848b6,"Which film has the director who is older than the other, The Galloping Kid or Parachute Nurse? ",bridge_comparison,rescuable,4,0.25
2.0,2wiki,0.0,2.0,tie,128bc56408b611ebbd88ac1f6bf848b6,"Which film has the director who died later, Ward No.7 or The Assassination Of Trotsky?",bridge_comparison,rescuable,4,0.0
1.0,2wiki,0.0,1.0,tie,12afb387087d11ebbd6aac1f6bf848b6,"Who was born first out of Kang Chang-Hee and Juanma (Footballer, Born 1986)?",comparison,already_solved,2,0.0
0.0,2wiki,0.0,0.0,tie,135157a8090011ebbdadac1f6bf848b6,"Which film was released earlier, The Battle Of Algiers or Carib Gold?",comparison,already_solved,2,0.0
2.0,2wiki,0.0,2.0,tie,13b377680bde11eba7f7acde48001122,"Who is the child of the director of film Truth Or Consequences, N.M. (Film)?",compositional,rescuable,2,0.0
2.0,2wiki,0.0,1.0,win,1597b4be086311ebbd5eac1f6bf848b6,Are the directors of both films Went To Coney Island On A Mission From God... Be Back By Five and No One Can Achieve Perfection from the same country?,bridge_comparison,rescuable,4,0.25
2.0,2wiki,0.0,2.0,tie,15b9210e0baf11ebab90acde48001122,"Who is Dietrich Ix, Count Of Mark's paternal grandfather?",inference,rescuable,2,0.0
0.0,2wiki,0.0,0.0,tie,15bb405608da11ebbd9cac1f6bf848b6,"Who has more scope of profession, Amir Hossein Arman or Inbakavi?",comparison,already_solved,2,0.0
2.0,2wiki,0.0,2.0,tie,162a922a0bb011ebab90acde48001122,Who is Deidamia Ii Of Epirus's paternal grandfather?,inference,already_solved,2,0.0
2.0,2wiki,0.0,2.0,tie,164376040bde11eba7f7acde48001122,"What is the date of birth of Louis I, Count Of Nassau-Weilburg's father?",compositional,rescuable,2,0.0
0.0,2wiki,0.0,0.0,tie,1682466f08e011ebbda1ac1f6bf848b6,Are Sueko Matsueda Kimura and George Watterston both from the same country?,comparison,already_solved,2,0.0
2.0,2wiki,0.0,1.0,win,16b5529e085d11ebbd5cac1f6bf848b6,"Which film has the director who is older than the other, Woman Doctor or Det Drønner Gjennom Dalen? ",bridge_comparison,rescuable,4,0.25
0.0,2wiki,0.0,0.0,tie,17384fa3087411ebbd67ac1f6bf848b6,"Which film has the director died later, Rolling In Money or Alyonka?",bridge_comparison,rescuable,4,0.0
1.0,2wiki,0.0,0.0,win,1767e56608e011ebbda1ac1f6bf848b6,"Which film has the director who died later, Le Foto Proibite Di Una Signora Per Bene or Licenza Premio?",bridge_comparison,rescuable,4,0.25
2.0,2wiki,0.0,2.0,tie,17904a03087611ebbd67ac1f6bf848b6,"Which film has the director who was born earlier, Eyes Of The Underworld or Publicity Madness?",bridge_comparison,rescuable,4,0.0
0.0,2wiki,0.0,0.0,tie,179836cc0baf11ebab90acde48001122,"Who is the mother-in-law of Frederick Ii, Count Of Vaudémont?",inference,rescuable,2,0.0
0.0,2wiki,0.0,0.0,tie,18223918088411ebbd6dac1f6bf848b6,"Who is younger, Yeh Hsien-Chung or Wulf Schiefenhövel?",comparison,already_solved,2,0.0
2.0,2wiki,1.0,1.0,win,184f7ca00bb011ebab90acde48001122,"Who is Eleonora, Princess Of Ligne's father-in-law?",inference,rescuable,2,0.5
2.0,2wiki,1.0,1.0,win,185a906e0bdc11eba7f7acde48001122,Where did the director of film Racing Luck (1924 Film) die?,compositional,rescuable,2,0.5
1.0,2wiki,0.0,0.0,tie,186e24f20bb011ebab90acde48001122,"Who is Henry Iv, Holy Roman Emperor's paternal grandfather?",inference,already_solved,2,0.0
0.0,2wiki,0.0,0.0,tie,18c3a6a40bdb11eba7f7acde48001122,Which country Marcus (Son Of Basiliscus)'s father is from?,compositional,already_solved,2,0.0
2.0,2wiki,1.0,1.0,win,18fa62c20bde11eba7f7acde48001122,Which country Eugenia Livanos's husband is from?,compositional,rescuable,2,0.5
1.0,2wiki,0.0,1.0,tie,19813bf40bb011ebab90acde48001122,Who is Christopher Blom Paus's aunt?,inference,already_solved,2,0.0
2.0,2wiki,0.0,1.0,win,19e6c50608d711ebbd99ac1f6bf848b6,"Which film whose director is younger, College Lovers or The Dixie Flyer?",bridge_comparison,rescuable,4,0.25
2.0,2wiki,0.0,2.0,tie,1a2684b5086e11ebbd62ac1f6bf848b6,"Which film has the director who died earlier, It Grows On Trees or Royal Children?",bridge_comparison,rescuable,4,0.0
2.0,2wiki,1.0,1.0,win,1add88540bb011ebab90acde48001122,Who is the child-in-law of Marie De Namur?,inference,rescuable,2,0.5
2.0,2wiki,0.0,2.0,tie,1ae198fd08c411ebbd8eac1f6bf848b6,"Which film has the director who died earlier, The Fixer (1968 Film) or Midnight At Madame Tussaud'S?",bridge_comparison,rescuable,4,0.0
2.0,2wiki,0.0,2.0,tie,1b71d1fe0baf11ebab90acde48001122,"Who is the paternal grandmother of Henry Iv, Count Of Luxembourg?",inference,anchor_failure,2,0.0
2.0,2wiki,1.0,1.0,win,1b7752be0bdc11eba7f7acde48001122,Where was the director of film Write And Fight born?,compositional,rescuable,2,0.5
2.0,2wiki,1.0,1.0,win,1baf4cae0bb011ebab90acde48001122,"Who is Louis Vi, Elector Palatine's paternal grandfather?",inference,rescuable,2,0.5
2.0,2wiki,0.0,2.0,tie,1c113ece0baf11ebab90acde48001122,"Who is the maternal grandfather of Louis, Duke Of Durazzo?",inference,rescuable,2,0.0
2.0,2wiki,0.0,1.0,win,1c1acbe708d111ebbd95ac1f6bf848b6,"Which film has the director who was born first, Song Of The Eagle or El Santo De La Espada?",bridge_comparison,rescuable,4,0.25
2.0,2wiki,0.0,2.0,tie,1c7eb2640bb011ebab90acde48001122,"Who is the paternal grandmother of Sophie, Countess Of Bar?",inference,rescuable,2,0.0
2.0,2wiki,0.0,1.0,win,1d16ce32089011ebbd72ac1f6bf848b6,"Which film has the director died earlier, Ashes Of Love or English Without Tears?",bridge_comparison,rescuable,4,0.25
2.0,2wiki,1.0,1.0,win,1d50380c0bdd11eba7f7acde48001122,What is the date of birth of the director of film Santee (Film)?,compositional,rescuable,2,0.5
2.0,2wiki,1.0,1.0,win,1d5d77580bdb11eba7f7acde48001122,Where was the place of death of John Manners Tollemache's mother?,compositional,rescuable,2,0.5
0.0,2wiki,0.0,0.0,tie,1dad6435091f11ebbdaeac1f6bf848b6,"Which album was released earlier, Years Past Matter or Digital Smoke?",comparison,already_solved,2,0.0
0.0,2wiki,0.0,0.0,tie,1dbd09b308a111ebbd78ac1f6bf848b6,"Who died later, Steve Tesich or Elizabeth Jane Gardner?",comparison,already_solved,2,0.0
2.0,2wiki,1.0,1.0,win,1df3448c0bda11eba7f7acde48001122,Where did the director of film Sällskapsresan 2 – Snowroller graduate from?,compositional,rescuable,2,0.5
2.0,2wiki,0.0,2.0,tie,1e22e65308a011ebbd78ac1f6bf848b6,"Which film has the director who died earlier, The Great St. Louis Bank Robbery or Lombardi, Ltd.?",bridge_comparison,rescuable,4,0.0
1.0,2wiki,1.0,0.0,win,1e9d0e980bdc11eba7f7acde48001122,What is the place of birth of the director of film Lunar Eclipse (Film)?,compositional,rescuable,2,0.5
2.0,2wiki,1.0,1.0,win,1f3e4da20bb011ebab90acde48001122,"Who is the maternal grandfather of Guiscarda, Viscountess Of Béarn?",inference,rescuable,2,0.5
2.0,2wiki,0.0,1.0,win,1f700308087011ebbd62ac1f6bf848b6,"Which film has the director died earlier, A Captive In The Land or Curtain Up?",bridge_comparison,rescuable,4,0.25
2.0,2wiki,0.0,2.0,tie,1f715224089a11ebbd77ac1f6bf848b6,"Which film has the director born later, The Secret Of The Blue Room or The Star Chamber?",bridge_comparison,rescuable,4,0.0
2.0,2wiki,0.0,1.0,tie,1f9e4658084f11ebbd56ac1f6bf848b6,"Which film has the director who was born first, Final Destination 3 or Emily Brontë'S Wuthering Heights?",bridge_comparison,rescuable,4,0.0
2.0,2wiki,0.0,1.0,win,1fd0e1ac08af11ebbd83ac1f6bf848b6,"Which film has the director who was born later, Broder Gabrielsen or Bhakta Kannappa?",bridge_comparison,rescuable,4,0.25
2.0,2wiki,1.0,1.0,win,1ffb1be40bb011ebab90acde48001122,Who is the sibling-in-law of Fabia Eudokia?,inference,rescuable,2,0.5
2.0,2wiki,0.0,2.0,tie,2002bf0c0bb011ebab90acde48001122,"Who is Catherine Of Pomerania, Countess Palatine Of Neumarkt's father-in-law?",inference,already_solved,2,0.0
2.0,2wiki,0.0,2.0,tie,20245a760bde11eba7f7acde48001122,"Where was the place of death of Crato, Count Of Nassau-Saarbrücken's father?",compositional,rescuable,2,0.0
2.0,2wiki,0.0,2.0,tie,207788f1084a11ebbd55ac1f6bf848b6,Are Trenton Aerodrome and Mackenzie Airport both located in the same country?,comparison,already_solved,2,0.0
0.0,2wiki,0.0,0.0,tie,20bbba2e088c11ebbd6fac1f6bf848b6,"Who is older, Alex Tyrrell or Seamus Kotyk?",comparison,already_solved,2,0.0
2.0,2wiki,0.0,2.0,tie,20dfd443092011ebbdaeac1f6bf848b6,"Which film came out earlier, Hideout In The Sun or The Truth About Women?",comparison,already_solved,2,0.0
2.0,2wiki,0.0,2.0,tie,214eda5a0bdb11eba7f7acde48001122,What nationality is the performer of song Six Strings Down?,compositional,rescuable,2,0.0
2.0,2wiki,0.0,1.0,tie,215df1140bb011ebab90acde48001122,"Who is the paternal grandfather of George Lyon, 5Th Lord Glamis?",inference,already_solved,2,0.0
2.0,2wiki,0.0,2.0,tie,2164ef1e0bdd11eba7f7acde48001122,Where does the director of film In The Name Of My Daughter work at?,compositional,rescuable,2,0.0
0.0,2wiki,0.0,0.0,tie,21d6677808d311ebbd96ac1f6bf848b6,"Who was born later, Stephen Sowerby or Just Mathias Thiele?",comparison,already_solved,2,0.0
2.0,2wiki,0.0,2.0,tie,21ec1e0e0baf11ebab90acde48001122,"Who is Charlotte Lee, Countess Of Lichfield's paternal grandmother?",inference,rescuable,2,0.0
2.0,2wiki,0.0,2.0,tie,225601a60bdd11eba7f7acde48001122,"Where was the composer of song Oh Boy, Oh Boy, Oh Boy! born?",compositional,anchor_failure,2,0.0
2.0,2wiki,0.0,1.0,win,22d0830d087911ebbd67ac1f6bf848b6,"Which film has the director who died earlier, Love That Brute or Laughing Heirs?",bridge_comparison,rescuable,4,0.25
1.0,2wiki,0.0,0.0,tie,233a58480baf11ebab90acde48001122,Who is the paternal grandfather of Hōjō Akitoki?,inference,already_solved,2,0.0
2.0,2wiki,0.0,1.0,win,23bada5a08a711ebbd7fac1f6bf848b6,"Which film has the director died first, Rose Of Washington Square or Tombstone Terror?",bridge_comparison,rescuable,4,0.25
1.0,2wiki,0.0,1.0,tie,2400d650085111ebbd58ac1f6bf848b6,"Who was born later, Jean Daninos or Lincoln Kilpatrick Jr.?",comparison,already_solved,2,0.0
0.0,2wiki,0.0,0.0,tie,243f2cd6085611ebbd59ac1f6bf848b6,"Which film was released more recently, Pelli Choopulu or The Night Bus?",comparison,already_solved,2,0.0
1.0,2wiki,0.0,1.0,tie,244f00a60bde11eba7f7acde48001122,Where was the husband of Rattanbai Jinnah born?,compositional,already_solved,2,0.0
2.0,2wiki,0.0,2.0,tie,248c35e00baf11ebab90acde48001122,Who is the paternal grandfather of Zubdat-Un-Nissa?,inference,rescuable,2,0.0
2.0,2wiki,1.0,1.0,win,2622553e0bdb11eba7f7acde48001122,Where does the director of film Triple Agent work at?,compositional,rescuable,2,0.5
1.0,2wiki,0.0,0.0,win,267f88aa08d711ebbd99ac1f6bf848b6,"Which film has the director who was born first, Raging Bull or Glen And Randa?",bridge_comparison,rescuable,4,0.25
2.0,2wiki,0.0,2.0,tie,26be950e08e111ebbda2ac1f6bf848b6,"Do both films One Foot In Heaven and In The Meantime, Darling have the directors that share the same nationality?",bridge_comparison,rescuable,4,0.0
0.0,2wiki,0.0,0.0,tie,26d0b2f2085511ebbd59ac1f6bf848b6,"Who is younger, Cassam Uteem or Tyrone Keys?",comparison,already_solved,2,0.0
2.0,2wiki,1.0,1.0,win,270c5b4c0baf11ebab90acde48001122,Who is the paternal grandfather of Baha Al-Dawla?,inference,rescuable,2,0.5
2.0,2wiki,0.0,2.0,tie,27172a860bdc11eba7f7acde48001122,Who is the father of the director of film The Seven Madmen?,compositional,rescuable,2,0.0
1.0,2wiki,1.0,0.0,win,27d8771e0bdb11eba7f7acde48001122,Who was the teacher of the composer of song Der Doppelgänger?,compositional,rescuable,2,0.5
1.0,2wiki,0.0,1.0,tie,27d8ec30091f11ebbdaeac1f6bf848b6,"Which film was released earlier, The Clink Of Ice or Guilty??",comparison,already_solved,2,0.0
2.0,2wiki,0.0,1.0,tie,27e835ee0bb011ebab90acde48001122,"Who is Arthur Gore, 2Nd Earl Of Arran's paternal grandfather?",inference,already_solved,2,0.0
2.0,2wiki,1.0,1.0,win,27efedf20bb011ebab90acde48001122,"Who is Walter Butler, 11Th Earl Of Ormond's paternal grandfather?",inference,rescuable,2,0.5
2.0,2wiki,0.0,1.0,win,2817c05d08b811ebbd88ac1f6bf848b6,"Which film has the director who died first, Agitated Women or The Defeated Victor?",bridge_comparison,rescuable,4,0.25
2.0,2wiki,1.0,1.0,win,284eb220091611ebbdaeac1f6bf848b6,"Which album was released first, Born Villain or La La La Love Thang?",comparison,rescuable,2,0.5
0.0,2wiki,0.0,0.0,tie,2863da140bb011ebab90acde48001122,Who is the mother-in-law of Lucy Birley?,inference,already_solved,2,0.0
0.0,2wiki,0.0,0.0,tie,29105d7a08c211ebbd8bac1f6bf848b6,"Which film has the director born later, Cose Da Pazzi or Kadhalil Sodhappuvadhu Yeppadi?",bridge_comparison,unreachable,4,0.0
1.0,2wiki,0.0,1.0,tie,2970a097087111ebbd63ac1f6bf848b6,"Who died first, Léopold Demers or Charles Herbert Little?",comparison,already_solved,2,0.0
1.0,2wiki,0.0,1.0,tie,29bfaeec0bb011ebab90acde48001122,Who is the paternal grandfather of Petre Gruzinsky?,inference,already_solved,2,0.0
2.0,2wiki,0.0,2.0,tie,2ab21c22085411ebbd59ac1f6bf848b6,"Which film whose director is younger, The Battle Of Rogue River or South Sea Woman?",bridge_comparison,rescuable,4,0.0
2.0,2wiki,0.0,1.0,win,2b42746a08cf11ebbd94ac1f6bf848b6,"Which film has the director who is older, A Certain Mister or A Woman In The Night?",bridge_comparison,rescuable,4,0.25
2.0,2wiki,1.0,1.0,win,2b4c3a240baf11ebab90acde48001122,Who is the paternal grandmother of Elisabeth Of Bohemia (1358–1373)?,inference,rescuable,2,0.5
2.0,2wiki,0.0,1.0,tie,2b7e05f20bde11eba7f7acde48001122,Where was the father of Dominik Mikołaj Radziwiłł born?,compositional,already_solved,2,0.0
2.0,2wiki,0.0,2.0,tie,2c0c5d6c0bb011ebab90acde48001122,Who is the paternal grandfather of Archduchess Maria Antonia Of Austria (1899–1977)?,inference,rescuable,2,0.0
0.0,2wiki,0.0,0.0,tie,2ccc68a108fe11ebbdadac1f6bf848b6,"Which magazine came out first, Entertain Magazine or Woman'S Century?",comparison,already_solved,2,0.0
2.0,2wiki,0.0,1.0,win,2d7f8dac088311ebbd6dac1f6bf848b6,Are the directors of both films Girl Slaves Of Morgana Le Fay and The Woman With Closed Eyes from the same country?,bridge_comparison,rescuable,4,0.25
2.0,2wiki,1.0,1.0,win,2d83ae120bdc11eba7f7acde48001122,What is the place of birth of Giovanni Malatesta's wife?,compositional,rescuable,2,0.5
2.0,2wiki,1.0,1.0,win,2d907ba60bdc11eba7f7acde48001122,What is the place of birth of the director of film Operation Secret?,compositional,rescuable,2,0.5
2.0,2wiki,0.0,1.0,win,2d9a29e208d711ebbd99ac1f6bf848b6,"Which film has the director born earlier, Pekka Ja Pätkä Suezilla or The Factory (2012 Film)?",bridge_comparison,rescuable,4,0.25
2.0,2wiki,0.0,2.0,tie,2da46a3f08f311ebbdaaac1f6bf848b6,Was Hippolyte-Julien-Joseph Lucas or Gary Wagner (Dj) born first?,comparison,already_solved,2,0.0
2.0,2wiki,1.0,1.0,win,2e0b4cb40bdc11eba7f7acde48001122,What is the place of birth of Sandra Grant Bennett's husband?,compositional,rescuable,2,0.5
2.0,2wiki,0.0,2.0,tie,2e1a14d60bde11eba7f7acde48001122,What is the place of birth of the director of film Les Assassins Du Dimanche?,compositional,rescuable,2,0.0
1.0,2wiki,0.0,1.0,tie,2e612b41089c11ebbd78ac1f6bf848b6,"Which film has the director who died later, Toto Tours Italy or The Savage Is Loose?",bridge_comparison,rescuable,4,0.0
2.0,2wiki,0.0,1.0,win,2ea4c392089611ebbd76ac1f6bf848b6,"Which film has the director who died first, The Mysterious Miss X or For Them That Trespass?",bridge_comparison,rescuable,4,0.25
2.0,2wiki,0.0,2.0,tie,2eb4b1040bb011ebab90acde48001122,Who is Princess Agnes Of Hohenlohe-Langenburg's father-in-law?,inference,rescuable,2,0.0
2.0,2wiki,1.0,1.0,win,2ec36c440bb011ebab90acde48001122,"Who is the paternal grandfather of Richard Beauchamp, 1St Earl Of Worcester?",inference,rescuable,2,0.5
1.0,2wiki,0.0,1.0,tie,2ec440560bb011ebab90acde48001122,Who is the maternal grandfather of Antiochus X Eusebes?,inference,rescuable,2,0.0
2.0,2wiki,1.0,1.0,win,2ec80f4c0bb011ebab90acde48001122,Who is Clotilde (Died 531)'s sibling-in-law?,inference,rescuable,2,0.5
2.0,2wiki,1.0,1.0,win,2ef2a1900baf11ebab90acde48001122,Who is the paternal grandmother of Shiban?,inference,rescuable,2,0.5
2.0,2wiki,0.0,2.0,tie,2efd86dc0baf11ebab90acde48001122,Who is Pauline Therese Of Württemberg's paternal grandfather?,inference,rescuable,2,0.0
2.0,2wiki,1.0,1.0,win,2f3b107c0bde11eba7f7acde48001122,Where does the director of film Team America: World Police work at?,compositional,rescuable,2,0.5
2.0,2wiki,0.0,2.0,loss,2f3c0934087b11ebbd67ac1f6bf848b6,Do both films: Challenge To White Fang and Asphalt Warriors have the directors from the same country?,bridge_comparison,rescuable,4,-0.25
2.0,2wiki,0.0,2.0,tie,2f6c960c0bb011ebab90acde48001122,Who is Mansur Ad-Din Of Adal's uncle?,inference,already_solved,2,0.0
2.0,2wiki,0.0,2.0,tie,3068a40c0baf11ebab90acde48001122,Who is the paternal grandmother of Ingegerd Olofsdotter Of Sweden?,inference,rescuable,2,0.0
2.0,2wiki,0.0,1.0,win,3089ea1808ad11ebbd83ac1f6bf848b6,"Which film has the director died later, One Day In The Life Of Andrei Arsenevich or Wolves Of The Range?",bridge_comparison,rescuable,4,0.25
2.0,2wiki,0.0,2.0,tie,309ce3b708ee11ebbda8ac1f6bf848b6,"Who was born first, William Telfer or Chester See?",comparison,already_solved,2,0.0
2.0,2wiki,0.0,2.0,tie,30a3f59308a411ebbd7cac1f6bf848b6,Do director of film Taken 2 and director of film La Difficulté D'Être Infidèle have the same nationality?,bridge_comparison,unreachable,4,0.0
2.0,2wiki,0.0,2.0,tie,310164a60bde11eba7f7acde48001122,What is the place of birth of Usha Narayanan's husband?,compositional,unreachable,2,0.0
2.0,2wiki,0.0,1.0,tie,318dc4b408dc11ebbd9cac1f6bf848b6,Are director of film Fantastic Beasts And Where To Find Them (Film) and director of film Sioux City (Film) both from the same country?,bridge_comparison,rescuable,4,0.0
2.0,2wiki,0.0,1.0,win,318ebd55087f11ebbd6bac1f6bf848b6,"Which film has the director born later, El Extraño Viaje or Life Begins With Love?",bridge_comparison,rescuable,4,0.25
2.0,2wiki,0.0,2.0,tie,319d2cd00baf11ebab90acde48001122,Who is the paternal grandfather of Bolesław Ii Of Niemodlin?,inference,already_solved,2,0.0
2.0,2wiki,1.0,1.0,win,31df8b0a0bde11eba7f7acde48001122,What is the place of birth of Anne Elizabeth Rector's husband?,compositional,rescuable,2,0.5
1.0,2wiki,0.0,1.0,tie,3215fe5608cf11ebbd94ac1f6bf848b6,"Which film was released earlier, Mama Dracula or Rebels Of The Neon God?",comparison,already_solved,2,0.0
1.0,2wiki,1.0,0.0,win,32eca0e20bb011ebab90acde48001122,Who is Princess Florestine Of Monaco's paternal grandmother?,inference,rescuable,2,0.5
2.0,2wiki,0.0,2.0,tie,341401180bb011ebab90acde48001122,Who is Lord Patrick Crichton-Stuart's mother?,inference,already_solved,2,0.0
2.0,2wiki,1.0,1.0,win,347300820bb011ebab90acde48001122,Who is Infanta Isabel Fernanda Of Spain's mother?,inference,rescuable,2,0.5
2.0,2wiki,0.0,1.0,win,356ac558088e11ebbd70ac1f6bf848b6,"Which film whose director was born first, The Lost Boys or Edward And Caroline?",bridge_comparison,rescuable,4,0.25
2.0,2wiki,1.0,1.0,win,35d462f40bdd11eba7f7acde48001122,"What is the place of birth of Frederick, Prince Of Hohenzollern's mother?",compositional,rescuable,2,0.5
2.0,2wiki,1.0,1.0,win,360766220bdd11eba7f7acde48001122,What nationality is Breon O'Casey's father?,compositional,rescuable,2,0.5
2.0,2wiki,0.0,2.0,tie,3630015a0baf11ebab90acde48001122,Who is Archduke Ludwig Viktor Of Austria's maternal grandfather?,inference,rescuable,2,0.0
1.0,2wiki,0.0,1.0,tie,36810e1f088311ebbd6dac1f6bf848b6,"Which film was released earlier, Beatrice Wood: Mama Of Dada or Natürlich Die Nelli?",comparison,already_solved,2,0.0
2.0,2wiki,0.0,2.0,tie,368e1a7c0bde11eba7f7acde48001122,"What is the date of birth of Sir Henry St John-Mildmay, 4Th Baronet's father?",compositional,already_solved,2,0.0
2.0,2wiki,1.0,1.0,win,36a793e40bde11eba7f7acde48001122,When did Cilia Van Dijk's husband die?,compositional,rescuable,2,0.5
2.0,2wiki,0.0,1.0,win,37379b99085411ebbd59ac1f6bf848b6,"Which film has the director born earlier, Questa Volta Parliamo Di Uomini or The Heart Of A Man?",bridge_comparison,rescuable,4,0.25
2.0,2wiki,0.0,2.0,tie,37648fb2086e11ebbd62ac1f6bf848b6,"Which film has the director born earlier, One False Move or The Tango On Broadway?",bridge_comparison,rescuable,4,0.0
0.0,2wiki,0.0,0.0,tie,37ca471008e311ebbda4ac1f6bf848b6,Was Euphonik or Beni Veras born first?,comparison,already_solved,2,0.0
1.0,2wiki,0.0,1.0,tie,391186b00bdb11eba7f7acde48001122,What nationality is the performer of song Life Marathon (Eason Chan)?,compositional,already_solved,2,0.0
2.0,2wiki,0.0,1.0,win,3936b550089f11ebbd78ac1f6bf848b6,Are the directors of films Underworld: Blood Wars and My Son The Jihadi both from the same country?,bridge_comparison,rescuable,4,0.25
2.0,2wiki,0.0,1.0,win,396b04e7089911ebbd77ac1f6bf848b6,"Which film has the director born later, The Fighting Demon or Blood Of The Losers?",bridge_comparison,rescuable,4,0.25
0.0,2wiki,0.0,0.0,tie,39f53b4a087b11ebbd67ac1f6bf848b6,"Who was born later, Robert De Vere, Duke Of Ireland or Son Seung-Joon?",comparison,unreachable,2,0.0
2.0,2wiki,0.0,2.0,tie,3a160a400bdb11eba7f7acde48001122,"When did Charles Juste De Beauvau, Prince Of Craon's father die?",compositional,already_solved,2,0.0
2.0,2wiki,1.0,1.0,win,3ac46dd20baf11ebab90acde48001122,Who is the paternal grandfather of Elisabeth Of Kalisz?,inference,rescuable,2,0.5
2.0,2wiki,0.0,2.0,tie,3b217d08088d11ebbd70ac1f6bf848b6,Are both Missisa Lake and Lake Eden located in the same country?,comparison,already_solved,2,0.0
0.0,2wiki,0.0,0.0,tie,3ba9c61608f811ebbdaaac1f6bf848b6,"Who died first, Wilhelm Christian Magelssen or August Söderman?",comparison,already_solved,2,0.0
2.0,2wiki,0.0,2.0,tie,3bb9590e0bb011ebab90acde48001122,Who is the paternal grandfather of Uskhal Khan Tögüs Temür?,inference,already_solved,2,0.0
1.0,2wiki,0.0,1.0,tie,3bb9c0740bb011ebab90acde48001122,Who is Sibyl Hathaway's child-in-law?,inference,rescuable,2,0.0
2.0,2wiki,0.0,2.0,tie,3c23074c086211ebbd5dac1f6bf848b6,"Which film has the director died earlier, Doughnuts And Society or Seven Deaths In The Cat'S Eye?",bridge_comparison,rescuable,4,0.0
2.0,2wiki,1.0,1.0,win,3cb273280bdc11eba7f7acde48001122,Where was the place of burial of Karomama Meritmut's father?,compositional,rescuable,2,0.5
2.0,2wiki,0.0,2.0,tie,3cc3895c08cf11ebbd94ac1f6bf848b6,"Which film has the director who died first, The Love Trader or Clancy Of The Mounted?",bridge_comparison,rescuable,4,0.0
2.0,2wiki,1.0,1.0,win,3cc398b20bda11eba7f7acde48001122,Where was the director of film The Search For Animal Chin born?,compositional,rescuable,2,0.5
2.0,2wiki,0.0,2.0,tie,3cd45771086e11ebbd62ac1f6bf848b6,Are What Every Woman Learns and The Guns (Film) from the same country?,comparison,unreachable,2,0.0
2.0,2wiki,0.0,2.0,tie,3cd79ef40bdd11eba7f7acde48001122,Where was the director of film Scarlet Seas born?,compositional,rescuable,2,0.0
2.0,2wiki,0.0,2.0,tie,3cd8f03108f211ebbdaaac1f6bf848b6,Are both Indian Creek Correctional Center and Hill Of The Buddha located in the same country?,comparison,already_solved,2,0.0
2.0,2wiki,0.0,1.0,win,3cdf4a4608c711ebbd91ac1f6bf848b6,"Which film has the director who was born later, Goodbye, Boys or Belle Épine?",bridge_comparison,rescuable,4,0.25
2.0,2wiki,0.0,2.0,tie,3d2069fe0bb011ebab90acde48001122,Who is Princess Margaret Of Connaught's father?,inference,already_solved,2,0.0
2.0,2wiki,0.0,2.0,tie,3d20c7000bb011ebab90acde48001122,"Who is Adelaide Of Burgundy, Duchess Of Brabant's paternal grandfather?",inference,rescuable,2,0.0
1.0,2wiki,1.0,0.0,win,3d4662300bb011ebab90acde48001122,Who is the maternal grandmother of Eleanor Of Brittany (Abbess)?,inference,rescuable,2,0.5
2.0,2wiki,0.0,2.0,tie,3d624700088311ebbd6dac1f6bf848b6,"Which film has the director who was born first, Buffalo Bill In Tomahawk Territory or Lady From Lisbon?",bridge_comparison,rescuable,4,0.0
2.0,2wiki,1.0,1.0,win,3e0d895e0bde11eba7f7acde48001122,What is the place of birth of the director of film Kolpaçino: Bomba?,compositional,rescuable,2,0.5
2.0,2wiki,0.0,1.0,tie,3f1b7d3b086c11ebbd61ac1f6bf848b6,Are both directors of films Shadow Of The Law (1926 Film) and A Touch Of Class (Film) from the same country?,bridge_comparison,rescuable,4,0.0
2.0,2wiki,0.0,2.0,tie,3f48bc400bb011ebab90acde48001122,"Who is the paternal grandfather of Margaret Of Bavaria, Marchioness Of Mantua?",inference,rescuable,2,0.0
2.0,2wiki,0.0,2.0,tie,3f55739a085611ebbd59ac1f6bf848b6,"Which film has the director died later, Zacne Grzechy or In The Hands Of A Brute?",bridge_comparison,rescuable,4,0.0
0.0,2wiki,0.0,0.0,tie,3f6aea7c085911ebbd5bac1f6bf848b6,"Which film came out earlier, Princesas or Aaron Cohen'S Debt?",comparison,already_solved,2,0.0
1.0,2wiki,1.0,0.0,win,4019023c0bde11eba7f7acde48001122,What is the place of birth of Butch Harmon's father?,compositional,rescuable,2,0.5
2.0,2wiki,0.0,2.0,tie,402d63d00bde11eba7f7acde48001122,"What is the place of birth of Peter Ii, Count Of Saint-Pol's mother?",compositional,rescuable,2,0.0
2.0,2wiki,0.0,2.0,tie,4040925c0bde11eba7f7acde48001122,What is the place of birth of Benjamin Dean Meritt's wife?,compositional,rescuable,2,0.0
1.0,2wiki,1.0,0.0,win,40960ba40bdb11eba7f7acde48001122,What is the place of birth of the director of film Nightworld (Film)?,compositional,rescuable,2,0.5
2.0,2wiki,0.0,2.0,tie,410c4a2e0bb011ebab90acde48001122,Who is Marcus Annius Libo's aunt?,inference,rescuable,2,0.0
0.0,2wiki,0.0,0.0,tie,4139616c08d311ebbd96ac1f6bf848b6,"Who is younger, Lorenzo Zazzeri or Eliška Krásnohorská?",comparison,already_solved,2,0.0
2.0,2wiki,0.0,1.0,win,41454e30088d11ebbd70ac1f6bf848b6,"Which film has the director who was born later, Carmen, Baby or The Little Gypsy?",bridge_comparison,rescuable,4,0.25
2.0,2wiki,1.0,1.0,win,421512620bdc11eba7f7acde48001122,"What nationality is George I, Landgrave Of Hesse-Darmstadt's mother?",compositional,rescuable,2,0.5
0.0,2wiki,0.0,0.0,tie,421ca5940bb011ebab90acde48001122,"Who is the uncle of Roger Clifford, 5Th Baron Clifford?",inference,already_solved,2,0.0
0.0,2wiki,0.0,0.0,tie,42228c2008cc11ebbd93ac1f6bf848b6,Are the directors of both films Der Blindgänger and Hotel Desire from the same country?,bridge_comparison,rescuable,4,0.0
2.0,2wiki,0.0,1.0,win,422bf7bc087011ebbd62ac1f6bf848b6,"Which film has the director who was born first, Bhavesh Joshi Superhero or Hellboy Ii: The Golden Army?",bridge_comparison,rescuable,4,0.25
2.0,2wiki,0.0,1.0,tie,4293552c0bb011ebab90acde48001122,Who is the paternal grandfather of Humphrey Ii De Bohun?,inference,already_solved,2,0.0
1.0,2wiki,0.0,1.0,tie,42a1596708e911ebbda7ac1f6bf848b6,Who was born first out of Andrea Di Vito and Barbara Fairchild?,comparison,already_solved,2,0.0
2.0,2wiki,0.0,2.0,tie,42a4172a08bf11ebbd8aac1f6bf848b6,"Which film whose director was born first, The Outside Woman or Three Smart Girls?",bridge_comparison,rescuable,4,0.0
2.0,2wiki,0.0,2.0,tie,42c7cfac08ac11ebbd82ac1f6bf848b6,"Which film came out first, La Casa Stregata or I Bury The Living?",comparison,already_solved,2,0.0
0.0,2wiki,0.0,0.0,tie,42eb225408d411ebbd96ac1f6bf848b6,"Which film has the director born first, La Patrulla Chiflada or Men Of Chance?",bridge_comparison,rescuable,4,0.0
0.0,2wiki,0.0,0.0,tie,42fdf432084e11ebbd56ac1f6bf848b6,"Who was born later, Justin Godart or Grethe Rottböll?",comparison,already_solved,2,0.0
2.0,2wiki,1.0,1.0,win,435fa4de0bdc11eba7f7acde48001122,What is the cause of death of director of film Like Two Drops Of Water?,compositional,rescuable,2,0.5
0.0,2wiki,0.0,0.0,tie,43a0d7cd087d11ebbd6aac1f6bf848b6,"Who was born earlier, Jayme De Almeida or Elmina Shepard Taylor?",comparison,already_solved,2,0.0
2.0,2wiki,0.0,2.0,tie,43d20e340baf11ebab90acde48001122,Who is Teresa Korwin Gosiewska's paternal grandfather?,inference,already_solved,2,0.0
2.0,2wiki,0.0,2.0,tie,43dd26de086211ebbd5dac1f6bf848b6,"Which film was released more recently, The Petty Girl or Pulijanmam?",comparison,already_solved,2,0.0
2.0,2wiki,0.0,1.0,tie,44687d280bb011ebab90acde48001122,"Who is Charles I, Count Of Ligny's paternal grandmother?",inference,already_solved,2,0.0
2.0,2wiki,0.0,2.0,tie,44da8153093011ebbdaeac1f6bf848b6,"Which film was released more recently, Pirates Of The Prairie or Alien Origin?",comparison,already_solved,2,0.0
0.0,2wiki,0.0,0.0,tie,45709660095311ebbdaeac1f6bf848b6,Are both Open Mobile and Primestar located in the same country?,comparison,already_solved,2,0.0
0.0,2wiki,0.0,0.0,tie,457383ca0bdd11eba7f7acde48001122,Which award the director of film Stillwater (Film) got?,compositional,rescuable,2,0.0
0.0,2wiki,0.0,0.0,tie,45af359408ab11ebbd82ac1f6bf848b6,"Who was born later, Kristiina Elstelä or Palash Jyoti Das?",comparison,already_solved,2,0.0
1.0,2wiki,0.0,0.0,win,45eb6a5408b611ebbd88ac1f6bf848b6,"Which film whose director was born first, The Boy On The Galloping Horse or Claretta?",bridge_comparison,rescuable,4,0.25
0.0,2wiki,0.0,0.0,tie,4601087408c411ebbd8eac1f6bf848b6,"Which film has the director died first, Mudhal Thethi or Be-Shaque?",bridge_comparison,rescuable,4,0.0
0.0,2wiki,0.0,0.0,tie,4648da32088811ebbd6eac1f6bf848b6,"Who was born later, Émile Bonvouloir or Rubí Laura López Silva?",comparison,already_solved,2,0.0
2.0,2wiki,1.0,1.0,win,464c75b20bd911eba7f7acde48001122,What is the place of birth of the director of film Cabiria?,compositional,rescuable,2,0.5
1.0,2wiki,0.0,1.0,tie,4697284608cd11ebbd93ac1f6bf848b6,"Which film whose director was born first, Nine Hours To Rama or Wedding With Erika?",bridge_comparison,unreachable,4,0.0
2.0,2wiki,1.0,1.0,win,46e4933a0baf11ebab90acde48001122,Who is the maternal grandfather of Princess Elisabeth Of Saxe-Altenburg (1826–1896)?,inference,rescuable,2,0.5
0.0,2wiki,0.0,0.0,tie,470e9857089911ebbd77ac1f6bf848b6,"Which film came out earlier, Devil In The Flesh 2 or Las Tecnologías Pesqueras?",comparison,already_solved,2,0.0
2.0,2wiki,1.0,1.0,win,475e49860bb011ebab90acde48001122,Who is Otto Bolesławowic's paternal grandfather?,inference,rescuable,2,0.5
2.0,2wiki,0.0,2.0,tie,47f1959408c011ebbd8aac1f6bf848b6,"Which film has the director born first, Seclusion Near A Forest or Serenade In Mexico?",bridge_comparison,rescuable,4,0.0
0.0,2wiki,0.0,0.0,tie,480ca2c0084e11ebbd56ac1f6bf848b6,"Who is younger, Harald Ludvig Westergaard or Brackin Karauria-Henry?",comparison,already_solved,2,0.0
2.0,2wiki,0.0,1.0,win,484af294089b11ebbd78ac1f6bf848b6,"Which film has the director who died earlier, Block Busters or The Twentieth Century Tramp; Or, Happy Hooligan And His Airship?",bridge_comparison,rescuable,4,0.25
2.0,2wiki,1.0,1.0,win,48b07de00bb011ebab90acde48001122,Who is Duchess Marie Louise Of Mecklenburg-Schwerin's paternal grandfather?,inference,rescuable,2,0.5
1.0,2wiki,1.0,0.0,win,48c623840bdd11eba7f7acde48001122,Where was the performer of song En Apesanteur born?,compositional,rescuable,2,0.5
2.0,2wiki,0.0,2.0,tie,48f3b17a08d911ebbd9cac1f6bf848b6,"Which film has the director born earlier, Meera (1945 Film) or Old Mother Riley'S Ghosts?",bridge_comparison,rescuable,4,0.0
2.0,2wiki,1.0,1.0,win,495c63980bd911eba7f7acde48001122,What is the place of birth of the director of film Frozen Assets (Film)?,compositional,rescuable,2,0.5
1.0,2wiki,0.0,1.0,tie,498df518088711ebbd6dac1f6bf848b6,"Who was born first, Miroslav Štolfa or John Tuzo Wilson?",comparison,already_solved,2,0.0
2.0,2wiki,0.0,2.0,tie,49a5c36b086111ebbd5dac1f6bf848b6,"Which film has the director died first, Le Guignolo or Knights Of The Range?",bridge_comparison,rescuable,4,0.0
1.0,2wiki,0.0,1.0,tie,49aaa2fa08ab11ebbd82ac1f6bf848b6,"Which film has the director died earlier, The Girl From Mexico or Morecambe Church Lads' Brigade At Drill?",bridge_comparison,rescuable,4,0.0
2.0,2wiki,0.0,2.0,tie,49e0153808ac11ebbd82ac1f6bf848b6,"Which film has the director who was born later, Alla Luce Del Sole or Allegheny Uprising?",bridge_comparison,rescuable,4,0.0
0.0,2wiki,0.0,0.0,tie,4a11106f08ea11ebbda7ac1f6bf848b6,"Who was born earlier, Marjatta Raita or Bruce Coulter?",comparison,already_solved,2,0.0
2.0,2wiki,1.0,1.0,win,4a29f0e40bdc11eba7f7acde48001122,What nationality is the guitarist of Metropolitan (Band) who played the first git with Shyam and Saadat in January 2001?,compositional,rescuable,2,0.5
2.0,2wiki,0.0,2.0,tie,4a48b39c090511ebbdadac1f6bf848b6,"Which film came out first, The Jester And The Queen or Meharbaani?",comparison,already_solved,2,0.0
2.0,2wiki,0.0,2.0,tie,4a9ba16c0baf11ebab90acde48001122,Who is Elisabeth Helene Von Vieregg's mother-in-law?,inference,rescuable,2,0.0
2.0,2wiki,0.0,2.0,loss,4aa99cc3089e11ebbd78ac1f6bf848b6,"Do both films, English (2018 Film) and Demonic Toys, have the directors who are from the same country?",bridge_comparison,rescuable,4,-0.25
0.0,2wiki,0.0,0.0,tie,4b3e612d085811ebbd5aac1f6bf848b6,"Who died later, Oliver A. Unger or Ross Story?",comparison,already_solved,2,0.0
2.0,2wiki,0.0,1.0,tie,4b6b1fea0bb011ebab90acde48001122,Who is Sophia Charlotte Of Hanover's maternal grandfather?,inference,already_solved,2,0.0
1.0,2wiki,0.0,1.0,tie,4b827b1e093611ebbdaeac1f6bf848b6,"Which film was released more recently, The King Of The Kickboxers or Kenny & Company?",comparison,already_solved,2,0.0
0.0,2wiki,0.0,0.0,tie,4c028de00baf11ebab90acde48001122,Who is Chiang Hsiao-Wen's paternal grandfather?,inference,anchor_failure,2,0.0
2.0,2wiki,1.0,1.0,win,4c1364d40bb011ebab90acde48001122,"Who is Frederick Henry, Duke Of Saxe-Zeitz-Pegau-Neustadt's paternal grandfather?",inference,rescuable,2,0.5
2.0,2wiki,0.0,2.0,tie,4c407be208b611ebbd88ac1f6bf848b6,"Are both schools, St Brendan-Shaw College and Arncliffe Public School, located in the same country?",comparison,already_solved,2,0.0
1.0,2wiki,0.0,1.0,tie,4c5074f9089711ebbd76ac1f6bf848b6,"Which film was released earlier, A Nice Neighbor or The Louts?",comparison,already_solved,2,0.0
2.0,2wiki,1.0,1.0,win,4c60adc20bdb11eba7f7acde48001122,Where did the director of film Nanon (1938 Film) die?,compositional,rescuable,2,0.5
1.0,2wiki,0.0,1.0,tie,4c61cd2c088111ebbd6dac1f6bf848b6,"Which film has the director who was born first, The Ballad Of Gregorio Cortez or Naiyya?",bridge_comparison,unreachable,4,0.0
2.0,2wiki,0.0,2.0,tie,4ccfe12d08b811ebbd88ac1f6bf848b6,"Which film has the director born earlier, Mummy & Me or Gideon And Samson: Great Leaders Of The Bible?",bridge_comparison,rescuable,4,0.0
2.0,2wiki,0.0,2.0,tie,4d8e0d460bb011ebab90acde48001122,Who is the mother of Edward Francis Fitzwilliam?,inference,already_solved,2,0.0
2.0,2wiki,0.0,2.0,tie,4dc805ee085611ebbd59ac1f6bf848b6,"Are both churches, Basilica Of St. Lucia, Timotes and Saint Augustine By The Sea Catholic Church, located in the same country?",comparison,already_solved,2,0.0
0.0,2wiki,0.0,0.0,tie,4de804bd096811ebbdafac1f6bf848b6,"Which one was established first, Presto Casting Company or Wd Scott?",comparison,already_solved,2,0.0
1.0,2wiki,0.0,1.0,tie,4e1dc515091f11ebbdaeac1f6bf848b6,"Which film came out first, Made Men (Film) or Mystère À Shanghai?",comparison,already_solved,2,0.0
0.0,2wiki,0.0,0.0,tie,4e8195fa095b11ebbdaeac1f6bf848b6,"Which film was released more recently, The First Seven Years or Cinesound Varieties?",comparison,already_solved,2,0.0
1.0,2wiki,0.0,0.0,tie,4e9329460bd911eba7f7acde48001122,Where was the father of Victor Grodås born?,compositional,already_solved,2,0.0
2.0,2wiki,0.0,1.0,win,4ec76c9c089111ebbd73ac1f6bf848b6,Do director of film An Ideal Woman and director of film Goodbye Emmanuelle share the same nationality?,bridge_comparison,rescuable,4,0.25
2.0,2wiki,1.0,1.0,win,4f3120700bdd11eba7f7acde48001122,What is the place of birth of the director of film Must Love Dogs?,compositional,rescuable,2,0.5
2.0,2wiki,1.0,1.0,win,4f362ec80bdb11eba7f7acde48001122,Where did the director of film The Alster Case die?,compositional,rescuable,2,0.5
0.0,2wiki,0.0,0.0,tie,4f49c369098d11ebbdb0ac1f6bf848b6,"Are Tomskoye, Amur Oblast and Pleshkovo located in the same country?",comparison,already_solved,2,0.0
2.0,2wiki,1.0,1.0,win,4fa0efd00bd911eba7f7acde48001122,What is the place of birth of the director of film Thy Neighbor'S Wife (2001 Film)?,compositional,rescuable,2,0.5
1.0,2wiki,0.0,1.0,tie,4fa6906408f211ebbdaaac1f6bf848b6,"Who was born first, François D'Escoubleau De Sourdis or Caroline Hazard?",comparison,already_solved,2,0.0
2.0,2wiki,0.0,2.0,tie,4fa9d2780baf11ebab90acde48001122,"Who is Marie, Countess Of Eu's paternal grandmother?",inference,rescuable,2,0.0
0.0,2wiki,0.0,0.0,tie,4fcd45d9092311ebbdaeac1f6bf848b6,"Which film was released first, Jigyaasa or Assigned To Danger?",comparison,already_solved,2,0.0
1.0,2wiki,0.0,1.0,tie,504bb1e0090311ebbdadac1f6bf848b6,"Which film came out earlier, A Slave Of Love or Remorse, A Story Of The Red Plague?",comparison,already_solved,2,0.0
2.0,2wiki,0.0,2.0,tie,5055c9de0bdc11eba7f7acde48001122,Where was the place of death of the director of film A Lesson In Love?,compositional,rescuable,2,0.0
2.0,2wiki,1.0,1.0,win,50b6ce680bb011ebab90acde48001122,Who is Gnaeus Pompeius Magnus (Husband Of Claudia Antonia)'s maternal grandmother?,inference,rescuable,2,0.5
2.0,2wiki,1.0,1.0,win,50ba732e0bb011ebab90acde48001122,Who is the mother-in-law of Queen Sindeok?,inference,rescuable,2,0.5
2.0,2wiki,1.0,1.0,win,50e4a65c0bde11eba7f7acde48001122,Where was the performer of song B Boy (Song) detained?,compositional,rescuable,2,0.5
2.0,2wiki,0.0,2.0,tie,511af4e80baf11ebab90acde48001122,Who is Archduchess Rosa Of Austria's mother-in-law?,inference,rescuable,2,0.0
2.0,2wiki,0.0,1.0,tie,511b3eda0baf11ebab90acde48001122,Who is the paternal grandfather of King Jingmin Of Wei?,inference,already_solved,2,0.0
2.0,2wiki,0.0,1.0,win,5136616008b211ebbd85ac1f6bf848b6,"Which film has the director born first, Escape From The Dark or Bulundi?",bridge_comparison,rescuable,4,0.25
2.0,2wiki,0.0,2.0,tie,513d871a0bdc11eba7f7acde48001122,Where was the director of film Grinning Guns born?,compositional,rescuable,2,0.0
1.0,2wiki,1.0,0.0,win,52376a780bdc11eba7f7acde48001122,Who is the father of the director of film My 20Th Century?,compositional,rescuable,2,0.5
2.0,2wiki,1.0,1.0,win,533de90c0bdb11eba7f7acde48001122,What is the award that the composer of song The Seeker (The Who Song) earned?,compositional,rescuable,2,0.5
2.0,2wiki,0.0,2.0,tie,534cb9fe0baf11ebab90acde48001122,"Who is Charles D'Orléans, Duke Of Penthièvre's paternal grandfather?",inference,rescuable,2,0.0
0.0,2wiki,0.0,0.0,tie,53b6377e0bde11eba7f7acde48001122,What nationality is John Bede Dalley's father?,compositional,already_solved,2,0.0
2.0,2wiki,-1.0,2.0,loss,53e1d0ec0bb011ebab90acde48001122,Who is Liu Sui's paternal grandfather?,inference,already_solved,2,-0.5
2.0,2wiki,0.0,2.0,tie,5407c9d808b711ebbd88ac1f6bf848b6,"Which film has the director who is older, Clash By Night or Porn In The Hood?",bridge_comparison,rescuable,4,0.0
2.0,2wiki,0.0,2.0,tie,541c0d400bdb11eba7f7acde48001122,When did Princess Alexandra Of Saxe-Coburg And Gotha's mother die?,compositional,rescuable,2,0.0
0.0,2wiki,0.0,0.0,tie,549212ae0bb011ebab90acde48001122,Who is the maternal grandmother of Gian Galeazzo Visconti?,inference,anchor_failure,2,0.0
2.0,2wiki,0.0,1.0,win,54bf355508b811ebbd88ac1f6bf848b6,"Which film has the director died earlier, La Cérémonie or Who Is The Guilty??",bridge_comparison,rescuable,4,0.25
2.0,2wiki,0.0,2.0,loss,55148704087511ebbd67ac1f6bf848b6,"Which film has the director died later, Secret Things or All I Desire?",bridge_comparison,rescuable,4,-0.25
0.0,2wiki,0.0,0.0,tie,559a3869099211ebbdb0ac1f6bf848b6,"Are both Khwai and Jurab, Hamadan located in the same country?",comparison,already_solved,2,0.0
0.0,2wiki,0.0,0.0,tie,55c03a3a096111ebbdafac1f6bf848b6,Are Fisher Communications and Empire Kosher both located in the same country?,comparison,already_solved,2,0.0
2.0,2wiki,0.0,2.0,tie,55dc04d2093d11ebbdaeac1f6bf848b6,"Which film was released more recently, Ghosts Of Abu Ghraib or Gents Without Cents?",comparison,already_solved,2,0.0
2.0,2wiki,1.0,0.0,win,560f3cd208e111ebbda2ac1f6bf848b6,"Which film has the director born later, The Jackhammer Massacre or License To Wed?",bridge_comparison,rescuable,4,0.5
2.0,2wiki,1.0,1.0,win,562b581a0baf11ebab90acde48001122,"Who is James Tuchet, 5Th Earl Of Castlehaven's paternal grandmother?",inference,rescuable,2,0.5
0.0,2wiki,0.0,0.0,tie,562e34500bdb11eba7f7acde48001122,Which award the director of film Workers' Settlement earned?,compositional,rescuable,2,0.0
1.0,2wiki,0.0,1.0,tie,563e2020088b11ebbd6fac1f6bf848b6,"Who was born earlier, Dušan Pirjevec or Kristien Hemmerechts?",comparison,already_solved,2,0.0
2.0,2wiki,0.0,1.0,win,56d2ffcd08d811ebbd9aac1f6bf848b6,"Which film has the director who is older, Our Mighty Yaya or Blondes At Work?",bridge_comparison,rescuable,4,0.25
2.0,2wiki,1.0,1.0,win,56d3a3a20bb011ebab90acde48001122,Who is the paternal grandfather of Friedrich Karl Of Limburg Stirum?,inference,rescuable,2,0.5
2.0,2wiki,1.0,1.0,win,5702c1920baf11ebab90acde48001122,Who is Sabina De Iturbide Y Huarte's maternal grandfather?,inference,rescuable,2,0.5
2.0,2wiki,0.0,2.0,tie,574200c20bb011ebab90acde48001122,"Who is Caroline Campbell, Duchess Of Argyll's paternal grandmother?",inference,rescuable,2,0.0
1.0,2wiki,0.0,1.0,tie,5747134c095e11ebbdafac1f6bf848b6,"Which film was released more recently, Torrente 2: Misión En Marbella or The Heart Of New York (Film)?",comparison,already_solved,2,0.0
1.0,2wiki,0.0,1.0,tie,574cc14409c111ebbdb0ac1f6bf848b6,"Are both high schools, St. Patrick'S High School (Ottawa) and Columbia-Montour Area Vocational-Technical School, located in the same country?",comparison,unreachable,2,0.0
2.0,2wiki,0.0,2.0,tie,59054cad08b311ebbd86ac1f6bf848b6,Do both films Happiness Of Three Women and Percy (1925 Film) have the directors from the same country?,bridge_comparison,rescuable,4,0.0
2.0,2wiki,0.0,1.0,tie,594402520bde11eba7f7acde48001122,"What nationality is Edwina Mountbatten, Countess Mountbatten Of Burma's husband?",compositional,already_solved,2,0.0
2.0,2wiki,0.0,2.0,tie,59a16ade0baf11ebab90acde48001122,Who is the maternal grandfather of Claudia Antonia?,inference,rescuable,2,0.0
2.0,2wiki,0.0,2.0,tie,59a656ac0baf11ebab90acde48001122,"Who is Stephen, Count Of Tréguier's paternal grandmother?",inference,rescuable,2,0.0
2.0,2wiki,0.0,1.0,win,59ecc1a908c811ebbd91ac1f6bf848b6,Do both directors of films Sometimes Good and Sweet Sixteen (2002 Film) share the same nationality?,bridge_comparison,rescuable,4,0.25
2.0,2wiki,0.0,2.0,tie,5a3a883208b611ebbd88ac1f6bf848b6,"Which film was released more recently, Father Of Four or Across The Sea Of Time?",comparison,already_solved,2,0.0
0.0,2wiki,0.0,0.0,tie,5a5ca31608b811ebbd88ac1f6bf848b6,"Who was born earlier, Bob Blaylock or Jiří Bartl?",comparison,already_solved,2,0.0
1.0,2wiki,0.0,0.0,win,5af6bd4e08d511ebbd98ac1f6bf848b6,"Which film has the director who died later, Log Kya Kahenge or The Deep Six?",bridge_comparison,rescuable,4,0.25
2.0,2wiki,0.0,1.0,win,5b1d862408e711ebbda6ac1f6bf848b6,"Which film has the director who died first, Harry And Tonto or Fortunat?",bridge_comparison,rescuable,4,0.25
2.0,2wiki,1.0,1.0,win,5b542d2c0bdb11eba7f7acde48001122,Where did the director of film Rozstanie die?,compositional,rescuable,2,0.5
0.0,2wiki,0.0,0.0,tie,5b66327608f011ebbda8ac1f6bf848b6,"Who was born later, Narayana Kasturi or Sigismund Toduță?",comparison,already_solved,2,0.0
1.0,2wiki,0.0,1.0,tie,5b797cbd088911ebbd6eac1f6bf848b6,Who was born first out of Yannick Buffet and Edgar Philip Prindle Wadhams?,comparison,already_solved,2,0.0
2.0,2wiki,0.0,1.0,win,5be3d2e7089411ebbd75ac1f6bf848b6,"Which film whose director is younger, The Vanishing Outpost or Love And Blood?",bridge_comparison,rescuable,4,0.25
2.0,2wiki,0.0,2.0,tie,5bfb989408f811ebbdaaac1f6bf848b6,Are both Sailing Along and Island Of Terror from the same country?,comparison,already_solved,2,0.0
1.0,2wiki,0.0,1.0,tie,5c7fbb01091a11ebbdaeac1f6bf848b6,"Which album came out earlier, Was I The Wave? or Kingdom Of Rock?",comparison,already_solved,2,0.0
2.0,2wiki,1.0,1.0,win,5c8cd54e0baf11ebab90acde48001122,Who is Empress Murong's paternal grandfather?,inference,rescuable,2,0.5
2.0,2wiki,0.0,1.0,win,5cbb015f087511ebbd67ac1f6bf848b6,"Which film has the director died later, The Glass Wall or Where Does It Hurt??",bridge_comparison,rescuable,4,0.25
1.0,2wiki,0.0,1.0,tie,5cdd0438087111ebbd63ac1f6bf848b6,"Which film whose director is younger, Enemy Agents Meet Ellery Queen or Sirivantha?",bridge_comparison,rescuable,4,0.0
2.0,2wiki,1.0,1.0,win,5d2b68b60bdd11eba7f7acde48001122,What nationality is Shahrzad Mojab's husband?,compositional,rescuable,2,0.5
2.0,2wiki,0.0,2.0,tie,5d2f4c6e0bde11eba7f7acde48001122,Where does Lara Trump's husband work at?,compositional,rescuable,2,0.0
2.0,2wiki,0.0,2.0,tie,5d37d233089911ebbd77ac1f6bf848b6,"Which film has the director died first, Dieu A Besoin Des Hommes or Aayiram Thalai Vaangi Apoorva Chinthamani?",bridge_comparison,rescuable,4,0.0
2.0,2wiki,0.0,1.0,win,5d3f9cb5088611ebbd6dac1f6bf848b6,"Which film has the director who died later, Revenge Of The Snakes or The Colditz Story?",bridge_comparison,rescuable,4,0.25
2.0,2wiki,1.0,1.0,win,5d41f2ee0baf11ebab90acde48001122,Who is the maternal grandmother of Sophia Desta?,inference,rescuable,2,0.5
2.0,2wiki,0.0,2.0,tie,5d6a3e3a085c11ebbd5cac1f6bf848b6,"Which film has the director who died later, Flat Foot Stooges or Broadway To Cheyenne?",bridge_comparison,rescuable,4,0.0
2.0,2wiki,0.0,2.0,tie,5d6f28620bb011ebab90acde48001122,Who is Drogo Of Champagne's father?,inference,rescuable,2,0.0
2.0,2wiki,0.0,2.0,tie,5d76a0920bb011ebab90acde48001122,"Who is María De Las Mercedes, Princess Of Asturias's mother-in-law?",inference,rescuable,2,0.0
2.0,2wiki,0.0,2.0,tie,5da934fa099711ebbdb0ac1f6bf848b6,Are Faqirabad Railway Station and Gosarji Railway Station both located in the same country?,comparison,already_solved,2,0.0
0.0,2wiki,0.0,0.0,tie,5dea524a088511ebbd6dac1f6bf848b6,Are Emily Louise Orr Elliott and William Hutt (Actor) of the same nationality?,comparison,already_solved,2,0.0
2.0,2wiki,0.0,2.0,tie,5dfccdee0baf11ebab90acde48001122,"Who is George Fitzroy, 1St Duke Of Northumberland's paternal grandmother?",inference,rescuable,2,0.0
2.0,2wiki,0.0,2.0,tie,5e02b99208b811ebbd88ac1f6bf848b6,"Which film has the director who is older than the other, The Carousel Of Death or Nameless Star? ",bridge_comparison,rescuable,4,0.0
2.0,2wiki,0.0,2.0,tie,5e1d7ec208a311ebbd7bac1f6bf848b6,Do both films Three Men From Texas and Je Suis Un Sentimental have the directors from the same country?,bridge_comparison,rescuable,4,0.0
2.0,2wiki,0.0,1.0,win,5f6af38408c311ebbd8dac1f6bf848b6,"Which film whose director was born first, Soorakottai Singakutti or Mountain Of Destiny?",bridge_comparison,rescuable,4,0.25
0.0,2wiki,0.0,0.0,tie,5f710c0c08ba11ebbd88ac1f6bf848b6,"Who was born earlier, Atthaphon Daengchanthuek or Uvis Helmanis?",comparison,already_solved,2,0.0
2.0,2wiki,0.0,2.0,tie,5f9dfa7c089b11ebbd78ac1f6bf848b6,"Which film has the director who was born later, Vote For Huggett or Romance In The Dark?",bridge_comparison,rescuable,4,0.0
2.0,2wiki,0.0,1.0,tie,6070874a0bb011ebab90acde48001122,Who is Alboino I Della Scala's paternal grandfather?,inference,already_solved,2,0.0
2.0,2wiki,0.0,2.0,tie,607bb0e80bb011ebab90acde48001122,Who is Cuthwulf (Son Of Cuthwine)'s paternal grandfather?,inference,already_solved,2,0.0
2.0,2wiki,0.0,2.0,tie,6086a7fa0bb011ebab90acde48001122,"Who is the mother of Infante Philip, Duke Of Calabria?",inference,rescuable,2,0.0
2.0,2wiki,1.0,1.0,win,60b012800baf11ebab90acde48001122,Who is Adriana Of Nassau-Dillenburg's maternal grandfather?,inference,rescuable,2,0.5
2.0,2wiki,0.0,1.0,tie,60b1ee0c0baf11ebab90acde48001122,"Who is Robert I, Count Of Troyes's uncle?",inference,already_solved,2,0.0
2.0,2wiki,0.0,2.0,tie,610fd186086511ebbd5eac1f6bf848b6,"Which film has the director who is older than the other, But Not In Vain or The Beast Of Babylon Against The Son Of Hercules? ",bridge_comparison,rescuable,4,0.0
0.0,2wiki,0.0,0.0,tie,61729eb80baf11ebab90acde48001122,Who is Cao Li's paternal grandfather?,inference,already_solved,2,0.0
2.0,2wiki,0.0,2.0,loss,6184a78608b011ebbd84ac1f6bf848b6,"Which film has the director who was born earlier, Love Sex Aur Dhokha or The Woman In Doctor'S Garb?",bridge_comparison,rescuable,4,-0.25
2.0,2wiki,-1.0,2.0,loss,6194aa0c0bb011ebab90acde48001122,"Who is Richard De Clare, Steward Of Forest Of Essex's paternal grandmother?",inference,already_solved,2,-0.5
1.0,2wiki,1.0,0.0,win,61e86d5a0bdc11eba7f7acde48001122,Where did the director of film 29+1 study?,compositional,rescuable,2,0.5
2.0,2wiki,0.0,2.0,tie,623bee3e0bb011ebab90acde48001122,Who is the paternal grandfather of Conrad Ii Of Italy?,inference,rescuable,2,0.0
2.0,2wiki,1.0,1.0,win,6243faca0bb011ebab90acde48001122,"Who is the paternal grandfather of Joan I, Countess Of Burgundy?",inference,rescuable,2,0.5
2.0,2wiki,0.0,2.0,tie,6256d17908da11ebbd9cac1f6bf848b6,"Which film has the director who was born first, Face Of Fire or Along The Sundown Trail?",bridge_comparison,rescuable,4,0.0
2.0,2wiki,1.0,1.0,win,62e8b66a0bdc11eba7f7acde48001122,Where was the director of film The Beauty Shop (Film) born?,compositional,rescuable,2,0.5
0.0,2wiki,0.0,0.0,tie,633132f008b711ebbd88ac1f6bf848b6,"Who was born later, D'Arcy Coulson or Thomas William Adams?",comparison,already_solved,2,0.0
2.0,2wiki,0.0,1.0,win,63721cc808be11ebbd8aac1f6bf848b6,"Which film has the director who died first, A Mother Of Men or I'Ve Got A Horse?",bridge_comparison,rescuable,4,0.25
2.0,2wiki,0.0,1.0,win,647d101408a011ebbd78ac1f6bf848b6,"Which film has the director who is older, Fantastic Voyage or On The Riviera?",bridge_comparison,rescuable,4,0.25
0.0,2wiki,0.0,0.0,tie,648325f208f811ebbdaaac1f6bf848b6,"Who died first, Pierre-Philippe Choffard or James Jacoby?",comparison,already_solved,2,0.0
2.0,2wiki,0.0,2.0,tie,64c134bc08b211ebbd85ac1f6bf848b6,"Which film was released more recently, The Devil'S Rock or The Flyboys (Film)?",comparison,already_solved,2,0.0
2.0,2wiki,0.0,2.0,tie,655027de0bb011ebab90acde48001122,Who is the paternal grandfather of Hamad Bin Isa Al Khalifa?,inference,rescuable,2,0.0
2.0,2wiki,1.0,1.0,win,65645b8c0bb011ebab90acde48001122,Who is Princess Adelaide Of Saxe-Meiningen's maternal grandmother?,inference,rescuable,2,0.5
2.0,2wiki,1.0,1.0,win,657324f60baf11ebab90acde48001122,Who is Alfred Aetheling's paternal grandmother?,inference,rescuable,2,0.5
1.0,2wiki,0.0,1.0,tie,65bdc3a1092311ebbdaeac1f6bf848b6,"Which film was released more recently, Rangers Of Fortune or Pornmaking For Dummies?",comparison,already_solved,2,0.0
2.0,2wiki,0.0,2.0,loss,66137ff40bb011ebab90acde48001122,"Who is Robert, Count Of Eu's paternal grandfather?",inference,anchor_failure,2,-0.5
0.0,2wiki,0.0,0.0,tie,663ea353097611ebbdb0ac1f6bf848b6,"Which film came out earlier, The Cry Of Jazz or Tu Je Sei?",comparison,already_solved,2,0.0
2.0,2wiki,0.0,1.0,tie,66c2c79c0bde11eba7f7acde48001122,Where does Emmy Göring's husband work at?,compositional,already_solved,2,0.0
2.0,2wiki,1.0,1.0,win,66f6fca40bdb11eba7f7acde48001122,Where was the performer of song Where U Been? (Song) born?,compositional,rescuable,2,0.5
1.0,2wiki,1.0,0.0,win,671322a00bde11eba7f7acde48001122,Where was the place of death of Suzanne Farrington's mother?,compositional,rescuable,2,0.5
1.0,2wiki,0.0,1.0,tie,673cc7860bde11eba7f7acde48001122,Where did the performer of song Breathe (Delilah Song) study?,compositional,already_solved,2,0.0
2.0,2wiki,0.0,2.0,tie,6755c0ca0bdd11eba7f7acde48001122,What is the place of birth of the director of film The Danger Girl (1926 Film)?,compositional,rescuable,2,0.0
2.0,2wiki,1.0,1.0,win,675bb53e0bdd11eba7f7acde48001122,Where does Andy Smith (Entrepreneur)'s wife work at?,compositional,rescuable,2,0.5
2.0,2wiki,0.0,2.0,tie,676d16800bb011ebab90acde48001122,"Who is the paternal grandfather of Waldemar V, Prince Of Anhalt-Köthen?",inference,rescuable,2,0.0
2.0,2wiki,0.0,2.0,tie,677aae120bdd11eba7f7acde48001122,What is the place of birth of the composer of song Marilyn Monroe (Nicki Minaj Song)?,compositional,already_solved,2,0.0
2.0,2wiki,0.0,1.0,tie,68c8c8ca087d11ebbd6aac1f6bf848b6,"Which film has the director born earlier, Local Hero (Film) or Sex-Business: Made In Pasing?",bridge_comparison,rescuable,4,0.0
2.0,2wiki,1.0,1.0,win,68dd6b9a0bd911eba7f7acde48001122,Who is the father of the director of film The Cup (1999 Film)?,compositional,rescuable,2,0.5
2.0,2wiki,0.0,2.0,tie,68de4616088a11ebbd6fac1f6bf848b6,"Which film has the director who died later, Say It With Flowers or Boot Hill Bandits?",bridge_comparison,rescuable,4,0.0
2.0,2wiki,1.0,1.0,win,68eb5dae0bde11eba7f7acde48001122,"When did John St John, 20Th Baron St John Of Bletso's father die?",compositional,rescuable,2,0.5
2.0,2wiki,1.0,1.0,win,68f03bae0bdd11eba7f7acde48001122,Where was the director of film Wise Girl (Film) born?,compositional,rescuable,2,0.5
0.0,2wiki,0.0,0.0,tie,68f2479208c611ebbd90ac1f6bf848b6,"Who was born earlier, Caridad Canelón or Angela Ro Ro?",comparison,already_solved,2,0.0
0.0,2wiki,0.0,0.0,tie,69b0ec78089211ebbd73ac1f6bf848b6,"Who was born earlier, Giovanni Lo Porto or Lee Kang-Sheng?",comparison,already_solved,2,0.0
2.0,2wiki,0.0,2.0,tie,69c1a07408ca11ebbd92ac1f6bf848b6,Do director of film The Black Book (Serial) and director of film Meyer From Berlin share the same nationality?,bridge_comparison,rescuable,4,0.0
2.0,2wiki,0.0,2.0,tie,6a23ecc8089f11ebbd78ac1f6bf848b6,"Which film has the director who is older, The Page Turner or The Adventures Of Ford Fairlane?",bridge_comparison,rescuable,4,0.0
0.0,2wiki,0.0,0.0,tie,6a5c4cd00bb011ebab90acde48001122,"Who is John De Mowbray, 4Th Duke Of Norfolk's paternal grandfather?",inference,already_solved,2,0.0
2.0,2wiki,0.0,2.0,tie,6a6bc12208a611ebbd7fac1f6bf848b6,"Which film has the director died later, Pacific Rendezvous or Calling Bulldog Drummond?",bridge_comparison,rescuable,4,0.0
2.0,2wiki,0.0,2.0,tie,6a7725140bb011ebab90acde48001122,Who is Prince Waldemar Of Schaumburg-Lippe's paternal grandmother?,inference,rescuable,2,0.0
2.0,2wiki,0.0,2.0,tie,6a807fc40bb011ebab90acde48001122,Who is Princess Marie Alexandra Of Schleswig-Holstein's maternal grandfather?,inference,already_solved,2,0.0
1.0,2wiki,0.0,0.0,tie,6a925b440bde11eba7f7acde48001122,Where was the father of Ima Hogg born?,compositional,already_solved,2,0.0
1.0,2wiki,0.0,1.0,tie,6a953aae0bb011ebab90acde48001122,Who is the child of Graziano Rossi?,inference,already_solved,2,0.0
2.0,2wiki,0.0,2.0,tie,6b713cc60baf11ebab90acde48001122,Who is Pepin Of Herstal's paternal grandfather?,inference,rescuable,2,0.0
2.0,2wiki,1.0,1.0,win,6b7876160bdd11eba7f7acde48001122,Who is the father of the director of film Dino Ki Dulhaniya?,compositional,rescuable,2,0.5
2.0,2wiki,0.0,2.0,tie,6b8d5a5409b911ebbdb0ac1f6bf848b6,"Are both mountains, Yana Urqu (Q'Umirqucha) and Puka Rumi, located in the same country?",comparison,rescuable,2,0.0
2.0,2wiki,1.0,1.0,win,6bda7b1c0bde11eba7f7acde48001122,Where did the editor of magazine Massachusetts Magazine die?,compositional,rescuable,2,0.5
2.0,2wiki,0.0,2.0,tie,6c15b85e0bb011ebab90acde48001122,Who is Salin Mibaya's maternal grandmother?,inference,rescuable,2,0.0
2.0,2wiki,-1.0,2.0,loss,6c40a31c0baf11ebab90acde48001122,Who is Fu Song'E's father-in-law?,inference,already_solved,2,-0.5
2.0,2wiki,0.0,2.0,tie,6c6649e60bdc11eba7f7acde48001122,Where was the place of death of Anna Bergman's father?,compositional,anchor_failure,2,0.0
0.0,2wiki,0.0,0.0,tie,6c7506fa08a011ebbd78ac1f6bf848b6,"Which film has the director who died earlier, Il Gaucho or Bomgay?",bridge_comparison,rescuable,4,0.0
2.0,2wiki,0.0,2.0,tie,6ccbe6a8098011ebbdb0ac1f6bf848b6,"Which film was released first, Hercules Against The Sons Of The Sun or Barravento?",comparison,unreachable,2,0.0
2.0,2wiki,0.0,1.0,tie,6ce775300bdb11eba7f7acde48001122,"When was Charles Edward Stuart, Count Roehenstart's mother born?",compositional,already_solved,2,0.0
0.0,2wiki,0.0,0.0,tie,6d51cfcc0bde11eba7f7acde48001122,Which country Alfonso Ii Of Aragon's father is from?,compositional,rescuable,2,0.0
0.0,2wiki,0.0,0.0,tie,6d68448a0bdb11eba7f7acde48001122,Which award the performer of song Constantemente Mía got?,compositional,rescuable,2,0.0
2.0,2wiki,0.0,2.0,tie,6d9b44ea0bd911eba7f7acde48001122,Where did the director of film Service For Ladies die?,compositional,rescuable,2,0.0
0.0,2wiki,0.0,0.0,tie,6ddc5fbb08e711ebbda6ac1f6bf848b6,"Who was born earlier, Harald Punt or Russell L. Blaisdell?",comparison,already_solved,2,0.0
2.0,2wiki,1.0,1.0,win,6df147200bdc11eba7f7acde48001122,Where was the place of burial of Mei Shaowu's father?,compositional,rescuable,2,0.5
2.0,2wiki,1.0,1.0,win,6e5cf3ce0bde11eba7f7acde48001122,When is Louis Charles De La Trémoille's father's birthday?,compositional,rescuable,2,0.5
2.0,2wiki,1.0,1.0,win,6e97ba920baf11ebab90acde48001122,"Who is the father-in-law of Philibert I, Duke Of Savoy?",inference,rescuable,2,0.5
0.0,2wiki,0.0,0.0,tie,6ea8eab8090111ebbdadac1f6bf848b6,Are The Pursuit Of Happiness (1934 Film) and East Lynne (1931 Film) from the same country?,comparison,already_solved,2,0.0
2.0,2wiki,1.0,1.0,win,6edf73da0bde11eba7f7acde48001122,Where was the director of film The Phantom Foe born?,compositional,rescuable,2,0.5
1.0,2wiki,1.0,0.0,win,6efc25160bde11eba7f7acde48001122,Which country the director of film The Girl From The Naked Eye is from?,compositional,rescuable,2,0.5
2.0,2wiki,1.0,1.0,win,6ffa31bc0bdc11eba7f7acde48001122,What is the place of birth of the director of film Preston Tylk?,compositional,rescuable,2,0.5
1.0,2wiki,0.0,1.0,tie,702d1ce40baf11ebab90acde48001122,Who is the father of Vulfetrude?,inference,rescuable,2,0.0
0.0,2wiki,0.0,0.0,tie,70394ce40baf11ebab90acde48001122,Who is the paternal grandfather of Charles Edmonstone?,inference,already_solved,2,0.0
0.0,2wiki,0.0,0.0,tie,70d4ae460baf11ebab90acde48001122,Who is the paternal grandfather of Mary Hungerford?,inference,already_solved,2,0.0
2.0,2wiki,0.0,2.0,tie,70df5f5308f411ebbdaaac1f6bf848b6,"Which film was released more recently, Zindagi Zindagi or Flying Wild?",comparison,already_solved,2,0.0
0.0,2wiki,0.0,0.0,tie,70e944c0095211ebbdaeac1f6bf848b6,Are Dillon Dam Brewery and Ultra Diamonds both located in the same country?,comparison,already_solved,2,0.0
2.0,2wiki,0.0,2.0,tie,70ef2e500bdd11eba7f7acde48001122,Which country the director of film The Yellow Handkerchief (2008 Film) is from?,compositional,rescuable,2,0.0
2.0,2wiki,0.0,2.0,tie,72486f1e0bb011ebab90acde48001122,"Who is the uncle of Thomas Lyon-Bowes, Lord Glamis?",inference,rescuable,2,0.0
2.0,2wiki,1.0,1.0,win,7249c8260bda11eba7f7acde48001122,Where was the director of film Adam At 6 A.M. born?,compositional,rescuable,2,0.5
2.0,2wiki,0.0,1.0,tie,7259372a0bda11eba7f7acde48001122,Why did the performer of song Song To The Siren (Tim Buckley Song) die?,compositional,already_solved,2,0.0
2.0,2wiki,0.0,1.0,win,72b0f4e308b511ebbd88ac1f6bf848b6,"Which film has the director died earlier, The Coca-Cola Kid or Ayul Kaithi?",bridge_comparison,rescuable,4,0.25
2.0,2wiki,0.0,2.0,tie,72cdfc5e0bda11eba7f7acde48001122,What is the place of birth of the founder of university Fundación Universidad Del Cine?,compositional,rescuable,2,0.0
2.0,2wiki,0.0,1.0,win,736011f2086f11ebbd62ac1f6bf848b6,"Which film has the director who was born later, The White Man'S Law or The Miners Of Donetsk?",bridge_comparison,rescuable,4,0.25
2.0,2wiki,0.0,2.0,tie,73ab605a0bb011ebab90acde48001122,"Who is the paternal grandfather of Albert V, Prince Of Anhalt-Dessau?",inference,rescuable,2,0.0
2.0,2wiki,0.0,2.0,tie,73c0065c0bda11eba7f7acde48001122,"What nationality is Ferdinand Of Portugal, Duke Of Guarda's mother?",compositional,rescuable,2,0.0
2.0,2wiki,0.0,1.0,win,7412a35808e211ebbda4ac1f6bf848b6,"Which film has the director born later, Mondo Topless or Ritratto Di Borghesia In Nero?",bridge_comparison,rescuable,4,0.25
1.0,2wiki,0.0,1.0,tie,749431d3088f11ebbd72ac1f6bf848b6,Who was born first out of Juraj Štěch and Filippo Nogarin?,comparison,already_solved,2,0.0
2.0,2wiki,1.0,1.0,win,751ba0980bd911eba7f7acde48001122,What is the place of birth of the director of film The House In The Snow-Drifts?,compositional,rescuable,2,0.5
0.0,2wiki,0.0,0.0,tie,757e422f089211ebbd73ac1f6bf848b6,"Who was born first, Heo Keon or Ljiljana Nanušević?",comparison,already_solved,2,0.0
0.0,2wiki,0.0,0.0,tie,75d57ad6091d11ebbdaeac1f6bf848b6,"Which film was released first, Days Of Heaven or Defeat Of The Mafia?",comparison,already_solved,2,0.0
0.0,2wiki,0.0,0.0,tie,75fdd6e808d211ebbd96ac1f6bf848b6,"Which film was released earlier, Augustin, King Of Kung-Fu or Robot & Frank?",comparison,already_solved,2,0.0
2.0,2wiki,0.0,2.0,tie,764446780bde11eba7f7acde48001122,Where was the director of film The Outlaw Express born?,compositional,unreachable,2,0.0
2.0,2wiki,0.0,1.0,win,7655486e086f11ebbd62ac1f6bf848b6,"Which film has the director who was born first, Haiducii Lui Șaptecai or The Assignment (2016 Film)?",bridge_comparison,rescuable,4,0.25
2.0,2wiki,1.0,1.0,win,7697af480bde11eba7f7acde48001122,Where did Timothy Shriver's father die?,compositional,rescuable,2,0.5
2.0,2wiki,0.0,2.0,tie,769873ee0bdc11eba7f7acde48001122,"When was Antoine Philippe, Duke Of Montpensier's mother born?",compositional,already_solved,2,0.0
1.0,2wiki,0.0,0.0,win,76b1ab3e088a11ebbd6fac1f6bf848b6,"Do both films, Nutcase (Film) and Mother Fish, have the directors who are from the same country?",bridge_comparison,rescuable,4,0.25
2.0,2wiki,1.0,1.0,win,76b617e40bde11eba7f7acde48001122,What nationality is Infanta Mariana Victoria Of Portugal's mother?,compositional,rescuable,2,0.5
2.0,2wiki,0.0,2.0,tie,772c5c660bb011ebab90acde48001122,"Who is George Fitzroy, 1St Duke Of Northumberland's stepmother?",inference,rescuable,2,0.0
0.0,2wiki,0.0,0.0,tie,7736de20087211ebbd66ac1f6bf848b6,Are Chaoswave and The Quotations from the same country?,comparison,already_solved,2,0.0
2.0,2wiki,0.0,1.0,win,7747dafa08d011ebbd95ac1f6bf848b6,Do both films Rawhide Mail and Death Of A Dynasty have the directors that share the same nationality?,bridge_comparison,rescuable,4,0.25
0.0,2wiki,0.0,0.0,tie,774f0d8d094f11ebbdaeac1f6bf848b6,"Which film was released first, Four Two Ka One or The Fatherless?",comparison,already_solved,2,0.0
0.0,2wiki,0.0,0.0,tie,77803f9c084b11ebbd56ac1f6bf848b6,"Which film was released first, Taxi! or What'S Your Hurry??",comparison,already_solved,2,0.0
2.0,2wiki,0.0,1.0,win,77bed13208b711ebbd88ac1f6bf848b6,"Which film whose director was born first, Dui Jibon or Temptations Of A Shop Girl?",bridge_comparison,rescuable,4,0.25
2.0,2wiki,0.0,2.0,tie,77f2d5bc0bb011ebab90acde48001122,"Who is Louisa Grace Beauclerk, Duchess Of St Albans's paternal grandfather?",inference,rescuable,2,0.0
2.0,2wiki,0.0,2.0,tie,77f3d9300bb011ebab90acde48001122,Who is Germaine Of Foix's paternal grandfather?,inference,rescuable,2,0.0
0.0,2wiki,0.0,0.0,tie,77f41ab20bb011ebab90acde48001122,"Who is Edward De Vere, 17Th Earl Of Oxford's paternal grandfather?",inference,already_solved,2,0.0
0.0,2wiki,0.0,0.0,tie,77f521780bb011ebab90acde48001122,Who is Margaret Of Baux's father-in-law?,inference,unreachable,2,0.0
2.0,2wiki,0.0,2.0,tie,77fd1ca20bb011ebab90acde48001122,Who is the paternal grandmother of Ferdinand Zvonimir Von Habsburg?,inference,rescuable,2,0.0
0.0,2wiki,0.0,0.0,tie,780ed424097211ebbdb0ac1f6bf848b6,Are both Klinovets and Ochkurovka located in the same country?,comparison,already_solved,2,0.0
1.0,2wiki,0.0,1.0,tie,781cfa6c0bd911eba7f7acde48001122,What is the cause of death of composer of song The Sinking Of The Reuben James?,compositional,rescuable,2,0.0
2.0,2wiki,0.0,1.0,win,78505ad8088c11ebbd6fac1f6bf848b6,"Which film has the director died later, The Fighting Fist Of Shanghai Joe or With Life And Soul?",bridge_comparison,rescuable,4,0.25
2.0,2wiki,1.0,1.0,win,78899a480bdc11eba7f7acde48001122,Who is the child of the composer of film Machi (Film)?,compositional,rescuable,2,0.5
1.0,2wiki,0.0,1.0,tie,78af565508e911ebbda7ac1f6bf848b6,"Who died first, Louis-Paul-Armand Simonneaux or Josiah Boydell?",comparison,already_solved,2,0.0
2.0,2wiki,1.0,1.0,win,78c258280bb011ebab90acde48001122,"Who is the maternal grandfather of Georg Albrecht Of Saxe-Weissenfels, Count Of Barby?",inference,rescuable,2,0.5
0.0,2wiki,0.0,0.0,tie,79c0939e0baf11ebab90acde48001122,Who is Lady Mary Tudor's paternal grandmother?,inference,rescuable,2,0.0
2.0,2wiki,0.0,1.0,win,79d1bf2d08ba11ebbd88ac1f6bf848b6,"Which film has the director who died later, The Duchess Of Doubt or The Golden Trail?",bridge_comparison,rescuable,4,0.25
2.0,2wiki,0.0,1.0,tie,7a1a00b80bb011ebab90acde48001122,Who is Saw E's paternal grandfather?,inference,already_solved,2,0.0
2.0,2wiki,1.0,1.0,win,7a25a9f20bda11eba7f7acde48001122,What is the place of birth of the director of film Pierre And Jean (Film)?,compositional,rescuable,2,0.5
2.0,2wiki,0.0,2.0,tie,7a6a6a2c091611ebbdaeac1f6bf848b6,Are The House On The Edge Of The Park and Girlfriend In A Coma (Film) both from the same country?,comparison,already_solved,2,0.0
2.0,2wiki,0.0,1.0,win,7abc1e3008d511ebbd98ac1f6bf848b6,"Which film has the director died earlier, Poker In Bed or The Machine To Kill Bad People?",bridge_comparison,rescuable,4,0.25
0.0,2wiki,0.0,0.0,tie,7b4cc520091d11ebbdaeac1f6bf848b6,"Which film came out earlier, Irina Palm or Big Man On Campus?",comparison,already_solved,2,0.0
1.0,2wiki,0.0,1.0,tie,7ba283e608fa11ebbdacac1f6bf848b6,Did Kenneth Duberstein and Lee Mcgeorge Durrell share the same nationality?,comparison,already_solved,2,0.0
2.0,2wiki,1.0,1.0,win,7bc2c4340bda11eba7f7acde48001122,Who is the spouse of the director of film Streets Of Blood?,compositional,rescuable,2,0.5
2.0,2wiki,0.0,2.0,tie,7c140896086a11ebbd5fac1f6bf848b6,Are Malcolm'S Echo and Thirteen (1974 Film) both from the same country?,comparison,already_solved,2,0.0
0.0,2wiki,0.0,0.0,tie,7c643c21088211ebbd6dac1f6bf848b6,"Who was born earlier, Thomas Pernes or William Cavendish, 1St Earl Of Devonshire?",comparison,unreachable,2,0.0
2.0,2wiki,0.0,2.0,tie,7cb81afc0bd911eba7f7acde48001122,What is the place of birth of the director of film The Return Of Swamp Thing?,compositional,rescuable,2,0.0
2.0,2wiki,0.0,1.0,win,7d7237ac08a011ebbd78ac1f6bf848b6,"Which film has the director who was born earlier, The Marriage Of Princess Demidoff or The Pocket-Knife?",bridge_comparison,rescuable,4,0.25
1.0,2wiki,0.0,1.0,tie,7d8c2e1808dd11ebbd9dac1f6bf848b6,Are Irene Greif and Derrick Burroughs from the same country?,comparison,already_solved,2,0.0
2.0,2wiki,0.0,2.0,tie,7d94852a08cb11ebbd92ac1f6bf848b6,"Which film has the director died first, Hit Parade Of 1943 or Mr. Reeder In Room 13?",bridge_comparison,rescuable,4,0.0
2.0,2wiki,0.0,1.0,tie,7de10992088811ebbd6eac1f6bf848b6,"Which film has the director who is older than the other, Where'S Firuze? or Marizza? ",bridge_comparison,rescuable,4,0.0
1.0,2wiki,0.0,0.0,win,7e0974ba088111ebbd6dac1f6bf848b6,"Which film has the director born later, Partner (1968 Film) or The Devil'S Rejects?",bridge_comparison,rescuable,4,0.25
0.0,2wiki,0.0,0.0,tie,7e2edf3b08f511ebbdaaac1f6bf848b6,Are Tyler Tiedeman and Leon Gast from the same country?,comparison,already_solved,2,0.0
2.0,2wiki,0.0,2.0,tie,7e3574e8093c11ebbdaeac1f6bf848b6,"Which film was released earlier, Me And Him or Long Vacations Of 36?",comparison,already_solved,2,0.0
2.0,2wiki,1.0,1.0,win,7e6280500bdd11eba7f7acde48001122,What is the place of birth of the director of film Tammy And The T-Rex?,compositional,rescuable,2,0.5
0.0,2wiki,0.0,0.0,tie,7e77e30409bd11ebbdb0ac1f6bf848b6,"Are Liverpool Boys High School and St Stephen'S School, Perth located in the same country?",comparison,already_solved,2,0.0
0.0,2wiki,0.0,0.0,tie,7f3724780baf11ebab90acde48001122,Who is the father of Louis X Of France?,inference,rescuable,2,0.0
2.0,2wiki,0.0,2.0,tie,7f3cf1aa0baf11ebab90acde48001122,Who is Edsel Ford Ii's paternal grandfather?,inference,already_solved,2,0.0
2.0,2wiki,1.0,1.0,win,7f49e96e0baf11ebab90acde48001122,Who is Princess Thyra Of Denmark (1880–1945)'s maternal grandmother?,inference,rescuable,2,0.5
2.0,2wiki,1.0,1.0,win,7f6a735a0bdc11eba7f7acde48001122,Why did the performer of song Phantasmagoria In Two die?,compositional,rescuable,2,0.5
2.0,2wiki,0.0,2.0,tie,800faa1409ba11ebbdb0ac1f6bf848b6,Are Taypi Qullu (Sajama) and P'Isaqiri both located in the same country?,comparison,rescuable,2,0.0
1.0,2wiki,0.0,0.0,win,801b0d7a089211ebbd73ac1f6bf848b6,"Which film has the director who was born first, Cidade Ameaçada or The Jesus Rolls?",bridge_comparison,rescuable,4,0.25
2.0,2wiki,1.0,1.0,win,809a04ee0bdb11eba7f7acde48001122,Where does the director of film Wine Of Morning work at?,compositional,rescuable,2,0.5
2.0,2wiki,0.0,2.0,tie,80f49d840bd911eba7f7acde48001122,What nationality is the composer of film The Handmaid'S Tale (Film)?,compositional,rescuable,2,0.0
2.0,2wiki,0.0,2.0,tie,80fa14d408e411ebbda4ac1f6bf848b6,"Which film was released first, Stella'S Favor or Across The Blue Sea?",comparison,already_solved,2,0.0
2.0,2wiki,0.0,2.0,tie,81aca0d508a311ebbd7bac1f6bf848b6,"Which film has the director died later, After Tonight or All That Heaven Allows?",bridge_comparison,rescuable,4,0.0
0.0,2wiki,0.0,0.0,tie,81ffef24097b11ebbdb0ac1f6bf848b6,"Are both Zaborye, Vladimir Oblast and Orochen 2-Y located in the same country?",comparison,already_solved,2,0.0
1.0,2wiki,0.0,1.0,tie,82043b7c0bdd11eba7f7acde48001122,"Which country Luís Of Portugal, Duke Of Beja's mother is from?",compositional,rescuable,2,0.0
2.0,2wiki,0.0,2.0,tie,821e65dc086911ebbd5eac1f6bf848b6,"Which film has the director who died earlier, The Hitler Gang or Flannelfoot?",bridge_comparison,rescuable,4,0.0
0.0,2wiki,0.0,0.0,tie,82825cbd084c11ebbd56ac1f6bf848b6,"Which film was released first, Adaminte Makan Abu or Our Relations?",comparison,already_solved,2,0.0
1.0,2wiki,0.0,0.0,win,82a797c5089311ebbd75ac1f6bf848b6,"Which film has the director born later, Men Suddenly In Love or Unearthly Stranger?",bridge_comparison,rescuable,4,0.25
2.0,2wiki,0.0,1.0,tie,82e088ac0bb011ebab90acde48001122,"Who is John Philip Iii, Wild- And Rhinegrave Of Salm-Dhaun's paternal grandmother?",inference,already_solved,2,0.0
2.0,2wiki,0.0,2.0,tie,83049a70090b11ebbdadac1f6bf848b6,"Which film was released more recently, A Fugitive From Matrimony or Grass Is Greener?",comparison,already_solved,2,0.0
1.0,2wiki,0.0,0.0,win,83271a18088311ebbd6dac1f6bf848b6,"Which film has the director who is older, J. Edgar or Out Of The Rain?",bridge_comparison,rescuable,4,0.25
0.0,2wiki,0.0,0.0,tie,8333495a08e211ebbda4ac1f6bf848b6,"Which film has the director who was born earlier, Son-Rise: A Miracle Of Love or Jurassic World?",bridge_comparison,rescuable,4,0.0
1.0,2wiki,0.0,1.0,tie,838b8c7b086811ebbd5eac1f6bf848b6,Are both Philly'S Most Wanted and Art Of Time Ensemble from the same country?,comparison,already_solved,2,0.0
2.0,2wiki,0.0,1.0,tie,83a016220bb011ebab90acde48001122,Who is the paternal grandfather of Qiubo Of Han?,inference,already_solved,2,0.0
2.0,2wiki,0.0,2.0,tie,83c952c80bdb11eba7f7acde48001122,Where did the director of film Asunto Terminado die?,compositional,rescuable,2,0.0
2.0,2wiki,0.0,2.0,tie,83cf4607089a11ebbd77ac1f6bf848b6,"Which film was released more recently, Last Stop or The Bear And The Doll?",comparison,already_solved,2,0.0
0.0,2wiki,0.0,0.0,tie,843ef89008fa11ebbdacac1f6bf848b6,"Who is younger, Denise Kandel or Bruce Robinson?",comparison,already_solved,2,0.0
2.0,2wiki,0.0,1.0,tie,84414bf00bb011ebab90acde48001122,"Who is François Iii D'Orléans, Duke Of Longueville's paternal grandmother?",inference,already_solved,2,0.0
2.0,2wiki,0.0,0.0,tie,847df1960baf11ebab90acde48001122,"Who is Daniel O'Brien, 4Th Viscount Clare's paternal grandmother?",inference,already_solved,2,0.0
2.0,2wiki,0.0,2.0,tie,84c9e4880bb011ebab90acde48001122,Who is the paternal grandfather of Al-Malik Al-Rahim?,inference,rescuable,2,0.0
1.0,2wiki,0.0,1.0,tie,84ca26320bb011ebab90acde48001122,Who is Ilu-Mer's grandchild?,inference,anchor_failure,2,0.0
2.0,2wiki,1.0,1.0,win,853141740baf11ebab90acde48001122,"Who is the maternal grandfather of Infanta Elena, Duchess Of Lugo?",inference,rescuable,2,0.5
2.0,2wiki,0.0,1.0,win,8563457a085d11ebbd5cac1f6bf848b6,"Which film whose director was born first, Desert Mesa or Fires Were Started?",bridge_comparison,rescuable,4,0.25
2.0,2wiki,1.0,1.0,win,85707a1a0bdc11eba7f7acde48001122,"What is the date of death of Beatrice, Countess Of Alburquerque's father?",compositional,rescuable,2,0.5
2.0,2wiki,0.0,2.0,tie,85b18e2208a011ebbd78ac1f6bf848b6,"Which film whose director was born first, Aayiram Chirakulla Moham or To Live And Die In Tsimshatsui?",bridge_comparison,rescuable,4,0.0
2.0,2wiki,0.0,2.0,tie,86aedade0baf11ebab90acde48001122,Who is Archduke Charles Joseph Of Austria (1745–1761)'s father?,inference,rescuable,2,0.0
2.0,2wiki,0.0,2.0,tie,86e8e3720bb011ebab90acde48001122,Who is the paternal grandfather of Princess Feodora Of Hohenlohe-Langenburg?,inference,rescuable,2,0.0
2.0,2wiki,0.0,1.0,tie,86f1ef300bb011ebab90acde48001122,"Who is John Charles Moore Grant, 9Th Baron De Longueuil's paternal grandfather?",inference,already_solved,2,0.0
2.0,2wiki,0.0,1.0,tie,8762e83a0baf11ebab90acde48001122,Who is the paternal grandfather of Kerry Earnhardt?,inference,already_solved,2,0.0
2.0,2wiki,0.0,2.0,tie,87b30d140bb011ebab90acde48001122,"Who is Infante Alfonso, Duke Of Calabria's paternal grandfather?",inference,rescuable,2,0.0
2.0,2wiki,0.0,2.0,tie,8820c510086411ebbd5eac1f6bf848b6,"Which film has the director died first, Raiders Of Red Gap or A Day Of Fury?",bridge_comparison,rescuable,4,0.0
2.0,2wiki,0.0,2.0,tie,8836b2260bd911eba7f7acde48001122,What nationality is Namahana PiʻIa's husband?,compositional,rescuable,2,0.0
1.0,2wiki,1.0,0.0,win,887d949e0bb011ebab90acde48001122,Who is Anne Marie Thérèse De Lorraine's aunt?,inference,rescuable,2,0.5
1.0,2wiki,1.0,0.0,win,88c8cfc80bdc11eba7f7acde48001122,Where was the performer of song 11 Pm (Song) born?,compositional,rescuable,2,0.5
2.0,2wiki,0.0,2.0,tie,88e19d9c085c11ebbd5cac1f6bf848b6,"Which film has the director who died first, The Squaw Man'S Son or Till We Meet Again (1936 Film)?",bridge_comparison,rescuable,4,0.0
2.0,2wiki,0.0,2.0,tie,89024aba08a411ebbd7dac1f6bf848b6,Do both films The African Queen (Film) and The Gambler (1958 Film) have the directors from the same country?,bridge_comparison,rescuable,4,0.0
1.0,2wiki,0.0,1.0,tie,895802780bb011ebab90acde48001122,"Who is the paternal grandfather of William Iv, Count Of Ponthieu?",inference,already_solved,2,0.0
2.0,2wiki,0.0,2.0,tie,896080880bb011ebab90acde48001122,"Who is George Rice, 3Rd Baron Dynevor's maternal grandfather?",inference,already_solved,2,0.0
0.0,2wiki,0.0,0.0,tie,8970f8960bb011ebab90acde48001122,Who is Adela Of Pfalzel's father?,inference,rescuable,2,0.0
2.0,2wiki,1.0,1.0,win,899f2e000bb011ebab90acde48001122,Who is the maternal grandfather of Yolanda Of Vianden?,inference,rescuable,2,0.5
2.0,2wiki,0.0,1.0,tie,89a3abec0bb011ebab90acde48001122,Who is the paternal grandfather of Acfred I Of Carcassonne?,inference,already_solved,2,0.0
2.0,2wiki,0.0,1.0,win,89b5a024089811ebbd77ac1f6bf848b6,Do director of film The Charming Young Lady (Film) and director of film Give And Take (Film) share the same nationality?,bridge_comparison,rescuable,4,0.25
2.0,2wiki,0.0,2.0,tie,8a04d7ec0bdc11eba7f7acde48001122,"Where was the place of death of Gregory Cromwell, 1St Baron Cromwell's father?",compositional,unreachable,2,0.0
1.0,2wiki,0.0,0.0,win,8a23603008a911ebbd80ac1f6bf848b6,"Which film has the director who was born later, Atheetham or Otec Neznámý Aneb Cesta Do Hlubin Duše Výstrojního Náčelníka?",bridge_comparison,rescuable,4,0.25
2.0,2wiki,1.0,1.0,win,8a6ab1d80bdd11eba7f7acde48001122,What is the place of birth of the director of film Side Sho?,compositional,rescuable,2,0.5
2.0,2wiki,1.0,1.0,win,8b47b5aa0bd911eba7f7acde48001122,Where did the director of film Maggie Pepper die?,compositional,rescuable,2,0.5
2.0,2wiki,0.0,1.0,tie,8b590cea087011ebbd63ac1f6bf848b6,"Which film has the director who is older, Road To Singapore or Melodies Of Vera Quarter?",bridge_comparison,rescuable,4,0.0
2.0,2wiki,0.0,1.0,tie,8b9c6bba084911ebbd55ac1f6bf848b6,"Which film has the director who is older, En El Nombre Del Hijo or North Of Nevada?",bridge_comparison,rescuable,4,0.0
0.0,2wiki,0.0,0.0,tie,8ba63ce8098f11ebbdb0ac1f6bf848b6,"Are both villages, Mavrolithari and Ampelakia, Evros, located in the same country?",comparison,already_solved,2,0.0
0.0,2wiki,0.0,0.0,tie,8c1162a5086111ebbd5dac1f6bf848b6,"Who was born later, Alexander Rocke Robertson or Damian Raczkowski?",comparison,already_solved,2,0.0
2.0,2wiki,0.0,1.0,tie,8c3b98ec0bb011ebab90acde48001122,Who is the paternal grandfather of Otto Of Limburg?,inference,already_solved,2,0.0
2.0,2wiki,1.0,1.0,win,8c3c6d9e0bb011ebab90acde48001122,Who is the maternal grandmother of Princess Catherine Of Württemberg?,inference,rescuable,2,0.5
2.0,2wiki,0.0,1.0,win,8c6ba65608e511ebbda4ac1f6bf848b6,"Which film has the director born later, Brutti Di Notte or Bir Türk'E Gönül Verdim?",bridge_comparison,rescuable,4,0.25
1.0,2wiki,1.0,0.0,win,8c7fffe40bda11eba7f7acde48001122,Where was the father of Belgutei born?,compositional,rescuable,2,0.5
2.0,2wiki,0.0,1.0,tie,8ccbfd8e0baf11ebab90acde48001122,Who is the paternal grandfather of Igwe Iwuchukwu Ezeifekaibeya?,inference,already_solved,2,0.0
2.0,2wiki,0.0,2.0,tie,8d00bdcb08e511ebbda4ac1f6bf848b6,"Which film was released earlier, Danger Within or Premalekha?",comparison,already_solved,2,0.0
2.0,2wiki,0.0,2.0,tie,8d344f2e0bdc11eba7f7acde48001122,Where does Olaf Iii Of Norway's father work at?,compositional,rescuable,2,0.0
2.0,2wiki,1.0,1.0,win,8d71ea480bda11eba7f7acde48001122,Who is the mother of the director of film Bad Company (1995 Film)?,compositional,rescuable,2,0.5
2.0,2wiki,0.0,2.0,tie,8dc138ae08e311ebbda4ac1f6bf848b6,"Which film has the director who was born first, In A Year Of 13 Moons or If I Had To Do It All Over Again?",bridge_comparison,rescuable,4,0.0
0.0,2wiki,0.0,0.0,tie,8dc5682e086711ebbd5eac1f6bf848b6,"Are the bands Eleventh Dream Day and The Los Dos Bros, from the same country?",comparison,already_solved,2,0.0
2.0,2wiki,0.0,2.0,tie,8dcab52d092f11ebbdaeac1f6bf848b6,Are Les Misérables (1917 Film) and The Better 'Ole (1926 Film) both from the same country?,comparison,already_solved,2,0.0
1.0,2wiki,0.0,1.0,tie,8de50a7a092311ebbdaeac1f6bf848b6,"Which film was released first, Prisioneros De Una Noche or The Wandering Swordsman?",comparison,already_solved,2,0.0
0.0,2wiki,0.0,0.0,tie,8deac61208eb11ebbda7ac1f6bf848b6,Are Jim Kennedy (Manager) and Sharon Erickson Ropes both from the same country?,comparison,already_solved,2,0.0
0.0,2wiki,0.0,0.0,tie,8e4e644d085a11ebbd5cac1f6bf848b6,"Who lived longer, Cornelis Gijsbert Gerrit Jan Van Steenis or Tarsem King, Baron King Of West Bromwich?",comparison,already_solved,2,0.0
0.0,2wiki,0.0,0.0,tie,8e7dfe8e0baf11ebab90acde48001122,Who is the father of Elena Asenina Of Bulgaria?,inference,already_solved,2,0.0
2.0,2wiki,1.0,1.0,win,8ebd30080bb011ebab90acde48001122,"Who is the paternal grandmother of Sir William À Court, 1St Baronet?",inference,rescuable,2,0.5
2.0,2wiki,0.0,2.0,tie,8f038cdb096011ebbdafac1f6bf848b6,"Which film came out earlier, Aram + Aram = Kinnaram or Thayagam?",comparison,already_solved,2,0.0
2.0,2wiki,1.0,1.0,win,8fd6a5000bb011ebab90acde48001122,Who is the paternal grandfather of Agnes Of Meissen?,inference,rescuable,2,0.5
2.0,2wiki,0.0,2.0,tie,8ff37eb308e711ebbda6ac1f6bf848b6,"Which film has the director born later, Woman In The Moon or Changeland?",bridge_comparison,rescuable,4,0.0
1.0,2wiki,1.0,0.0,win,9028ba520bdd11eba7f7acde48001122,Which country the performer of song 3Am (Pull Up) is from?,compositional,rescuable,2,0.5
0.0,2wiki,0.0,0.0,tie,9042c21c0bdd11eba7f7acde48001122,"When did Philip Iii, Marquis Of Namur's father die?",compositional,rescuable,2,0.0
2.0,2wiki,0.0,2.0,tie,9078fcca0baf11ebab90acde48001122,Who is the paternal grandmother of Beatrice Of England?,inference,rescuable,2,0.0
0.0,2wiki,0.0,0.0,tie,911afad908d111ebbd95ac1f6bf848b6,Are both Bernard J. Ganter and Ronnie Eldridge from the same country?,comparison,already_solved,2,0.0
1.0,2wiki,0.0,0.0,tie,922a629c0bb011ebab90acde48001122,Who is the maternal grandfather of Anne Marie Thérèse De Lorraine?,inference,already_solved,2,0.0
1.0,2wiki,0.0,1.0,tie,922b20060bb011ebab90acde48001122,Who is the father-in-law of Iynefer Ii?,inference,already_solved,2,0.0
2.0,2wiki,1.0,1.0,win,922fa9140bb011ebab90acde48001122,Who is Marian Danysz's paternal grandfather?,inference,rescuable,2,0.5
2.0,2wiki,1.0,1.0,win,922ffff40bb011ebab90acde48001122,"Who is Philip, Prince Of Anhalt-Köthen's paternal grandfather?",inference,rescuable,2,0.5
2.0,2wiki,0.0,1.0,tie,9231021e0bb011ebab90acde48001122,"Who is Elizabeth Stuart, Countess Of Lennox's mother-in-law?",inference,already_solved,2,0.0
2.0,2wiki,1.0,1.0,win,9231537c0bb011ebab90acde48001122,Who is the paternal grandfather of Christopher Of Werle?,inference,rescuable,2,0.5
1.0,2wiki,0.0,1.0,tie,923b15ba0bb011ebab90acde48001122,Who is the paternal grandfather of Araripe Júnior?,inference,already_solved,2,0.0
2.0,2wiki,0.0,2.0,tie,92f031d708c511ebbd8eac1f6bf848b6,"Which film has the director died later, La Casa Stregata or My Four Years In Germany?",bridge_comparison,rescuable,4,0.0
1.0,2wiki,0.0,1.0,tie,93acf0b9088511ebbd6dac1f6bf848b6,"Who was born first, Jörn Lenz or Alejandro Romualdo?",comparison,already_solved,2,0.0
2.0,2wiki,0.0,1.0,win,93bf8b0e088c11ebbd6fac1f6bf848b6,Do director of film Njaan and director of film Oorummadi Brathukulu share the same nationality?,bridge_comparison,rescuable,4,0.25
1.0,2wiki,1.0,0.0,win,94a6c8d20bdb11eba7f7acde48001122,Which country the director of film Last Knights is from?,compositional,rescuable,2,0.5
0.0,2wiki,0.0,0.0,tie,950bd11a090f11ebbdadac1f6bf848b6,"Which album was released earlier, No Talking, Just Head or Product Perfect?",comparison,already_solved,2,0.0
0.0,2wiki,0.0,0.0,tie,95d5a67208b311ebbd86ac1f6bf848b6,Are both Alto International School and Wharton Dual Language Academy located in the same country?,comparison,already_solved,2,0.0
2.0,2wiki,0.0,2.0,tie,95e9339a095011ebbdaeac1f6bf848b6,"Which film was released more recently, Hit Of The Show or The Incredibly Strange Creatures Who Stopped Living And Became Mixed-Up Zombies?",comparison,already_solved,2,0.0
2.0,2wiki,0.0,2.0,loss,962889100baf11ebab90acde48001122,Who is Wang Xijie's father-in-law?,inference,anchor_failure,2,-0.5
2.0,2wiki,1.0,1.0,win,96e142e40bdb11eba7f7acde48001122,Where was the director of film Bangarada Mane born?,compositional,rescuable,2,0.5
0.0,2wiki,0.0,0.0,tie,9704513d099f11ebbdb0ac1f6bf848b6,"Which song was released earlier, Come And See Me or Hanging On To Nothing?",comparison,already_solved,2,0.0
2.0,2wiki,0.0,1.0,tie,978cefcb087711ebbd67ac1f6bf848b6,Are both directors of films At War In The Diamond Fields and 3 Godfathers (1948 Film) from the same country?,bridge_comparison,rescuable,4,0.0
1.0,2wiki,0.0,1.0,tie,97d4622f089f11ebbd78ac1f6bf848b6,Was Gerli Padar or Jiří Trvaj born first?,comparison,already_solved,2,0.0
2.0,2wiki,0.0,1.0,tie,981f1da9087111ebbd63ac1f6bf848b6,"Who lived longer, Amos Tuck or Hans Döbrich?",comparison,already_solved,2,0.0
0.0,2wiki,0.0,0.0,tie,98530a5308db11ebbd9cac1f6bf848b6,"Which film has the director born later, Uncharted Seas or Identity Thief?",bridge_comparison,rescuable,4,0.0
2.0,2wiki,1.0,1.0,win,9884af040baf11ebab90acde48001122,Who is the paternal grandfather of Odon Of Poznań?,inference,rescuable,2,0.5
2.0,2wiki,0.0,1.0,win,98ab6cfe08c411ebbd8eac1f6bf848b6,"Which film has the director who is older, Prem Parbat or L'Affaire Maurizius?",bridge_comparison,rescuable,4,0.25
1.0,2wiki,1.0,0.0,win,98b28b640bdb11eba7f7acde48001122,What is the place of birth of the director of film Seven Women (1944 Film)?,compositional,rescuable,2,0.5
2.0,2wiki,1.0,1.0,win,9900c8200bda11eba7f7acde48001122,"Where did the director of film Baree, Son Of Kazan (1918 Film) die?",compositional,rescuable,2,0.5
2.0,2wiki,1.0,1.0,win,990b1ed00bdd11eba7f7acde48001122,Who is the spouse of the performer of song Les Rois Du Monde?,compositional,rescuable,2,0.5
2.0,2wiki,0.0,1.0,win,99862736086511ebbd5eac1f6bf848b6,"Which film has the director born earlier, Street Of No Return or Stage Door?",bridge_comparison,rescuable,4,0.25
1.0,2wiki,0.0,1.0,tie,99cf9bb2085a11ebbd5cac1f6bf848b6,"Who lived longer, Friedrich Gogarten or Giangiacomo Feltrinelli?",comparison,already_solved,2,0.0
2.0,2wiki,1.0,1.0,win,99f883fc0bdb11eba7f7acde48001122,What nationality is the director of film Batman Xxx: A Porn Parody?,compositional,rescuable,2,0.5
0.0,2wiki,0.0,0.0,tie,9ae66af208fb11ebbdacac1f6bf848b6,Was Kanwar Saheb or Dr. Alban born first?,comparison,already_solved,2,0.0
0.0,2wiki,0.0,0.0,tie,9b501233087b11ebbd68ac1f6bf848b6,"Who was born later, Willie Hastie or Tae In-Ho?",comparison,already_solved,2,0.0
2.0,2wiki,0.0,2.0,tie,9b5af6700baf11ebab90acde48001122,"Who is the father of William Ii, Duke Of Bavaria?",inference,rescuable,2,0.0
1.0,2wiki,0.0,1.0,tie,9b9e6cc40bdd11eba7f7acde48001122,Where did the founder of Versus (Versace) die?,compositional,already_solved,2,0.0
2.0,2wiki,1.0,1.0,win,9baa8eb00bdc11eba7f7acde48001122,Where was the place of death of the director of film Girl Loves Boy?,compositional,rescuable,2,0.5
0.0,2wiki,0.0,0.0,tie,9bf83bb2085011ebbd57ac1f6bf848b6,"Which film was released more recently, Straight A'S or The Violent Years?",comparison,already_solved,2,0.0
2.0,2wiki,0.0,2.0,tie,9c082fdc088211ebbd6dac1f6bf848b6,Are the directors of both films Won In The Clouds and I Died A Thousand Times from the same country?,bridge_comparison,rescuable,4,0.0
2.0,2wiki,0.0,2.0,tie,9c349f6a0bdc11eba7f7acde48001122,Who is the spouse of the director of film Kiss Kiss...Bang Bang?,compositional,unreachable,2,0.0
2.0,2wiki,0.0,2.0,tie,9c4a7a4f090c11ebbdadac1f6bf848b6,"Are the movies The Statement (Film) and A Self Made Hero, from the same country?",comparison,already_solved,2,0.0
2.0,2wiki,0.0,1.0,tie,9cb0d3480bda11eba7f7acde48001122,What is the date of death of Æthelric Son Of Æthelmund's father?,compositional,already_solved,2,0.0
0.0,2wiki,0.0,0.0,tie,9cf255e3088911ebbd6eac1f6bf848b6,Are Flora Lake and Rostoul Lake located in the same country?,comparison,already_solved,2,0.0
2.0,2wiki,0.0,2.0,tie,9d3cb40b089011ebbd72ac1f6bf848b6,"Which film came out first, Come Rain Or Shine or The Harrad Experiment?",comparison,already_solved,2,0.0
2.0,2wiki,0.0,2.0,tie,9d58b21e0bdc11eba7f7acde48001122,Where was the director of film A Daughter Of The Poor born?,compositional,rescuable,2,0.0
1.0,2wiki,0.0,1.0,tie,9d5ec862097b11ebbdb0ac1f6bf848b6,Are both Kafrahlat Jallad and Qatma located in the same country?,comparison,already_solved,2,0.0
2.0,2wiki,1.0,1.0,win,9de82c500bdc11eba7f7acde48001122,Where was the director of film Jailbreak In Hamburg born?,compositional,rescuable,2,0.5
2.0,2wiki,-1.0,2.0,loss,9e0009f60baf11ebab90acde48001122,Who is the maternal grandmother of Mithridates Ii Of Commagene?,inference,already_solved,2,-0.5
2.0,2wiki,1.0,1.0,win,9ec413000baf11ebab90acde48001122,Who is the maternal grandfather of Irmgard Of Chiemsee?,inference,rescuable,2,0.5
1.0,2wiki,0.0,1.0,tie,9ec9e3200baf11ebab90acde48001122,Who is the paternal grandfather of Shahrbanu?,inference,rescuable,2,0.0
2.0,2wiki,1.0,1.0,win,9f1384220bdb11eba7f7acde48001122,Why did the director of film The Knife (1961 Film) die?,compositional,rescuable,2,0.5
2.0,2wiki,0.0,1.0,tie,9f42c2680baf11ebab90acde48001122,Who is the mother-in-law of Ramiro Sánchez?,inference,already_solved,2,0.0
2.0,2wiki,0.0,2.0,tie,9fdda48c088911ebbd6eac1f6bf848b6,"Which film has the director who died later, To Sir, With Love or Pesadilla Para Un Rico?",bridge_comparison,rescuable,4,0.0
2.0,2wiki,0.0,1.0,win,a0a37ebf085211ebbd58ac1f6bf848b6,"Which film has the director born later, L'Immortelle or The Fourth Companion?",bridge_comparison,rescuable,4,0.25
2.0,2wiki,0.0,2.0,tie,a0a792ae08d111ebbd95ac1f6bf848b6,"Which film came out first, Una Prostituta Al Servizio Del Pubblico E In Regola Con Le Leggi Dello Stato or The Bag Man?",comparison,already_solved,2,0.0
2.0,2wiki,0.0,2.0,tie,a0ae8e340baf11ebab90acde48001122,Who is the paternal grandmother of Ahmose-Nebetta?,inference,rescuable,2,0.0
0.0,2wiki,0.0,0.0,tie,a187f3a208f011ebbda8ac1f6bf848b6,Was Slavko Wolf or Nia Misikea born first?,comparison,already_solved,2,0.0
2.0,2wiki,0.0,2.0,tie,a197a90e086011ebbd5dac1f6bf848b6,"Which film has the director who was born later, Eradu Rekhegalu or The Gentleman From Nowhere?",bridge_comparison,rescuable,4,0.0
2.0,2wiki,1.0,1.0,win,a26bb3420bdb11eba7f7acde48001122,What is the place of birth of the founder of Meteomedia Ag?,compositional,rescuable,2,0.5
2.0,2wiki,0.0,2.0,tie,a2d3f112097311ebbdb0ac1f6bf848b6,"Which film was released first, Kill Command or The Romanovs: An Imperial Family?",comparison,already_solved,2,0.0
2.0,2wiki,0.0,1.0,win,a2d4e322087e11ebbd6bac1f6bf848b6,Do both films The Animal Project and 1987 (Film) have the directors from the same country?,bridge_comparison,rescuable,4,0.25
2.0,2wiki,0.0,1.0,tie,a361e9420bdb11eba7f7acde48001122,What is the date of birth of Sheikh Jamal's mother?,compositional,already_solved,2,0.0
2.0,2wiki,1.0,1.0,win,a37ece260baf11ebab90acde48001122,Who is Konrad Iii The Old's paternal grandfather?,inference,rescuable,2,0.5
1.0,2wiki,0.0,1.0,tie,a380ab7c08b911ebbd88ac1f6bf848b6,"Which film came out first, Festival In Cannes or Petria'S Wreath?",comparison,already_solved,2,0.0
2.0,2wiki,0.0,2.0,tie,a399ae6608e011ebbda2ac1f6bf848b6,"Are the movies Blood: The Last Vampire (2009 Film) and Jamesy Boy, from the same country?",comparison,already_solved,2,0.0
2.0,2wiki,0.0,1.0,win,a3c4c000087811ebbd67ac1f6bf848b6,"Which film has the director who is older than the other, My Old Duchess or Crainquebille? ",bridge_comparison,rescuable,4,0.25
2.0,2wiki,1.0,1.0,win,a3cd75960bda11eba7f7acde48001122,What is the place of birth of the performer of song All Things Go?,compositional,rescuable,2,0.5
2.0,2wiki,0.0,2.0,tie,a4138ac3087911ebbd67ac1f6bf848b6,"Which film has the director born earlier, Losin' It or Trouble With Jolanthe?",bridge_comparison,rescuable,4,0.0
2.0,2wiki,0.0,2.0,tie,a4c46e840bdd11eba7f7acde48001122,Where was the place of burial of Thomas Mason (1770–1800)'s father?,compositional,rescuable,2,0.0
0.0,2wiki,0.0,0.0,tie,a50f86fd08aa11ebbd80ac1f6bf848b6,"Who died first, Albertus Seba or Ali Dinar?",comparison,already_solved,2,0.0
2.0,2wiki,1.0,1.0,win,a56254760bda11eba7f7acde48001122,Where was the wife of Alfred L. Copley born?,compositional,rescuable,2,0.5
2.0,2wiki,0.0,2.0,tie,a57e2478089511ebbd75ac1f6bf848b6,"Which film has the director who died earlier, Whiffs or Bada Kabutar?",bridge_comparison,rescuable,4,0.0
2.0,2wiki,0.0,2.0,tie,a5f0b646088b11ebbd6fac1f6bf848b6,"Which film has the director died earlier, Youngblood Hawke (Film) or Crook'S Tour?",bridge_comparison,rescuable,4,0.0
2.0,2wiki,0.0,1.0,win,a60dbb0a08e111ebbda3ac1f6bf848b6,"Which film has the director died later, Steppin' In Society or Why I Would Not Marry??",bridge_comparison,rescuable,4,0.25
0.0,2wiki,0.0,0.0,tie,a6616d33085411ebbd59ac1f6bf848b6,Were Pikahsso and Alex Debrincat from the same country?,comparison,already_solved,2,0.0
2.0,2wiki,1.0,1.0,win,a6bb56bc0bdd11eba7f7acde48001122,Where did Marguerite Norris's father die?,compositional,rescuable,2,0.5
1.0,2wiki,0.0,1.0,tie,a6d5d65608f711ebbdaaac1f6bf848b6,Are both Gerhard Rodax and Gisburg from the same country?,comparison,already_solved,2,0.0
2.0,2wiki,1.0,1.0,win,a702db460baf11ebab90acde48001122,Who is Konstantine Bagration Of Mukhrani (1889–1915)'s mother-in-law?,inference,rescuable,2,0.5
1.0,2wiki,1.0,0.0,win,a738633e0bdb11eba7f7acde48001122,Which country the performer of song Den Lilla Fågeln is from?,compositional,rescuable,2,0.5
2.0,2wiki,1.0,1.0,win,a75801860bda11eba7f7acde48001122,Who is the child of the director of film Struggle For Eagle Peak?,compositional,rescuable,2,0.5
2.0,2wiki,0.0,2.0,tie,a7632b4c086a11ebbd5fac1f6bf848b6,"Do both films, The Claw (1927 Film) and Ticker (2001 Film), have the directors who are from the same country?",bridge_comparison,rescuable,4,0.0
2.0,2wiki,-1.0,2.0,loss,a7f5782a0bdb11eba7f7acde48001122,Where did the founder of Ford Australia die?,compositional,already_solved,2,-0.5
0.0,2wiki,0.0,0.0,tie,a813d16b094911ebbdaeac1f6bf848b6,"Which film came out earlier, Le Coeur À L'Ouvrage or The Law And The Woman?",comparison,already_solved,2,0.0
2.0,2wiki,0.0,2.0,tie,a816c326089411ebbd75ac1f6bf848b6,Are Six Dance Lessons In Six Weeks (Film) and Article 99 both from the same country?,comparison,already_solved,2,0.0
2.0,2wiki,0.0,1.0,win,a87f4858086511ebbd5eac1f6bf848b6,"Which film has the director born later, The Girl In Possession or Así En El Cielo Como En La Tierra?",bridge_comparison,rescuable,4,0.25
2.0,2wiki,0.0,2.0,tie,a8934f0c0bd911eba7f7acde48001122,Where did Halime Hatun's husband die?,compositional,rescuable,2,0.0
2.0,2wiki,0.0,1.0,tie,a89f2d8c0bdd11eba7f7acde48001122,"What is the date of death of Raoul I Of Brienne, Count Of Eu's father?",compositional,already_solved,2,0.0
1.0,2wiki,0.0,1.0,tie,a8a1eb260bdd11eba7f7acde48001122,Where was the father of Timothy Shriver born?,compositional,already_solved,2,0.0
2.0,2wiki,1.0,1.0,win,a9277caa0bdd11eba7f7acde48001122,What nationality is Lord Frederick Cavendish-Bentinck's father?,compositional,rescuable,2,0.5
2.0,2wiki,0.0,1.0,tie,a9411340084a11ebbd56ac1f6bf848b6,"Which film has the director who was born first, Hop (Film) or You'Ll Never Get Rich?",bridge_comparison,rescuable,4,0.0
2.0,2wiki,0.0,1.0,win,a9459e98086211ebbd5dac1f6bf848b6,Are director of film What Did You Expect? (Film) and director of film The Naked Island both from the same country?,bridge_comparison,rescuable,4,0.25
2.0,2wiki,0.0,2.0,tie,a9cc5f240bdb11eba7f7acde48001122,Who is the spouse of the director of film Eden And After?,compositional,rescuable,2,0.0
2.0,2wiki,0.0,2.0,tie,aa73a9fb08b611ebbd88ac1f6bf848b6,"Which film has the director who died later, Airport 1975 or The Mad Doctor Of Blood Island?",bridge_comparison,rescuable,4,0.0
1.0,2wiki,1.0,0.0,win,aa9d6da20baf11ebab90acde48001122,Who is the sibling-in-law of Favila Of Asturias?,inference,rescuable,2,0.5
2.0,2wiki,0.0,2.0,tie,aaa9af320bdb11eba7f7acde48001122,What is the date of birth of the editor of magazine The Texas Ranger (Magazine)?,compositional,rescuable,2,0.0
2.0,2wiki,0.0,2.0,tie,aaaeeb220baf11ebab90acde48001122,"Who is Catherine I, Latin Empress's father-in-law?",inference,rescuable,2,0.0
2.0,2wiki,1.0,1.0,win,aaaf85840bda11eba7f7acde48001122,Where was the director of film Doctor Krishna born?,compositional,rescuable,2,0.5
2.0,2wiki,0.0,1.0,tie,aac82ae20baf11ebab90acde48001122,Who is Şah Sultan (Daughter Of Mustafa Iii)'s paternal grandfather?,inference,already_solved,2,0.0
2.0,2wiki,0.0,2.0,tie,aafde296089d11ebbd78ac1f6bf848b6,Do both directors of films Villa Amalia (Film) and Félicité (2017 Film) have the same nationality?,bridge_comparison,rescuable,4,0.0
2.0,2wiki,0.0,1.0,win,ab1c879208e211ebbda4ac1f6bf848b6,Do both directors of films Miami Rhapsody and Easy Money (1983 Film) share the same nationality?,bridge_comparison,rescuable,4,0.25
0.0,2wiki,0.0,0.0,tie,abab8b2408f111ebbda9ac1f6bf848b6,Are Frederick Joseph Kinsman and Cassius Gaius Foster of the same nationality?,comparison,already_solved,2,0.0
2.0,2wiki,0.0,2.0,tie,ac104d240bd911eba7f7acde48001122,"Where did Edward Seymour, Lord Beauchamp's mother die?",compositional,rescuable,2,0.0
2.0,2wiki,1.0,1.0,win,ac2e1b900bdb11eba7f7acde48001122,Which country the director of film America The Beautiful (2007 Film) is from?,compositional,rescuable,2,0.5
2.0,2wiki,0.0,2.0,tie,acb68e0e089211ebbd73ac1f6bf848b6,"Which film has the director born later, Tribute To A Bad Man or Where The Trail Divides?",bridge_comparison,rescuable,4,0.0
2.0,2wiki,0.0,0.0,tie,acb8c82a088f11ebbd72ac1f6bf848b6,"Which film has the director died later, Gharabaher or Escándalo De Estrellas?",bridge_comparison,rescuable,4,0.0
1.0,2wiki,0.0,0.0,win,acd46967085a11ebbd5cac1f6bf848b6,"Which film has the director who was born later, Bloody Moon or Hot Tamale?",bridge_comparison,rescuable,4,0.25
2.0,2wiki,0.0,2.0,tie,acd6da260bdd11eba7f7acde48001122,Where did the director of film This World Made Itself; Myth And Infrastructure; Dreaming Of Lucid Living graduate from?,compositional,already_solved,2,0.0
2.0,2wiki,0.0,2.0,tie,acfe24b7096511ebbdafac1f6bf848b6,Are La Parisienne (Film) and Paris Awakens from the same country?,comparison,already_solved,2,0.0
2.0,2wiki,0.0,2.0,tie,ad06f84c0bdc11eba7f7acde48001122,What is the place of birth of Caroline Kennedy's mother?,compositional,rescuable,2,0.0
1.0,2wiki,0.0,1.0,tie,ad4195740bdc11eba7f7acde48001122,Where was the husband of Octavie Coudreau born?,compositional,already_solved,2,0.0
2.0,2wiki,0.0,2.0,tie,ad68fdfc086811ebbd5eac1f6bf848b6,Are Murder In The Big House and The Nuthouse (Film) both from the same country?,comparison,already_solved,2,0.0
2.0,2wiki,1.0,1.0,win,ad95061a0bdb11eba7f7acde48001122,When did Emperor Houshao Of Han's father die?,compositional,rescuable,2,0.5
2.0,2wiki,0.0,1.0,win,ad9a2b6e085111ebbd58ac1f6bf848b6,"Which film has the director born first, Betrayal From The East or The Magnificent Beast?",bridge_comparison,rescuable,4,0.25
2.0,2wiki,0.0,2.0,tie,adde63860baf11ebab90acde48001122,Who is the maternal grandmother of Grand Duke Paul Alexandrovich Of Russia?,inference,rescuable,2,0.0
2.0,2wiki,0.0,2.0,tie,ae30933a088b11ebbd6fac1f6bf848b6,Do both films: The White Hen and Eye Of God (Film) have the directors from the same country?,bridge_comparison,rescuable,4,0.0
0.0,2wiki,0.0,0.0,tie,ae623ebe086111ebbd5dac1f6bf848b6,Was Prince Albert Hunt or Daniel Tauvry born first?,comparison,already_solved,2,0.0
2.0,2wiki,0.0,1.0,tie,ae66270e087a11ebbd67ac1f6bf848b6,"Which film has the director born earlier, La Bellezza Di Ippolita or Cuidado Con Las Colas?",bridge_comparison,rescuable,4,0.0
2.0,2wiki,1.0,1.0,win,ae95e8e40baf11ebab90acde48001122,Who is Nebmaatre (Prince)'s paternal grandmother?,inference,rescuable,2,0.5
2.0,2wiki,0.0,2.0,tie,aebab3640bdb11eba7f7acde48001122,Where was the place of death of the director of film It'S No Laughing Matter?,compositional,rescuable,2,0.0
0.0,2wiki,0.0,0.0,tie,af25f89b096011ebbdafac1f6bf848b6,"Which film was released first, Dear Brat or Eleven Pairs Of Boots?",comparison,already_solved,2,0.0
0.0,2wiki,0.0,0.0,tie,af276e7208c111ebbd8bac1f6bf848b6,"Are the directors of films Trouble On Wheels and Buffalo Bill And The Indians, Or Sitting Bull'S History Lesson both from the same country?",bridge_comparison,rescuable,4,0.0
2.0,2wiki,0.0,2.0,tie,b03727220bdb11eba7f7acde48001122,Where did Lewis Of Luxembourg's father die?,compositional,rescuable,2,0.0
2.0,2wiki,-1.0,2.0,loss,b06ca46d08cd11ebbd93ac1f6bf848b6,Are both Mill Run (South Branch Potomac River) and Kalgan River located in the same country?,comparison,already_solved,2,-0.5
2.0,2wiki,1.0,1.0,win,b0dd21c00bdd11eba7f7acde48001122,Where does Bernard Tschumi's father work at?,compositional,rescuable,2,0.5
2.0,2wiki,1.0,1.0,win,b1203e9a0bda11eba7f7acde48001122,Who is the spouse of the director of film Vaishnavee?,compositional,rescuable,2,0.5
1.0,2wiki,0.0,1.0,tie,b1d1edc6086911ebbd5eac1f6bf848b6,Do both films In This World and The Big Money (Film) have the directors that share the same nationality?,bridge_comparison,unreachable,4,0.0
2.0,2wiki,0.0,2.0,tie,b2b1e87c087011ebbd63ac1f6bf848b6,"Do the movies The Godfather Part Iii and The Life And Hard Times Of Guy Terrifico, originate from the same country?",comparison,already_solved,2,0.0
1.0,2wiki,1.0,0.0,win,b2db6b6c0bdd11eba7f7acde48001122,Where did the director of film Little Door Gods study?,compositional,rescuable,2,0.5
2.0,2wiki,0.0,2.0,tie,b2fd7d7e0bdd11eba7f7acde48001122,Which country the director of film My Blueberry Nights is from?,compositional,rescuable,2,0.0
0.0,2wiki,0.0,0.0,tie,b33f4d7b08aa11ebbd80ac1f6bf848b6,Was Jacques Forestier or Jean-Claude Decaux born first?,comparison,already_solved,2,0.0
2.0,2wiki,0.0,2.0,tie,b34f43d1087b11ebbd69ac1f6bf848b6,"Which film has the director who died later, Elle Boit Pas, Elle Fume Pas, Elle Drague Pas, Mais... Elle Cause ! or The Very Eye Of Night?",bridge_comparison,rescuable,4,0.0
0.0,2wiki,0.0,0.0,tie,b358b348084e11ebbd56ac1f6bf848b6,Are Frederick Elliott Brown and John Yule both from the same country?,comparison,already_solved,2,0.0
1.0,2wiki,0.0,1.0,tie,b3c149300baf11ebab90acde48001122,Who is the mother-in-law of Ankhesenpepi Iv?,inference,already_solved,2,0.0
1.0,2wiki,1.0,0.0,win,b3c4e7c40bdd11eba7f7acde48001122,Where was the director of film Meet Monica Velour born?,compositional,rescuable,2,0.5
0.0,2wiki,0.0,0.0,tie,b3c8ab75086411ebbd5eac1f6bf848b6,Are A Breach Of Silence and The Hutchens from the same country?,comparison,already_solved,2,0.0
2.0,2wiki,0.0,2.0,tie,b4399e48089511ebbd75ac1f6bf848b6,"Which film has the director who died first, The Piper'S Price or The Blonde From Singapore?",bridge_comparison,rescuable,4,0.0
1.0,2wiki,0.0,1.0,tie,b48109ab089e11ebbd78ac1f6bf848b6,"Are both museums, Halifax Historical Museum and William P. Didusch Center For Urologic History, located in the same country?",comparison,already_solved,2,0.0
0.0,2wiki,0.0,0.0,tie,b60a9798089211ebbd74ac1f6bf848b6,"Who died later, A. V. Aryan or Sadie Heath Cabaniss?",comparison,already_solved,2,0.0
2.0,2wiki,0.0,1.0,win,b60c16c108c111ebbd8bac1f6bf848b6,"Which film has the director who died first, Did A Good Man Die? or The Last Of The Knucklemen?",bridge_comparison,rescuable,4,0.25
2.0,2wiki,0.0,2.0,tie,b66d42be0bdd11eba7f7acde48001122,Where was the place of death of Neferneferure's mother?,compositional,anchor_failure,2,0.0
1.0,2wiki,1.0,0.0,win,b6990ebe0bdb11eba7f7acde48001122,What is the place of birth of the director of film The Party Animal?,compositional,rescuable,2,0.5
2.0,2wiki,0.0,1.0,win,b6e4474808a311ebbd7bac1f6bf848b6,"Which film has the director born later, Tell It To The Bees or House Of The Black Death?",bridge_comparison,rescuable,4,0.25
2.0,2wiki,1.0,1.0,win,b6fbcb4c0bdd11eba7f7acde48001122,Which country the director of film All I Wanna Do (2011 Film) is from?,compositional,rescuable,2,0.5
2.0,2wiki,1.0,1.0,win,b729a3c80bdd11eba7f7acde48001122,Where was the director of film The January Man born?,compositional,rescuable,2,0.5
2.0,2wiki,0.0,2.0,tie,b732a5e20bdb11eba7f7acde48001122,What nationality is the director of film Cuidado Con Las Imitaciones?,compositional,rescuable,2,0.0
2.0,2wiki,1.0,1.0,win,b7de2a860bd911eba7f7acde48001122,Who is the spouse of the director of film West Of Shanghai?,compositional,rescuable,2,0.5
2.0,2wiki,1.0,1.0,win,b7f5f7200bdd11eba7f7acde48001122,Which country the composer of film Thunder On The Hill is from?,compositional,rescuable,2,0.5
2.0,2wiki,0.0,2.0,tie,b81fbe620bdc11eba7f7acde48001122,Where was the director of film Highway Dragnet born?,compositional,rescuable,2,0.0
2.0,2wiki,0.0,1.0,tie,b8e03e4c0bd911eba7f7acde48001122,Which country Jessie Harlan Lincoln's father is from?,compositional,already_solved,2,0.0
2.0,2wiki,1.0,1.0,win,b902f2fa0bdb11eba7f7acde48001122,Where was the performer of song Wee Wee Hours born?,compositional,rescuable,2,0.5
2.0,2wiki,0.0,2.0,tie,b914b05c085811ebbd5bac1f6bf848b6,"Which film whose director is younger, Geethaanjali or Karwan-E-Hayat?",bridge_comparison,rescuable,4,0.0
0.0,2wiki,0.0,0.0,tie,b93a7da508d611ebbd99ac1f6bf848b6,"Who was born later, Wolfgang Vondey or Bubacarr Sanneh?",comparison,already_solved,2,0.0
2.0,2wiki,0.0,2.0,tie,b942cafc08c411ebbd8eac1f6bf848b6,"Which film has the director who was born later, Complete Unknown or Dr. Goldfoot And The Girl Bombs?",bridge_comparison,rescuable,4,0.0
1.0,2wiki,0.0,1.0,tie,b963389a092911ebbdaeac1f6bf848b6,"Which film has more directors, Freaked or Tesis Sobre Un Homicidio?",comparison,already_solved,2,0.0
1.0,2wiki,0.0,1.0,tie,b9c4f68a08f111ebbda9ac1f6bf848b6,"Who was born first, Branislav Kačina or Mehmet Ali Talat?",comparison,already_solved,2,0.0
2.0,2wiki,0.0,1.0,win,b9db30a8087911ebbd67ac1f6bf848b6,"Which film has the director who died first, Torment Of The Past or Shadow Of The Hawk?",bridge_comparison,rescuable,4,0.25
2.0,2wiki,1.0,1.0,win,ba8ffb9e0baf11ebab90acde48001122,Who is Carlos Bardem's maternal grandfather?,inference,rescuable,2,0.5
0.0,2wiki,0.0,0.0,tie,ba9e5b1e08e711ebbda6ac1f6bf848b6,Are Samantha Betts and Simon Devitt of the same nationality?,comparison,already_solved,2,0.0
2.0,2wiki,0.0,1.0,win,bade33cb08d211ebbd96ac1f6bf848b6,"Which film has the director died first, L'Arma or The Mill Of Good Luck?",bridge_comparison,rescuable,4,0.25
2.0,2wiki,0.0,2.0,tie,bb73c78a0bdb11eba7f7acde48001122,Where was the place of death of Imagina Of Isenburg-Limburg's husband?,compositional,rescuable,2,0.0
2.0,2wiki,0.0,2.0,tie,bb97d66208ba11ebbd88ac1f6bf848b6,"Which film has the director who died later, 45 Calibre Echo or Bons Baisers De Hong Kong?",bridge_comparison,rescuable,4,0.0
2.0,2wiki,0.0,2.0,tie,bbf9c2fc08c711ebbd91ac1f6bf848b6,"Which film has the director who is older than the other, Belle (2013 Film) or The Crown Of The Russian Empire, Or Once Again The Elusive Avengers? ",bridge_comparison,rescuable,4,0.0
2.0,2wiki,0.0,2.0,tie,bc5a9fef086c11ebbd61ac1f6bf848b6,"Who died later, Giovanni Dei Conti Di Segni or Sakari Simelius?",comparison,already_solved,2,0.0
2.0,2wiki,0.0,2.0,tie,bd036cfc088811ebbd6eac1f6bf848b6,Are The Romance Of Max and Venus (1929 Film) from the same country?,comparison,already_solved,2,0.0
2.0,2wiki,0.0,1.0,tie,bd3dc5f60baf11ebab90acde48001122,"Who is Henry Noel, 6Th Earl Of Gainsborough's paternal grandfather?",inference,already_solved,2,0.0
1.0,2wiki,1.0,0.0,win,bd80de220bdc11eba7f7acde48001122,Where was the director of film The Loving Women born?,compositional,rescuable,2,0.5
0.0,2wiki,0.0,0.0,tie,bd9ab21208fc11ebbdadac1f6bf848b6,"Which film was released first, Teen Maar or Ignacio De Loyola?",comparison,already_solved,2,0.0
0.0,2wiki,0.0,0.0,tie,bdc1a262089c11ebbd78ac1f6bf848b6,Were Don Leo Jonathan and Richard F. Kneip of the same nationality?,comparison,already_solved,2,0.0
2.0,2wiki,0.0,2.0,tie,bdfee2540baf11ebab90acde48001122,"Who is Alan, 1St Earl Of Richmond's paternal grandfather?",inference,rescuable,2,0.0
2.0,2wiki,1.0,1.0,win,be079fca0baf11ebab90acde48001122,Who is the paternal grandfather of Louis D'Albret?,inference,rescuable,2,0.5
2.0,2wiki,0.0,1.0,tie,be0a595e0baf11ebab90acde48001122,"Who is the father of Soběslav I, Duke Of Bohemia?",inference,already_solved,2,0.0
2.0,2wiki,0.0,1.0,win,be93a232088e11ebbd70ac1f6bf848b6,"Which film has the director born later, Nude On The Moon or Belphegor, Phantom Of The Louvre?",bridge_comparison,rescuable,4,0.25
1.0,2wiki,0.0,0.0,win,bef0f4db08e011ebbda2ac1f6bf848b6,"Which film has the director died first, Hell'S Hole or Ateşten Gömlek?",bridge_comparison,rescuable,4,0.25
2.0,2wiki,0.0,2.0,tie,bef95be60bda11eba7f7acde48001122,Where was the place of death of Salin Mibaya's husband?,compositional,rescuable,2,0.0
2.0,2wiki,0.0,2.0,loss,bf0c57ca0bdd11eba7f7acde48001122,Where did Andreyas's father die?,compositional,anchor_failure,2,-0.5
2.0,2wiki,0.0,1.0,tie,bf3fd3ba08cd11ebbd93ac1f6bf848b6,"Which film has the director born earlier, Farfallon or Man On The Tracks?",bridge_comparison,rescuable,4,0.0
2.0,2wiki,0.0,2.0,loss,bf5c81fa0bdd11eba7f7acde48001122,What nationality is Adur-Anahid's father?,compositional,anchor_failure,2,-0.5
2.0,2wiki,0.0,1.0,win,bf6e0302089611ebbd76ac1f6bf848b6,"Which film whose director is younger, Rocco And His Brothers or Au Plus Près Du Soleil?",bridge_comparison,rescuable,4,0.25
2.0,2wiki,0.0,1.0,tie,bfb17cf60baf11ebab90acde48001122,Who is Al-Nu'Man Vi Ibn Al-Mundhir's paternal grandfather?,inference,already_solved,2,0.0
2.0,2wiki,0.0,2.0,tie,c01a2fa8087111ebbd63ac1f6bf848b6,"Which film has the director who was born earlier, Adam'S Rib or Thendral Veesum?",bridge_comparison,rescuable,4,0.0
2.0,2wiki,0.0,1.0,tie,c049debe0bdd11eba7f7acde48001122,Where did Clifton R. Breckinridge's father die?,compositional,already_solved,2,0.0
2.0,2wiki,1.0,1.0,win,c05925fe0bdd11eba7f7acde48001122,What nationality is the director of film People Die For Metal?,compositional,rescuable,2,0.5
2.0,2wiki,0.0,1.0,tie,c091b7620baf11ebab90acde48001122,"Who is the mother-in-law of Louis, Count Of Évreux?",inference,already_solved,2,0.0
1.0,2wiki,0.0,0.0,win,c0a097b0088611ebbd6dac1f6bf848b6,"Which film has the director died first, Before Winter Comes or Borrowed Hero?",bridge_comparison,rescuable,4,0.25
0.0,2wiki,0.0,0.0,tie,c1327e9908be11ebbd8aac1f6bf848b6,"Who died later, Jean Grémillon or Ángel Recasens?",comparison,already_solved,2,0.0
2.0,2wiki,0.0,2.0,tie,c1b112a00baf11ebab90acde48001122,Who is Anund Jacob's paternal grandmother?,inference,rescuable,2,0.0
2.0,2wiki,0.0,1.0,tie,c1b4a0e60baf11ebab90acde48001122,Who is the maternal grandfather of Guigues Vii Of Viennois?,inference,already_solved,2,0.0
2.0,2wiki,0.0,1.0,win,c1bdec7a089c11ebbd78ac1f6bf848b6,"Which film has the director died earlier, Compromising Positions or A Revolutionary Family?",bridge_comparison,rescuable,4,0.25
2.0,2wiki,0.0,2.0,tie,c2085d70088111ebbd6dac1f6bf848b6,Do both directors of films The Family Honor (1917 Film) and I'M From The City share the same nationality?,bridge_comparison,unreachable,4,0.0
2.0,2wiki,0.0,2.0,tie,c218a802090711ebbdadac1f6bf848b6,"Which film was released more recently, Skateland or The Arsenal Stadium Mystery?",comparison,already_solved,2,0.0
2.0,2wiki,0.0,2.0,tie,c21fb3ab08a711ebbd7fac1f6bf848b6,"Which film has the director who died earlier, Guns And Guitars or To The Victor?",bridge_comparison,rescuable,4,0.0
2.0,2wiki,1.0,1.0,win,c22a48e40bd911eba7f7acde48001122,What is the place of birth of the director of film Arabian Love?,compositional,rescuable,2,0.5
2.0,2wiki,1.0,1.0,win,c2462a700baf11ebab90acde48001122,Who is Frederick Ix Of Denmark's father-in-law?,inference,rescuable,2,0.5
2.0,2wiki,0.0,2.0,tie,c2b303ae08c411ebbd8eac1f6bf848b6,"Which film whose director is younger, Lucky Cowboy or O.K. Connery?",bridge_comparison,rescuable,4,0.0
1.0,2wiki,0.0,1.0,tie,c2b3754008b611ebbd88ac1f6bf848b6,"Which film has the director who died first, Cinco Asesinos Esperan or A Romance Of Seville?",bridge_comparison,rescuable,4,0.0
2.0,2wiki,0.0,2.0,tie,c2d86f85094f11ebbdaeac1f6bf848b6,Are both Separado! and I Can'T Think Straight from the same country?,comparison,already_solved,2,0.0
2.0,2wiki,1.0,1.0,win,c30408c40baf11ebab90acde48001122,Who is the paternal grandmother of Alan Rufus?,inference,rescuable,2,0.5
2.0,2wiki,1.0,1.0,win,c37b86260bda11eba7f7acde48001122,What is the place of birth of the director of film Kiss The Sky (Film)?,compositional,rescuable,2,0.5
2.0,2wiki,0.0,2.0,tie,c3aa16f8089711ebbd77ac1f6bf848b6,"Which film whose director is younger, The Pinto Bandit or Normal Life?",bridge_comparison,rescuable,4,0.0
2.0,2wiki,0.0,1.0,win,c4854c61086e11ebbd62ac1f6bf848b6,Do both directors of films Cold Weather and The Phantom Buster have the same nationality?,bridge_comparison,rescuable,4,0.25
2.0,2wiki,1.0,1.0,win,c494b5c00bdd11eba7f7acde48001122,Where did the director of film Rok Sako To Rok Lo study?,compositional,rescuable,2,0.5
2.0,2wiki,1.0,1.0,win,c4edf1f40baf11ebab90acde48001122,"Who is Alexander, Son Of Herod's father?",inference,rescuable,2,0.5
2.0,2wiki,0.0,2.0,tie,c501397f094011ebbdaeac1f6bf848b6,Are The Manny and A Heart Returns Home both from the same country?,comparison,already_solved,2,0.0
2.0,2wiki,0.0,2.0,tie,c507cba60baf11ebab90acde48001122,Who is the paternal grandfather of Catharine Of Bourbon?,inference,rescuable,2,0.0
0.0,2wiki,0.0,0.0,tie,c50db07a0baf11ebab90acde48001122,Who is the father of Emperor Taizong Of Song?,inference,already_solved,2,0.0
2.0,2wiki,-1.0,2.0,loss,c51085b60baf11ebab90acde48001122,"Who is Thomas Howard, 3Rd Earl Of Effingham's paternal grandfather?",inference,already_solved,2,-0.5
2.0,2wiki,1.0,0.0,win,c5114ec8089011ebbd72ac1f6bf848b6,"Which film has the director who was born later, Know Thy Wife or Pardon My Backfire?",bridge_comparison,rescuable,4,0.5
0.0,2wiki,0.0,0.0,tie,c5222c5c0bdd11eba7f7acde48001122,Which country Irina Pozdnyakova's husband is from?,compositional,rescuable,2,0.0
2.0,2wiki,0.0,2.0,tie,c531e7560baf11ebab90acde48001122,Who is Marie Zéphyrine Of France's paternal grandmother?,inference,rescuable,2,0.0
0.0,2wiki,0.0,0.0,tie,c5c305b5084a11ebbd56ac1f6bf848b6,Are Kathryn Magnolia Johnson and Adam Walters from the same country?,comparison,already_solved,2,0.0
2.0,2wiki,0.0,2.0,tie,c5fc475c08b811ebbd88ac1f6bf848b6,"Which film has the director who was born later, Chronicle Of A Homicide or Death Goes North?",bridge_comparison,rescuable,4,0.0
2.0,2wiki,0.0,1.0,tie,c624a31e0bdd11eba7f7acde48001122,"When did Albert, Margrave Of Meissen (1934–2012)'s father die?",compositional,already_solved,2,0.0
2.0,2wiki,1.0,1.0,win,c67397d00bdd11eba7f7acde48001122,What is the date of death of Prince Michel Of Bourbon-Parma's mother?,compositional,rescuable,2,0.5
2.0,2wiki,0.0,1.0,win,c69a06ea089a11ebbd77ac1f6bf848b6,"Which film has the director who died earlier, The Plot To Assassinate Hitler or Les Amants Du Pont Saint-Jean?",bridge_comparison,rescuable,4,0.25
1.0,2wiki,0.0,1.0,tie,c6f06d000bdd11eba7f7acde48001122,What nationality is Phintys's father?,compositional,anchor_failure,2,0.0
2.0,2wiki,0.0,2.0,tie,c70a8cae08af11ebbd83ac1f6bf848b6,"Which film was released more recently, Thunderbolt And Lightfoot or Camera Buff?",comparison,already_solved,2,0.0
2.0,2wiki,0.0,2.0,tie,c7417f2208d811ebbd9cac1f6bf848b6,Did R. D. Call and Taryn Power share the same nationality?,comparison,already_solved,2,0.0
2.0,2wiki,1.0,1.0,win,c74304f20bdd11eba7f7acde48001122,What nationality is Andrew Balding's father?,compositional,rescuable,2,0.5
2.0,2wiki,0.0,1.0,tie,c767a888085a11ebbd5cac1f6bf848b6,"Which film has the director born first, Sympathy For Mr. Vengeance or Kamikaze 1989?",bridge_comparison,rescuable,4,0.0
2.0,2wiki,0.0,1.0,tie,c77037480baf11ebab90acde48001122,"Who is Archibald Acheson, 4Th Earl Of Gosford's paternal grandfather?",inference,already_solved,2,0.0
2.0,2wiki,0.0,2.0,tie,c787a5cc08a811ebbd7fac1f6bf848b6,"Which film has the director who died earlier, Cyclone Of The Saddle or Tenth Avenue Kid?",bridge_comparison,rescuable,4,0.0
0.0,2wiki,0.0,0.0,tie,c79a852708b111ebbd85ac1f6bf848b6,"Which school was opened first, Carlisle School or Triam Udom Suksa School?",comparison,already_solved,2,0.0
2.0,2wiki,0.0,2.0,tie,c7df66f908ea11ebbda7ac1f6bf848b6,"Who was born earlier, Ronald King Murray, Lord Murray or Ion Cojar?",comparison,already_solved,2,0.0
2.0,2wiki,0.0,2.0,tie,c891efc708f111ebbdaaac1f6bf848b6,"Which film has more directors, The Man With Icy Eyes or The Revenge Of Tarzan?",comparison,already_solved,2,0.0
2.0,2wiki,0.0,2.0,tie,c8c5f3ee0baf11ebab90acde48001122,Who is the maternal grandmother of Siemowit V Of Masovia?,inference,rescuable,2,0.0
2.0,2wiki,0.0,2.0,tie,c93ab4a108cf11ebbd95ac1f6bf848b6,Are Do Frade River and Vermelho River (Manuel Alves Grande River) located in the same country?,comparison,already_solved,2,0.0
2.0,2wiki,0.0,2.0,tie,c9ec00cf08cb11ebbd93ac1f6bf848b6,"Which film whose director is younger, De Dana Dan or The Last Movie?",bridge_comparison,rescuable,4,0.0
0.0,2wiki,0.0,0.0,tie,ca610b5208c711ebbd91ac1f6bf848b6,"Which film was released first, Following Sean or Crocodile Dundee In Los Angeles?",comparison,already_solved,2,0.0
0.0,2wiki,0.0,0.0,tie,ca66c10308f111ebbdaaac1f6bf848b6,Does Kristi Martel have the same nationality as Irina Levitina?,comparison,already_solved,2,0.0
2.0,2wiki,1.0,1.0,win,ca78ada20bdd11eba7f7acde48001122,Where was the place of death of the director of film Youth Of Chopin?,compositional,rescuable,2,0.5
0.0,2wiki,0.0,0.0,tie,ca7930c4088611ebbd6dac1f6bf848b6,"Who died first, Frederick Cleveland Morgan or Nathaniel Mclenaghan?",comparison,already_solved,2,0.0
2.0,2wiki,0.0,2.0,tie,caac37120bdd11eba7f7acde48001122,Where did Apache May Slaughter's father die?,compositional,rescuable,2,0.0
2.0,2wiki,0.0,2.0,tie,cab3205608d411ebbd98ac1f6bf848b6,"Which film came out earlier, Der Wixxer or The Butterfly Room?",comparison,already_solved,2,0.0
2.0,2wiki,0.0,2.0,tie,cac4e3ac096711ebbdafac1f6bf848b6,Are The Keeper Of The Bees (1935 Film) and God'S Ears both from the same country?,comparison,already_solved,2,0.0
2.0,2wiki,0.0,2.0,tie,cafca31a0bdc11eba7f7acde48001122,Where was the place of death of Henry Of Blois's father?,compositional,rescuable,2,0.0
2.0,2wiki,1.0,1.0,win,cb255ec20baf11ebab90acde48001122,Who is Isabel Of Barcelos's maternal grandmother?,inference,rescuable,2,0.5
2.0,2wiki,0.0,1.0,tie,cb61a4da08c211ebbd8cac1f6bf848b6,"Which film has the director who was born earlier, The Forbidden Quest or In The Mood For Love?",bridge_comparison,rescuable,4,0.0
0.0,2wiki,0.0,0.0,tie,cbf8ea2e085511ebbd59ac1f6bf848b6,"Who is older, Mickaël Castejon or Alejandro Scopelli?",comparison,already_solved,2,0.0
2.0,2wiki,0.0,2.0,tie,cc96bdc00bda11eba7f7acde48001122,Where was the place of burial of Prince Christian Of Hanover (1885–1901)'s mother?,compositional,rescuable,2,0.0
2.0,2wiki,0.0,2.0,tie,ccd5b3dc08e611ebbda5ac1f6bf848b6,"Which film has the director who was born first, Swayamkrushi or Reign Over Me?",bridge_comparison,rescuable,4,0.0
2.0,2wiki,0.0,2.0,tie,ccf4967c0bdd11eba7f7acde48001122,Which country the director of film Downloaded (Film) is from?,compositional,rescuable,2,0.0
2.0,2wiki,0.0,2.0,tie,cd05ac2e08bc11ebbd89ac1f6bf848b6,"Which film has the director who died first, I Often Think Of Piroschka or Angels With Broken Wings?",bridge_comparison,rescuable,4,0.0
1.0,2wiki,0.0,0.0,tie,cd956aa40bdb11eba7f7acde48001122,Who is the spouse of the performer of song It'S Yours (Tamia Song)?,compositional,already_solved,2,0.0
2.0,2wiki,0.0,2.0,tie,cdad0bcc0baf11ebab90acde48001122,Who is the paternal grandfather of Irina Paley?,inference,rescuable,2,0.0
2.0,2wiki,1.0,1.0,win,cdbceb820baf11ebab90acde48001122,Who is Piers Fitzthomas Butler's paternal grandfather?,inference,rescuable,2,0.5
1.0,2wiki,1.0,0.0,win,ce1c42b20baf11ebab90acde48001122,Who is Malin Berghagen's father?,inference,rescuable,2,0.5
1.0,2wiki,0.0,0.0,win,ce471ffd086011ebbd5dac1f6bf848b6,"Are director of film The Case Is Closed, Forget It and director of film Le Signorine Dello 04 from the same country?",bridge_comparison,rescuable,4,0.25
2.0,2wiki,0.0,2.0,tie,ce93c4a408cb11ebbd93ac1f6bf848b6,"Which film whose director is younger, Bhajantrilu or The Last Crooked Mile?",bridge_comparison,rescuable,4,0.0
2.0,2wiki,0.0,2.0,tie,ce9cda1608a111ebbd79ac1f6bf848b6,"Which film was released first, My Friend Pinto or Vindhyarani?",comparison,already_solved,2,0.0
2.0,2wiki,1.0,1.0,win,ceadeee60bdd11eba7f7acde48001122,What nationality is the director of film Una Luz En Mi Camino?,compositional,rescuable,2,0.5
0.0,2wiki,0.0,0.0,tie,cecbb3d008de11ebbd9fac1f6bf848b6,"Who was born later, Edward Alexander Newell Arber or Atieli Pakalani?",comparison,already_solved,2,0.0
2.0,2wiki,0.0,1.0,win,cf9a08f608c911ebbd92ac1f6bf848b6,"Which film has the director died earlier, No, No, Nanette (1930 Film) or What'S Your Husband Doing??",bridge_comparison,rescuable,4,0.25
2.0,2wiki,0.0,1.0,win,cfa85b2c085611ebbd59ac1f6bf848b6,"Which film has the director born later, A Nearly Decent Girl or Monte Carlo Or Bust!?",bridge_comparison,rescuable,4,0.25
2.0,2wiki,1.0,1.0,win,cfad35ae0bdd11eba7f7acde48001122,Where does Valerie Pitts's husband work at?,compositional,rescuable,2,0.5
2.0,2wiki,1.0,1.0,win,cfad61500bdd11eba7f7acde48001122,Where did the composer of film Bad Man'S River die?,compositional,rescuable,2,0.5
2.0,2wiki,0.0,2.0,tie,d0972df708e711ebbda6ac1f6bf848b6,Are North River (Cacapon River) and Siskiwit River both located in the same country?,comparison,already_solved,2,0.0
0.0,2wiki,0.0,0.0,tie,d13381ae08da11ebbd9cac1f6bf848b6,"Who was born later, Joseph J. Magliocco or Viktoriya Zeynep Güneş?",comparison,already_solved,2,0.0
2.0,2wiki,0.0,1.0,tie,d171a0600baf11ebab90acde48001122,Who is the paternal grandmother of John Tzelepes Komnenos?,inference,already_solved,2,0.0
2.0,2wiki,-1.0,2.0,loss,d19a4bb80bdd11eba7f7acde48001122,"Where did Hugh I, Duke Of Burgundy's father die?",compositional,already_solved,2,-0.5
1.0,2wiki,0.0,1.0,tie,d1fd885008b211ebbd85ac1f6bf848b6,"Who lived longer, Daniel Agnew or Amanda Ruter Dufour?",comparison,already_solved,2,0.0
0.0,2wiki,0.0,0.0,tie,d2781aee086611ebbd5eac1f6bf848b6,Are The Malfated and The Fabulous Thunderbirds both from the same country?,comparison,already_solved,2,0.0
2.0,2wiki,0.0,2.0,tie,d282955e0baf11ebab90acde48001122,Who is the mother-in-law of Maria Sophia Of Neuburg?,inference,rescuable,2,0.0
2.0,2wiki,0.0,2.0,tie,d323fb0208c011ebbd8aac1f6bf848b6,"Which film whose director is younger, Tall Man Riding or Şalvar Davası?",bridge_comparison,rescuable,4,0.0
2.0,2wiki,0.0,2.0,tie,d334be7c085911ebbd5bac1f6bf848b6,"Who lived longer, Ryu Mi-Yong or Thomas Johannes Lauritz Parr?",comparison,already_solved,2,0.0
1.0,2wiki,0.0,0.0,win,d3b69c1808c611ebbd91ac1f6bf848b6,Are both director of film Anna (2019 Film) and director of film The Road To Jenin from the same country?,bridge_comparison,rescuable,4,0.25
1.0,2wiki,0.0,1.0,tie,d3f31923087111ebbd63ac1f6bf848b6,"Who died later, Johann Joachim Bellermann or Helen Boughton-Leigh?",comparison,already_solved,2,0.0
0.0,2wiki,0.0,0.0,tie,d4052464087611ebbd67ac1f6bf848b6,"Which film came out earlier, Kaaka Muttai or En Sømand Går I Land?",comparison,already_solved,2,0.0
0.0,2wiki,0.0,0.0,tie,d43fc51008da11ebbd9cac1f6bf848b6,"Who was born later, Federico Martín Aramburú or Aleksey Tarakanov?",comparison,already_solved,2,0.0
2.0,2wiki,1.0,1.0,win,d4ae7b5e0bdc11eba7f7acde48001122,Where did Thep Kasattri's father die?,compositional,rescuable,2,0.5
2.0,2wiki,1.0,0.0,win,d4bd5cec08de11ebbd9fac1f6bf848b6,"Which film has the director who is older, Giubbe Rosse or Ivo The Genius?",bridge_comparison,rescuable,4,0.25
2.0,2wiki,1.0,1.0,win,d4e0f9880bd911eba7f7acde48001122,Who is the spouse of the director of film Flower Of Night?,compositional,rescuable,2,0.5
2.0,2wiki,0.0,2.0,tie,d4f59b2e0baf11ebab90acde48001122,Who is Stephanie Alfonso Of Castile's paternal grandmother?,inference,rescuable,2,0.0
2.0,2wiki,1.0,1.0,win,d5b228320bd911eba7f7acde48001122,What is the place of birth of the composer of song La Poupée Qui Fait Non?,compositional,rescuable,2,0.5
2.0,2wiki,0.0,2.0,tie,d6b4117a0baf11ebab90acde48001122,Who is the maternal grandfather of Philip Of Ibelin (1180–1227)?,inference,rescuable,2,0.0
2.0,2wiki,1.0,1.0,win,d6b470160baf11ebab90acde48001122,Who is the maternal grandmother of Archduchess Elisabeth Of Austria (1922–1993)?,inference,rescuable,2,0.5
2.0,2wiki,0.0,2.0,tie,d6f62a7e0bdc11eba7f7acde48001122,Who is the spouse of the director of film The Girl Without A Homeland?,compositional,rescuable,2,0.0
2.0,2wiki,0.0,2.0,tie,d7261b96086511ebbd5eac1f6bf848b6,Who was born first out of Harry Martindale Speechly and Francis Jacob Harper?,comparison,already_solved,2,0.0
1.0,2wiki,0.0,1.0,tie,d8c144f4088911ebbd6eac1f6bf848b6,"Who died first, Orest Zerebko or Martial Singher?",comparison,already_solved,2,0.0
2.0,2wiki,0.0,2.0,tie,d94b8e3708e911ebbda7ac1f6bf848b6,"Which film came out earlier, His Name Is Sukhe-Bator or The Beast And The Beauty?",comparison,already_solved,2,0.0
0.0,2wiki,0.0,0.0,tie,d9f699040bda11eba7f7acde48001122,Which country Hedwig Von Trapp's father is from?,compositional,unreachable,2,0.0
2.0,2wiki,0.0,1.0,win,da59f14a08e011ebbda2ac1f6bf848b6,"Which film has the director died later, People In The Net or Mad Youth?",bridge_comparison,rescuable,4,0.25
2.0,2wiki,-1.0,2.0,loss,da5c6ca008c111ebbd8bac1f6bf848b6,"Who lived longer, Olivier Long or Robert Ernest Cheesman?",comparison,already_solved,2,-0.5
0.0,2wiki,0.0,0.0,tie,da622640090e11ebbdadac1f6bf848b6,"Which film came out earlier, Demi Ucok or Gutta-Percha Boy?",comparison,already_solved,2,0.0
1.0,2wiki,0.0,1.0,tie,dab85d440baf11ebab90acde48001122,"Who is the father of William Fitz Robert, 2Nd Earl Of Gloucester?",inference,already_solved,2,0.0
1.0,2wiki,1.0,0.0,win,db060dfa0bdc11eba7f7acde48001122,Where does B. D. Hyman's mother work at?,compositional,rescuable,2,0.5
0.0,2wiki,0.0,0.0,tie,db371cbb088011ebbd6dac1f6bf848b6,Did Cooper K. Watson and Jimmy Van Ostrand have the same nationality?,comparison,already_solved,2,0.0
2.0,2wiki,0.0,2.0,tie,dba424900baf11ebab90acde48001122,"Who is Thomas Of Woodstock, 1St Duke Of Gloucester's paternal grandmother?",inference,rescuable,2,0.0
2.0,2wiki,0.0,1.0,win,dbf41c00086911ebbd5fac1f6bf848b6,"Which film has the director who was born later, Honeymoons or Moabite Notebook?",bridge_comparison,rescuable,4,0.25
2.0,2wiki,0.0,1.0,tie,dc42579a0bdd11eba7f7acde48001122,When was the company that published Australian Woman'S Mirror founded?,compositional,already_solved,2,0.0
0.0,2wiki,0.0,0.0,tie,dc5b9266091f11ebbdaeac1f6bf848b6,"Which film was released more recently, Life According To Agfa or Memoria Negra?",comparison,already_solved,2,0.0
0.0,2wiki,0.0,0.0,tie,dc619d4808b911ebbd88ac1f6bf848b6,"Who died earlier, Chiang Chung-Ling or George Andreadis?",comparison,already_solved,2,0.0
1.0,2wiki,0.0,1.0,tie,dc7525360baf11ebab90acde48001122,Who is the child-in-law of Franz Strauss?,inference,already_solved,2,0.0
2.0,2wiki,0.0,2.0,tie,dc80e30908da11ebbd9cac1f6bf848b6,"Which film came out earlier, Hell And Back Again or Buster & Chauncey'S Silent Night?",comparison,already_solved,2,0.0
2.0,2wiki,0.0,2.0,tie,dc99477d095711ebbdaeac1f6bf848b6,Are both Sauvage (Film) and Les Anarchistes from the same country?,comparison,already_solved,2,0.0
2.0,2wiki,0.0,1.0,win,dcb113fc088011ebbd6dac1f6bf848b6,Are both director of film The Debt (1917 Film) and director of film The Forbidden Thing from the same country?,bridge_comparison,rescuable,4,0.25
2.0,2wiki,0.0,2.0,tie,dd1349640baf11ebab90acde48001122,Who is the child-in-law of Ruth Mulan Chu Chao?,inference,already_solved,2,0.0
2.0,2wiki,0.0,2.0,tie,dd2474c80baf11ebab90acde48001122,Who is Isabella Of Bourbon's paternal grandmother?,inference,anchor_failure,2,0.0
2.0,2wiki,0.0,2.0,tie,dda5755c08c911ebbd92ac1f6bf848b6,"Which film has the director who died later, Son Of Kissing Cup or Lady In A Cage?",bridge_comparison,rescuable,4,0.0
2.0,2wiki,0.0,1.0,win,ddc7ba4608cd11ebbd93ac1f6bf848b6,"Which film has the director who died earlier, Macario Against Zagomar or The Galloping Fish?",bridge_comparison,rescuable,4,0.25
2.0,2wiki,0.0,2.0,tie,ddd251a6089411ebbd75ac1f6bf848b6,"Which film has the director who was born later, Oklahoma Justice or See This Movie?",bridge_comparison,rescuable,4,0.0
2.0,2wiki,0.0,2.0,tie,ddd2fec6096311ebbdafac1f6bf848b6,"Which film was released first, Snehadeepam or Warriors Of Heaven And Earth?",comparison,already_solved,2,0.0
0.0,2wiki,0.0,0.0,tie,ddf2caf4085211ebbd58ac1f6bf848b6,"Which film came out earlier, Hotel De Love or Cinderella Of The Hills?",comparison,already_solved,2,0.0
0.0,2wiki,0.0,0.0,tie,de25170809c011ebbdb0ac1f6bf848b6,"Are both John Septimus Roe Anglican Community School and St Mary'S Cathedral College, Sydney located in the same country?",comparison,already_solved,2,0.0
2.0,2wiki,0.0,2.0,tie,df56e6cb089611ebbd76ac1f6bf848b6,"Which film has the director died later, Going Hollywood or Nagamadathu Thampuratti?",bridge_comparison,rescuable,4,0.0
2.0,2wiki,0.0,2.0,tie,dfd58730086b11ebbd60ac1f6bf848b6,"Do both films, The Greater Woman and Tender Comrade, have the directors who are from the same country?",bridge_comparison,rescuable,4,0.0
2.0,2wiki,0.0,1.0,win,e007f858087211ebbd66ac1f6bf848b6,"Which film has the director who was born earlier, Augusto Anibal Quer Casar or Law Of The Tropics?",bridge_comparison,rescuable,4,0.25
0.0,2wiki,0.0,0.0,tie,e02561b4096d11ebbdb0ac1f6bf848b6,"Which film came out earlier, Children'S Tragedy or Spyder (Film)?",comparison,already_solved,2,0.0
0.0,2wiki,0.0,0.0,tie,e0316287089c11ebbd78ac1f6bf848b6,"Who is younger, Adam Morawski or Matt Kilcullen?",comparison,already_solved,2,0.0
2.0,2wiki,0.0,2.0,tie,e04d4792088511ebbd6dac1f6bf848b6,"Which film has the director who died later, John Heriot'S Wife or The Marriage Of Kitty?",bridge_comparison,rescuable,4,0.0
2.0,2wiki,0.0,2.0,tie,e06d09c0091c11ebbdaeac1f6bf848b6,"Which film was released earlier, Mike'S Murder or Adimai Changili?",comparison,already_solved,2,0.0
0.0,2wiki,0.0,0.0,tie,e08bb596088e11ebbd70ac1f6bf848b6,"Who was born later, Mamuka Tsereteli or Leslie Bulcock?",comparison,already_solved,2,0.0
1.0,2wiki,0.0,0.0,win,e0ae2d6d08dc11ebbd9dac1f6bf848b6,"Which film has the director who died earlier, Barcelone, Parc Au Crépuscule or Hammerhead (Film)?",bridge_comparison,rescuable,4,0.25
0.0,2wiki,0.0,0.0,tie,e13395a9097a11ebbdb0ac1f6bf848b6,"Which film came out earlier, Sos Pacific or Ulysses' Gaze?",comparison,already_solved,2,0.0
0.0,2wiki,0.0,0.0,tie,e157a26b086011ebbd5dac1f6bf848b6,"Who is younger, Richard Bausch or Johann Heinrich Lips?",comparison,already_solved,2,0.0
2.0,2wiki,1.0,1.0,win,e16c33720baf11ebab90acde48001122,"Who is Raymond Ii, Count Of Tripoli's mother?",inference,rescuable,2,0.5
2.0,2wiki,0.0,1.0,tie,e183fb620bda11eba7f7acde48001122,What is the place of birth of Queen Jeongsun (Wonjong)'s husband?,compositional,already_solved,2,0.0
2.0,2wiki,1.0,1.0,win,e1f5df1208a011ebbd78ac1f6bf848b6,"Which film has the director who is older than the other, Lemming (Film) or Hunger For Love? ",bridge_comparison,rescuable,4,0.25
1.0,2wiki,0.0,1.0,tie,e21cc773092611ebbdaeac1f6bf848b6,"Which film was released earlier, The Terminal or Perceval Le Gallois?",comparison,already_solved,2,0.0
0.0,2wiki,0.0,0.0,tie,e2a3174c088511ebbd6dac1f6bf848b6,Are both Paul Elward and Margo Sappington from the same country?,comparison,already_solved,2,0.0
2.0,2wiki,0.0,2.0,tie,e2bddff60bae11ebab90acde48001122,Who is the paternal grandfather of Jordan Ii Of Capua?,inference,already_solved,2,0.0
2.0,2wiki,0.0,1.0,tie,e2bfd3100bae11ebab90acde48001122,Who is Landgravine Marie Louise Of Hesse-Kassel's maternal grandfather?,inference,already_solved,2,0.0
2.0,2wiki,1.0,0.0,win,e3333830088111ebbd6dac1f6bf848b6,"Which film has the producer who was born earlier, Term Life or Housefull 2?",bridge_comparison,rescuable,4,0.25
2.0,2wiki,0.0,2.0,tie,e353ff9f088511ebbd6dac1f6bf848b6,"Which film whose director was born first, Thirumalai Thenkumari or Devil'S Squadron?",bridge_comparison,rescuable,4,0.0
2.0,2wiki,0.0,2.0,tie,e3789596087d11ebbd6bac1f6bf848b6,"Which film has the director died first, El Diablo Andaba En Los Choclos or Good Morning And... Goodbye!?",bridge_comparison,rescuable,4,0.0
2.0,2wiki,0.0,1.0,tie,e3918be5087011ebbd63ac1f6bf848b6,"Which film has the director who was born later, On The Night Stage or Without Fear Or Blame?",bridge_comparison,rescuable,4,0.0
2.0,2wiki,0.0,2.0,tie,e3eaa364089d11ebbd78ac1f6bf848b6,"Which film has the director who was born later, Thou Shalt Not Covet or L'Uomo Perfetto?",bridge_comparison,rescuable,4,0.0
2.0,2wiki,0.0,2.0,tie,e3f8885d08af11ebbd83ac1f6bf848b6,"Who lived longer, Bronislav Gimpel or Lilavati Singh?",comparison,already_solved,2,0.0
2.0,2wiki,0.0,1.0,tie,e4cd03ae0bda11eba7f7acde48001122,Which country Claude Nelson Warren's wife is from?,compositional,already_solved,2,0.0
2.0,2wiki,0.0,2.0,tie,e507406a087d11ebbd6bac1f6bf848b6,"Which film has the director born later, The Rebellion Of The Brides or Arizona Gang Busters?",bridge_comparison,rescuable,4,0.0
1.0,2wiki,0.0,0.0,tie,e519fa3c0bae11ebab90acde48001122,Who is the father-in-law of Ove Aunli?,inference,already_solved,2,0.0
2.0,2wiki,0.0,2.0,tie,e522a9a20bae11ebab90acde48001122,Who is Estrid Of The Obotrites's mother-in-law?,inference,rescuable,2,0.0
2.0,2wiki,0.0,1.0,tie,e53937d00bae11ebab90acde48001122,"Who is Robert Petre, 8Th Baron Petre's paternal grandmother?",inference,already_solved,2,0.0
2.0,2wiki,1.0,1.0,win,e5e6dfe80bae11ebab90acde48001122,Who is Ferdinand I Of The Two Sicilies's paternal grandfather?,inference,rescuable,2,0.5
0.0,2wiki,0.0,0.0,tie,e5fa9df9085c11ebbd5cac1f6bf848b6,Was Humbert Lundén or Zita Hanrot born first?,comparison,already_solved,2,0.0
2.0,2wiki,0.0,1.0,tie,e64a25b808ce11ebbd94ac1f6bf848b6,"Which film has the director who was born later, And Then There Were None (1945 Film) or Langue Sacrée, Langue Parlée?",bridge_comparison,rescuable,4,0.0
0.0,2wiki,0.0,0.0,tie,e668ce940baf11ebab90acde48001122,Who is Maria Amalia Of Naples And Sicily's father-in-law?,inference,rescuable,2,0.0
1.0,2wiki,0.0,0.0,win,e6998c7e08de11ebbd9fac1f6bf848b6,"Which film has the director born earlier, La Dernière Bourrée À Paris or Malin Kundang (Film)?",bridge_comparison,rescuable,4,0.25
2.0,2wiki,0.0,2.0,tie,e6b3f29c0bdd11eba7f7acde48001122,"What is the date of death of Elizabeth Trussell, Countess Of Oxford's husband?",compositional,unreachable,2,0.0
0.0,2wiki,0.0,0.0,tie,e715b66708be11ebbd8aac1f6bf848b6,Did Larry Godfrey and Barbara Strang share the same nationality?,comparison,already_solved,2,0.0
2.0,2wiki,0.0,1.0,win,e762a1ef08d011ebbd95ac1f6bf848b6,Do both directors of films Diagnosis: Death and The Unbelievable Truth (Film) share the same nationality?,bridge_comparison,rescuable,4,0.25
1.0,2wiki,0.0,0.0,win,e7f8e98808a311ebbd7cac1f6bf848b6,"Which film whose director is younger, Kalippava or A Couch In New York?",bridge_comparison,rescuable,4,0.25
2.0,2wiki,0.0,2.0,tie,e81fc7b0087111ebbd64ac1f6bf848b6,"Who died first, Christopher Monck, 2Nd Duke Of Albemarle or Chang Kyou-Chul?",comparison,unreachable,2,0.0
2.0,2wiki,0.0,2.0,tie,e895f9c60baf11ebab90acde48001122,Who is Lord Henry Howard-Molyneux-Howard's mother?,inference,rescuable,2,0.0
1.0,2wiki,0.0,0.0,tie,e8dbc39e0bdb11eba7f7acde48001122,What is the award that the performer of song Lights On (Wiley Song) got?,compositional,already_solved,2,0.0
1.0,2wiki,1.0,0.0,win,e8f66e1e0baf11ebab90acde48001122,Who is Harriet Hemings's maternal grandfather?,inference,rescuable,2,0.5
0.0,2wiki,0.0,0.0,tie,e932be4c09a611ebbdb0ac1f6bf848b6,"Which song was released earlier, Sea Of Voices or Soft-Hearted Hana?",comparison,already_solved,2,0.0
0.0,2wiki,0.0,0.0,tie,e9606c2408f711ebbdaaac1f6bf848b6,Are Kaitlyn (Wrestler) and Phillip Jeanmarie of the same nationality?,comparison,already_solved,2,0.0
2.0,2wiki,1.0,1.0,win,e9a74ce40bdb11eba7f7acde48001122,What is the place of birth of the director of film Love On The Cloud?,compositional,rescuable,2,0.5
2.0,2wiki,1.0,1.0,win,e9dbd9780bae11ebab90acde48001122,Who is the maternal grandmother of Princess Maria Ferdinanda Of Saxony?,inference,rescuable,2,0.5
2.0,2wiki,0.0,2.0,tie,ea151f3908e011ebbda2ac1f6bf848b6,"Who lived longer, Hubert Mordek or Levon Ashotovich Grigorian?",comparison,already_solved,2,0.0
2.0,2wiki,0.0,1.0,win,ea755618087311ebbd67ac1f6bf848b6,"Which film whose director is younger, Porky'S Revenge! or Amici Miei – Atto Iii?",bridge_comparison,rescuable,4,0.25
2.0,2wiki,1.0,1.0,win,ea862fd00baf11ebab90acde48001122,Who is the father-in-law of Graham Smith (Māori Academic)?,inference,rescuable,2,0.5
2.0,2wiki,0.0,1.0,win,eadb2aa4088e11ebbd70ac1f6bf848b6,"Which film whose director was born first, That Sinking Feeling or W La Foca?",bridge_comparison,rescuable,4,0.25
1.0,2wiki,0.0,1.0,tie,ebd237d60bdb11eba7f7acde48001122,Where was the founder of university Bolivarian Military University Of Venezuela born?,compositional,already_solved,2,0.0
0.0,2wiki,0.0,0.0,tie,ec292cde089e11ebbd78ac1f6bf848b6,"Who was born later, Andrzej Kryński or Keith Nichol?",comparison,already_solved,2,0.0
1.0,2wiki,1.0,0.0,win,ec4d02500bda11eba7f7acde48001122,Where was the performer of song Hallå Där born?,compositional,rescuable,2,0.5
2.0,2wiki,0.0,1.0,win,ec949ad0088c11ebbd70ac1f6bf848b6,"Which film has the director who died later, My Friend Sainfoin or Diez Canciones De Gardel?",bridge_comparison,rescuable,4,0.25
2.0,2wiki,0.0,2.0,tie,ec9b2bf40bdc11eba7f7acde48001122,"What nationality is Reginald Ii, Count Of Bar's father?",compositional,already_solved,2,0.0
0.0,2wiki,0.0,0.0,tie,ecf60ef708c711ebbd91ac1f6bf848b6,"Who is younger, Bence Sipos or Jochen Eigenherr?",comparison,already_solved,2,0.0
2.0,2wiki,0.0,2.0,tie,ed1c878a0baf11ebab90acde48001122,"Who is Elisabeth, Countess Of Vermandois's paternal grandmother?",inference,rescuable,2,0.0
0.0,2wiki,0.0,0.0,tie,ed2119b608ae11ebbd83ac1f6bf848b6,"Who is older, Ryan Tubridy or Mauro Massironi?",comparison,already_solved,2,0.0
1.0,2wiki,0.0,0.0,tie,ed236e980bae11ebab90acde48001122,Who is the paternal grandfather of James Bruce (1769–1798)?,inference,already_solved,2,0.0
2.0,2wiki,0.0,2.0,tie,ee5147f60bd911eba7f7acde48001122,Where was the director of film The Missing Picture born?,compositional,rescuable,2,0.0
1.0,2wiki,0.0,1.0,tie,ee70275a0bdb11eba7f7acde48001122,What is the date of birth of Walter Stone Scott's father?,compositional,already_solved,2,0.0
0.0,2wiki,0.0,0.0,tie,ef42592c096c11ebbdafac1f6bf848b6,Are Prikanalny and Vetlyanka both located in the same country?,comparison,already_solved,2,0.0
2.0,2wiki,0.0,2.0,tie,efb76f1e0baf11ebab90acde48001122,Who is Ahmose-Nefertari's maternal grandfather?,inference,anchor_failure,2,0.0
1.0,2wiki,0.0,0.0,win,efef9258089a11ebbd78ac1f6bf848b6,Are director of film Frontera Sur (1998 Film) and director of film Black Litter both from the same country?,bridge_comparison,rescuable,4,0.25
2.0,2wiki,0.0,2.0,tie,f06cd3be0bdb11eba7f7acde48001122,Where was the place of death of Frederick Iv Of Baden's father?,compositional,rescuable,2,0.0
2.0,2wiki,0.0,2.0,tie,f06f3f580bdd11eba7f7acde48001122,Which country Princess Marie Louise Of Bourbon-Parma's father is from?,compositional,rescuable,2,0.0
2.0,2wiki,0.0,1.0,tie,f0a9df4c08d511ebbd98ac1f6bf848b6,"Which film has the director born later, Gremlins 2: The New Batch or Petulia?",bridge_comparison,rescuable,4,0.0
2.0,2wiki,0.0,2.0,tie,f0d4919c0baf11ebab90acde48001122,"Who is Albert, Margrave Of Baden-Hachberg's paternal grandfather?",inference,rescuable,2,0.0
2.0,2wiki,0.0,2.0,tie,f113f24e08ad11ebbd83ac1f6bf848b6,"Which film whose director was born first, Flesh And The Spur or Memories Of A Mexican?",bridge_comparison,rescuable,4,0.0
2.0,2wiki,1.0,1.0,win,f16f2e820baf11ebab90acde48001122,Who is Maria Salviati's mother?,inference,rescuable,2,0.5
2.0,2wiki,0.0,2.0,tie,f1d09cb00bd911eba7f7acde48001122,Where was the place of death of the director of film Wedding Bells (1921 Film)?,compositional,rescuable,2,0.0
0.0,2wiki,0.0,0.0,tie,f2394fbd084b11ebbd56ac1f6bf848b6,Are both Gillam Airport and St. François Xavier Airport located in the same country?,comparison,already_solved,2,0.0
1.0,2wiki,1.0,0.0,win,f243705c0baf11ebab90acde48001122,Who is Empress Xu (Ming Dynasty)'s father-in-law?,inference,rescuable,2,0.5
2.0,2wiki,1.0,1.0,win,f27e01300bdd11eba7f7acde48001122,Where was the father of Władysław I Herman born?,compositional,rescuable,2,0.5
2.0,2wiki,1.0,1.0,win,f27fa47e0bae11ebab90acde48001122,Who is the paternal grandfather of Prince Henri Of Orléans?,inference,rescuable,2,0.5
2.0,2wiki,1.0,1.0,win,f2987f240bdd11eba7f7acde48001122,What is the place of birth of Paulding Farnham's wife?,compositional,rescuable,2,0.5
2.0,2wiki,0.0,1.0,win,f29c4915088c11ebbd70ac1f6bf848b6,"Which film has the director died first, Red Sundown or Suvarna Sethuve?",bridge_comparison,rescuable,4,0.25
2.0,2wiki,0.0,1.0,win,f37e7ae0088d11ebbd70ac1f6bf848b6,"Which film has the director who was born earlier, The Affairs Of Martha or The Football Lottery?",bridge_comparison,rescuable,4,0.25
2.0,2wiki,0.0,2.0,tie,f3988f4e0bd911eba7f7acde48001122,Which country the composer of film Charlotte For Ever (Film) is from?,compositional,rescuable,2,0.0
1.0,2wiki,1.0,0.0,win,f46100560bdd11eba7f7acde48001122,Where did the director of film The Asphyx study?,compositional,rescuable,2,0.5
2.0,2wiki,0.0,2.0,tie,f473ccb8084a11ebbd56ac1f6bf848b6,"Which film has the director died earlier, Told In The Hills or Love, Live And Laugh?",bridge_comparison,rescuable,4,0.0
2.0,2wiki,0.0,1.0,win,f4e4e862089011ebbd72ac1f6bf848b6,Are director of film Dortoir Des Grandes and director of film Is Paris Burning? (Film) both from the same country?,bridge_comparison,rescuable,4,0.25
1.0,2wiki,0.0,1.0,tie,f598ba6e0baf11ebab90acde48001122,Who is the mother-in-law of Margarete Weißkirchner?,inference,rescuable,2,0.0
2.0,2wiki,0.0,1.0,win,f5acf6e8088311ebbd6dac1f6bf848b6,"Which film has the director who was born first, A Question Of Trust or Ghosts Of Chosun?",bridge_comparison,rescuable,4,0.25
0.0,2wiki,0.0,0.0,tie,f5b8d1ca095511ebbdaeac1f6bf848b6,Are both Fischer Motor Company and Wills Sainte Claire located in the same country?,comparison,already_solved,2,0.0
2.0,2wiki,0.0,2.0,tie,f5e5f52d08cb11ebbd93ac1f6bf848b6,"Which film has the director who was born earlier, The Secret Invasion or The House Of The Seven Hawks?",bridge_comparison,rescuable,4,0.0
2.0,2wiki,1.0,1.0,win,f65727520bae11ebab90acde48001122,"Who is the paternal grandmother of Emilia Butler, Countess Of Ossory?",inference,rescuable,2,0.5
2.0,2wiki,0.0,2.0,tie,f6e1f154094c11ebbdaeac1f6bf848b6,"Which film was released first, Jealousy Is My Middle Name or A Student'S Song Of Heidelberg?",comparison,already_solved,2,0.0
1.0,2wiki,0.0,0.0,tie,f6e4582a0bae11ebab90acde48001122,Who is Axel Rosenkrantz's maternal grandfather?,inference,already_solved,2,0.0
1.0,2wiki,1.0,0.0,win,f76adbb40bdd11eba7f7acde48001122,Which country the composer of film Neeya 2 is from?,compositional,rescuable,2,0.5
0.0,2wiki,0.0,0.0,tie,f77cc1a40baf11ebab90acde48001122,Who is Alexander Of Courland's father?,inference,anchor_failure,2,0.0
2.0,2wiki,1.0,1.0,win,f77df1a00baf11ebab90acde48001122,Who is Eleonore Of Liechtenstein's sibling-in-law?,inference,rescuable,2,0.5
2.0,2wiki,1.0,1.0,win,f77e556e0baf11ebab90acde48001122,Who is the paternal grandfather of Władysław I Of Płock?,inference,rescuable,2,0.5
2.0,2wiki,1.0,1.0,win,f7e5bd9a0bdb11eba7f7acde48001122,Where did the director of film Haut Les Cœurs! graduate from?,compositional,rescuable,2,0.5
2.0,2wiki,1.0,1.0,win,f7f273ec0bda11eba7f7acde48001122,When was the company that published Hürriyet founded?,compositional,rescuable,2,0.5
2.0,2wiki,0.0,2.0,tie,f81ce43a08b811ebbd88ac1f6bf848b6,"Which film has the director who was born later, Kong: Skull Island or House Of Life?",bridge_comparison,rescuable,4,0.0
2.0,2wiki,1.0,1.0,win,f835afce0bdd11eba7f7acde48001122,What is the date of death of Margaret De Stafford's mother?,compositional,rescuable,2,0.5
2.0,2wiki,0.0,1.0,win,f8e48ec508bb11ebbd88ac1f6bf848b6,"Which film has the director who was born later, L'Eclisse or A Matter Of Morals?",bridge_comparison,rescuable,4,0.25
1.0,2wiki,1.0,0.0,win,f96432dc0bdb11eba7f7acde48001122,What is the place of birth of the performer of song Proxy (Song)?,compositional,rescuable,2,0.5
1.0,2wiki,0.0,1.0,tie,f96b81940baf11ebab90acde48001122,"Who is the paternal grandfather of Nina Caroline Studley-Herbert, 12Th Countess Of Seafield?",inference,already_solved,2,0.0
2.0,2wiki,1.0,1.0,win,f976fbce0bae11ebab90acde48001122,"Who is Marie, Countess Of Eu's paternal grandfather?",inference,rescuable,2,0.5
2.0,2wiki,1.0,1.0,win,f99c20140bdd11eba7f7acde48001122,What is the date of death of Doamna Chiajna's husband?,compositional,rescuable,2,0.5
2.0,2wiki,1.0,1.0,win,f9ac302a0bd911eba7f7acde48001122,Where was the wife of Vladimir Feldman born?,compositional,rescuable,2,0.5
2.0,2wiki,1.0,1.0,win,f9fc4a340bdd11eba7f7acde48001122,What nationality is the director of film The Fall Of Italy?,compositional,rescuable,2,0.5
2.0,2wiki,0.0,2.0,tie,fa3a16800baf11ebab90acde48001122,Who is the stepmother of Sinibaldo Ii Ordelaffi?,inference,already_solved,2,0.0
2.0,2wiki,0.0,2.0,tie,fa3a75300baf11ebab90acde48001122,Who is the paternal grandfather of Casimir Ii Of Zator?,inference,already_solved,2,0.0
2.0,2wiki,0.0,2.0,tie,fa3b93d40baf11ebab90acde48001122,Who is Prince Karl Franz Of Prussia's maternal grandfather?,inference,rescuable,2,0.0
0.0,2wiki,0.0,0.0,tie,fa51547308a211ebbd7bac1f6bf848b6,"Who was born first, Hannah Cohen or André Sollie?",comparison,already_solved,2,0.0
0.0,2wiki,0.0,0.0,tie,fa58491e084b11ebbd56ac1f6bf848b6,"Who died later, Narcís Ventalló or H. Verlan Andersen?",comparison,already_solved,2,0.0
2.0,2wiki,0.0,2.0,tie,fb8f7a7a08fa11ebbdacac1f6bf848b6,"Which film was released first, Tarzan Goes To India or The Secret Of The Storm Country?",comparison,already_solved,2,0.0
0.0,2wiki,0.0,0.0,tie,fbbf3bb20bae11ebab90acde48001122,Who is the paternal grandmother of Charles I Of England?,inference,rescuable,2,0.0
2.0,2wiki,0.0,2.0,tie,fbc58c3a085511ebbd59ac1f6bf848b6,"Which film has the director who is older than the other, Sri Ramanjaneya Yuddham or Nelly, The Bride Without A Husband? ",bridge_comparison,rescuable,4,0.0
2.0,2wiki,0.0,2.0,tie,fbc6cbce08cb11ebbd93ac1f6bf848b6,"Which film came out first, Four Mothers or Princesa De África?",comparison,already_solved,2,0.0
2.0,2wiki,0.0,2.0,tie,fbcd5af80bae11ebab90acde48001122,"Who is the paternal grandfather of Sir Arthur Gore, 1St Baronet?",inference,already_solved,2,0.0
2.0,2wiki,0.0,2.0,tie,fc04494a0baf11ebab90acde48001122,"Who is the paternal grandfather of Hugh Montgomerie, 7Th Earl Of Eglinton?",inference,rescuable,2,0.0
2.0,2wiki,0.0,1.0,win,fc297f8f086311ebbd5eac1f6bf848b6,"Which film has the director who died earlier, Kansas City Kitty or Side Street Angel?",bridge_comparison,rescuable,4,0.25
2.0,2wiki,0.0,2.0,tie,fc38045c0bae11ebab90acde48001122,Who is the mother-in-law of Marcus Aemilius Lepidus (Executed 39)?,inference,rescuable,2,0.0
2.0,2wiki,0.0,2.0,tie,fc50265e0bae11ebab90acde48001122,Who is Prince Friedrich Sigismund Of Prussia (1891–1927)'s maternal grandfather?,inference,rescuable,2,0.0
2.0,2wiki,1.0,1.0,win,fcdafe320bdb11eba7f7acde48001122,Where was the director of film The Circus Cyclone born?,compositional,rescuable,2,0.5
0.0,2wiki,0.0,0.0,tie,fd28aacd085e11ebbd5cac1f6bf848b6,"Who was born later, Fred Keays or William H. Brand?",comparison,already_solved,2,0.0
2.0,2wiki,0.0,2.0,tie,fd28aace085e11ebbd5cac1f6bf848b6,"Who lived longer, Fred Keays or William H. Brand?",comparison,already_solved,2,0.0
2.0,2wiki,1.0,1.0,win,fd4bc65e0bda11eba7f7acde48001122,Where was the director of film Guns And Roses (2012 Film) born?,compositional,rescuable,2,0.5
0.0,2wiki,0.0,0.0,tie,fd56936708a811ebbd7fac1f6bf848b6,"Who is older, Marius Mitu or Bea Palya?",comparison,already_solved,2,0.0
0.0,2wiki,0.0,0.0,tie,fd68c8f6085311ebbd59ac1f6bf848b6,Are both Inn Of The Damned and The Assigned Servant from the same country?,comparison,already_solved,2,0.0
2.0,2wiki,0.0,2.0,tie,fdce7ee0095111ebbdaeac1f6bf848b6,"Which film was released earlier, Engal Aasan or The Mummy'S Tomb?",comparison,already_solved,2,0.0
2.0,2wiki,0.0,2.0,tie,fe8ae0a00bd911eba7f7acde48001122,Where did the director of film Di Di Hollywood die?,compositional,rescuable,2,0.0
0.0,2wiki,0.0,0.0,tie,fea49245086d11ebbd62ac1f6bf848b6,"Who lived longer, William H. Maynard or Tsai Cheng-Fu?",comparison,already_solved,2,0.0
2.0,2wiki,1.0,1.0,win,feb4b9dc0bdb11eba7f7acde48001122,What is the date of birth of the director of film Axolotl Overkill?,compositional,rescuable,2,0.5
2.0,2wiki,0.0,1.0,win,fef3cf7a089611ebbd76ac1f6bf848b6,"Which film has the director who is older than the other, Gorbaciof or In The Mood For Love? ",bridge_comparison,rescuable,4,0.25
2.0,2wiki,0.0,1.0,win,ff36cddc08c011ebbd8aac1f6bf848b6,"Which film has the director who died first, Rajdhanir Buke or World Of Plenty?",bridge_comparison,rescuable,4,0.25
2.0,2wiki,0.0,2.0,tie,ffadb950086c11ebbd61ac1f6bf848b6,"Which film was released more recently, My Dear Muthachan or Tüzolto Utca 25?",comparison,already_solved,2,0.0
2.0,hotpot,0.0,2.0,tie,5a70eee85542994082a3e3f0,"Which group of people in West Africa with significant populations in Ghana, Ivory Coast, Liberia and Sierra Leone use the Ida?",bridge,already_solved,2,0.0
2.0,hotpot,0.0,2.0,tie,5a7108fa5542994082a3e4ef,"Which battle, the Battle of Cold Harbor, or the Second Battle of Bull Run, was fought first?",comparison,already_solved,2,0.0
2.0,hotpot,0.0,1.0,tie,5a71214d5542994082a3e5b9,What production company was founded by George Balanchine to create a live stage version of the 1942 film Casablanca?,bridge,already_solved,2,0.0
1.0,hotpot,1.0,0.0,win,5a712beb5542994082a3e61c,What Golden Globe Award actor starred in the film Little Fugitive? ,bridge,rescuable,2,0.5
2.0,hotpot,0.0,2.0,tie,5a7130365542994082a3e645,"What town did Moe Sedway have success in after Benjamin ""Bugsy"" Siegel's murder?",bridge,already_solved,2,0.0
0.0,hotpot,0.0,0.0,tie,5a71380c5542994082a3e68b,What iron-hulled steamship designed by Theodore Timby was The Orleans County Monitor Newspaper named after? ,bridge,already_solved,2,0.0
2.0,hotpot,0.0,1.0,tie,5a71474b5542994082a3e74f,What was triggered by the resignation of Conservative MP Stephen Phillips on 4 November 2016 and was when Caroline Johnson became a Member of Parliament?,bridge,already_solved,2,0.0
0.0,hotpot,0.0,0.0,tie,5a7148685542994082a3e761,Paul Ziert recruited what two time gold medalist in gymnastics?,bridge,already_solved,2,0.0
2.0,hotpot,0.0,2.0,tie,5a716ec85542994082a3e82d,"Which movie was filmed first ""The Guest"" or ""You're Next""?",bridge,already_solved,2,0.0
1.0,hotpot,0.0,1.0,tie,5a7172105542994082a3e837,What film did Tom Wu appear in that also starred Jason Statham and Ray Liotta? ,bridge,already_solved,2,0.0
2.0,hotpot,0.0,2.0,tie,5a7180205542994082a3e856,"The creator of ""Wallace and Gromit"" also created what animation comedy that matched animated zoo animals with a soundtrack of people talking about their homes? ",bridge,already_solved,2,0.0
2.0,hotpot,1.0,1.0,win,5a7184675542994082a3e864,What is the manufacturer of the car used by the Ford CD2 platform's design inspiration?,bridge,rescuable,2,0.5
1.0,hotpot,0.0,0.0,tie,5a722a6855429971e9dc9320,"What is the character's name for which Anna Leonidovna Kovalchuk won a prize in the legal festival ""Law and Society""?",bridge,already_solved,2,0.0
2.0,hotpot,0.0,2.0,tie,5a722b8655429971e9dc9329,Who was the writer of These Boots Are Made for Walkin' and who died in 2007?,bridge,rescuable,2,0.0
0.0,hotpot,0.0,0.0,tie,5a7243915542990c210a4086,"Where is the University of North Carolina at Wilmington, population 112,067 located?",bridge,already_solved,2,0.0
1.0,hotpot,1.0,0.0,win,5a7248665542990c210a40b1,What is the colloquial name of the professional football team in which striker Frederico Chaves Guedos played? ,bridge,rescuable,2,0.5
1.0,hotpot,0.0,0.0,tie,5a7249b85542990c210a40b9,Osireion is located to the rear of the temple named after which New Kingdom Nineteenth Dynasty of Egypt pharaoh?,bridge,already_solved,2,0.0
2.0,hotpot,0.0,2.0,tie,5a7299e75542991f9a20c524,"What movie was released at a later date, My Dog Tulip or Monsters vs. Aliens?",comparison,anchor_failure,2,0.0
1.0,hotpot,0.0,1.0,tie,5a729fa15542994cef4bc397,"Which movie came out first, ""Bambi"" or ""Underdog""?",comparison,already_solved,2,0.0
2.0,hotpot,1.0,1.0,win,5a72a9145542994cef4bc3c1,Which player signed to Bayern Munich before the 2012-2013 season was known mostly as a central defender?,bridge,rescuable,2,0.5
2.0,hotpot,0.0,1.0,tie,5a72a9ab5542992359bc315a,Which North American tribe inhabited the banks of the Winnipesaukee River and were also known as the Pawtucket people?,bridge,already_solved,2,0.0
2.0,hotpot,0.0,2.0,tie,5a72a9ac5542991f9a20c55f,Which show co-hosted by Hoda Kotb was produced by Brian Balthazar?,bridge,already_solved,2,0.0
2.0,hotpot,1.0,1.0,win,5a72c6565542992359bc31a7,What is the stage name of the former pornographic actress born in 1981 that co-hosted the 26th AVN Awards?  ,bridge,rescuable,2,0.5
2.0,hotpot,0.0,2.0,tie,5a72d7b35542991f9a20c5be,What is the name of the pop artist that belongs on the Pledis Entertainment label and has 13 members?,bridge,already_solved,2,0.0
1.0,hotpot,0.0,1.0,tie,5a72e28f5542992359bc31ba,Which technique did the director at Pzena Investment Management outline?,bridge,already_solved,2,0.0
1.0,hotpot,0.0,1.0,tie,5a72e4375542992359bc31bf,"Who is older, Lucy Gichuhi or Bob Day?",bridge,already_solved,2,0.0
2.0,hotpot,1.0,1.0,win,5a72f0e25542991f9a20c5cf,"What television show was,based,on an 1908 novel by Lucy Maud Montgomery?   Anne.",bridge,rescuable,2,0.5
2.0,hotpot,0.0,2.0,tie,5a7300b85542994cef4bc41a,"Gaia is a space observatory of the European Space Agency, what is Astrosat?",comparison,already_solved,2,0.0
0.0,hotpot,0.0,0.0,tie,5a73235c5542994cef4bc475,Was either Craig Melville or Grover Jones born in Indiana?,comparison,already_solved,2,0.0
2.0,hotpot,1.0,1.0,win,5a732ab25542991f29ee2d25,"In what school district is Governor John R. Rogers High School, named after John Rankin Rogers, located?",bridge,rescuable,2,0.5
0.0,hotpot,0.0,0.0,tie,5a734db15542994cef4bc523,"Which musician was born first, Constantine Orbelian or Lili Chookasian?",comparison,already_solved,2,0.0
2.0,hotpot,0.0,1.0,tie,5a7351785542994cef4bc539,Was Atom Egoyans biggest commercial success on stage or on film?,bridge,already_solved,2,0.0
2.0,hotpot,1.0,1.0,win,5a73520c5542994cef4bc53f,What is the name the Columbian film loosely based on a story about a dying child's dreams and hope first published in 1845 by Hans Christian Andersen?,bridge,rescuable,2,0.5
2.0,hotpot,0.0,2.0,tie,5a7353795542991f29ee2d82,Which was published first Timothy McSweeney's Quarterly Concern or Scrye?,comparison,already_solved,2,0.0
2.0,hotpot,0.0,2.0,tie,5a73626b55429901807db01e,Mount Austin Barracks is located near the Peak Tram terminus at what mountain that is also known as Mount Austin?,bridge,already_solved,2,0.0
2.0,hotpot,1.0,1.0,win,5a7363ec5542991f29ee2dd7,"The USS Tortuga was named after the Dry Tortugas, a group of desert coral islets 60 miles west of which city with the motto ""One Human Family""?",bridge,rescuable,2,0.5
2.0,hotpot,1.0,1.0,win,5a7369da55429901807db037,In what group was the writer of Songs and Dances of Death in?,bridge,rescuable,2,0.5
2.0,hotpot,-1.0,2.0,loss,5a7380b955429908901be2d4,"Which film is older, Monsters, Inc. or Earth?",comparison,already_solved,2,-0.5
0.0,hotpot,0.0,0.0,tie,5a738225554299623ed4abc3,"Which musical fantasy film is older, Bedknobs and Broomsticks or The Muppet Christmas Carol?",comparison,already_solved,2,0.0
0.0,hotpot,0.0,0.0,tie,5a73977d554299623ed4ac08,What is the shared country of ancestry between Art Laboe and Scout Tufankjian?,comparison,already_solved,2,0.0
2.0,hotpot,1.0,1.0,win,5a73bddb55429978a71e909d,"During the 2009 St. Petersburg Bowl on December 19, 2009, which future Atlanta Falcons wide receiver was the game's MVP?",bridge,rescuable,2,0.5
2.0,hotpot,0.0,2.0,tie,5a73cbe4554299623ed4ac5f,What series did Tom Mandrake collaborate on that was based on a fictional superhero?,bridge,rescuable,2,0.0
1.0,hotpot,0.0,1.0,tie,5a74325055429979e28828b3,BOTH Skyang Kangri and Pumari Chhish are both what?,comparison,already_solved,2,0.0
2.0,hotpot,0.0,2.0,loss,5a745a2955429929fddd83f8,How many members does the Tennessee Volunteers football team's Conference have?,bridge,anchor_failure,2,-0.5
2.0,hotpot,0.0,2.0,tie,5a745a6055429974ef308be4,"Which of the following works was completed first, Something Wicked This Way Comes or The Wind in the Willows?",comparison,already_solved,2,0.0
2.0,hotpot,0.0,1.0,tie,5a74994a55429974ef308c2e,Who was the American congressman whose actions led to a CIA program to arm Jihadi warriors in Afghanistan in the 1980's?,bridge,already_solved,2,0.0
2.0,hotpot,0.0,2.0,tie,5a74a8fa55429929fddd8497,"After his curacy at the village that is a suburb of Scunthorpe, who was Industrial Chaplain to the Bishop of Lincoln?",bridge,anchor_failure,2,0.0
2.0,hotpot,0.0,2.0,tie,5a74cfed5542993748c896ea,"Which musician or band is from further north, Matthew Good or Modern Baseball?",comparison,already_solved,2,0.0
2.0,hotpot,0.0,2.0,tie,5a7507455542993748c8979d,"Which film was released first, The Watercolor or Pokémon: Arceus and the Jewel of Life?",comparison,unreachable,2,0.0
0.0,hotpot,0.0,0.0,tie,5a750ccc5542993748c897a8,"Which mine first entered into production, Beaulieu Mine or Con Mine?",comparison,already_solved,2,0.0
0.0,hotpot,0.0,0.0,tie,5a7521c55542993748c897c6,Temagami-Lorrain Mine and Burwash Mine were both mines created during the early 1900s; which one yielded a 16-ton bulk sample of gold ore in 1935?,comparison,already_solved,2,0.0
2.0,hotpot,1.0,1.0,win,5a752fb75542993748c897df,"What pop band features an Argentine actress that appeared in the television series ""Chiquititas""?",bridge,rescuable,2,0.5
1.0,hotpot,0.0,1.0,tie,5a7560585542992d0ec05f76,Arbie Orenstein is known as a scholar on the life of what composer internationally regarded as France's greatest living composer? ,bridge,already_solved,2,0.0
2.0,hotpot,0.0,2.0,tie,5a7561495542992db947364e,What Hindi thriller directed by Deepak SHivdasani features choreography by Phulwa Khamkar?,bridge,already_solved,2,0.0
1.0,hotpot,0.0,0.0,tie,5a7568175542992d0ec05f88,This French comedy directed by Philippe de Chauveron starred actress Julia Piaton. ,bridge,already_solved,2,0.0
2.0,hotpot,0.0,2.0,tie,5a758ba75542992db9473677,Who was born first Garo Yepremian or Michael Casey ?,comparison,already_solved,2,0.0
2.0,hotpot,0.0,2.0,tie,5a75a4135542992d0ec05fcd,The Woodvale Historic District was built buy a company headquartered where?,bridge,rescuable,2,0.0
2.0,hotpot,1.0,1.0,win,5a75abbb5542992d0ec05fd9,Which auto club has sanctioned races run in California as well as Indianapolis?,bridge,rescuable,2,0.5
2.0,hotpot,0.0,2.0,tie,5a75d35d5542992d0ec05ffe,"Which pizza shop opened first, Toppers Pizza or America's Incredible Pizza Company?",comparison,already_solved,2,0.0
2.0,hotpot,0.0,2.0,tie,5a75e814554299109176e5c7,"Which Republican Chairman was born June 1, 1956? ",bridge,anchor_failure,2,0.0
2.0,hotpot,1.0,1.0,win,5a75f1a755429976ec32bcb1,Which actress played a character that dated Mark Brendanawicz?,bridge,rescuable,2,0.5
1.0,hotpot,0.0,1.0,tie,5a75f7db5542994ccc918670,"Which breed of dog was first recognized by their country's official kennel club, the American Hairless Terrier or the Saint-Usuge Spaniel? ",comparison,already_solved,2,0.0
2.0,hotpot,1.0,1.0,win,5a7616755542992d0ec06028,"Where is the county seat for people living in Henderson Point, Mississippi?",bridge,rescuable,2,0.5
2.0,hotpot,0.0,2.0,tie,5a7625e8554299109176e66a,In which year was the King who made the 1925 Birthday Honours born?,bridge,rescuable,2,0.0
2.0,hotpot,0.0,2.0,tie,5a762d53554299109176e6a7,What was the the origin of the player that the Bull's traded with 76ers during the 1999-2000 midseason?,bridge,rescuable,2,0.0
2.0,hotpot,0.0,2.0,tie,5a76387d554299109176e6ba,Who was born first Am Rong or Ava DuVernay ?,comparison,already_solved,2,0.0
2.0,hotpot,0.0,2.0,tie,5a764c0b55429976ec32bd89,What criteria subjectively qualifies the Houston Astrodome to be called the Eighth Wonder of the World?,bridge,already_solved,2,0.0
2.0,hotpot,0.0,1.0,tie,5a76648f5542992db9473795,Figure 2 Ranch Airport supports launch operations of what aerospace manufacturer and space flight services company?,bridge,already_solved,2,0.0
2.0,hotpot,0.0,2.0,tie,5a7717635542994aec3b71e3,Who is the writer for an American teen sitcom created by Kim Bass for Nickelodeon?,bridge,rescuable,2,0.0
2.0,hotpot,0.0,1.0,tie,5a771ead55429966f1a36c7c,Who starred as an American attorney in Grey Gardens?,bridge,already_solved,2,0.0
2.0,hotpot,0.0,2.0,tie,5a7739f25542994aec3b7234,"What musician is ranked 9th in the Top 100 Greatest Metal Guitarists and started a band in 1990 in Los Angeles, California?",bridge,anchor_failure,2,0.0
2.0,hotpot,0.0,2.0,tie,5a77519c55429972597f14fa,Which one the cast members in the film Only Lovers Left Alive also played in Othello?,bridge,rescuable,2,0.0
2.0,hotpot,0.0,2.0,tie,5a7755c65542993569682d54,What is the name of a Sri Lankan political party associated with the aim of developing a national identity based on shared characteristics and preserving the nation's culture?,bridge,already_solved,2,0.0
2.0,hotpot,0.0,1.0,tie,5a7757215542993569682d58,"What 2016 film stars actor Xavier Samuel and an actress who portrayed Vasilisa Dragomir in the film ""Vampire Academy""?",bridge,anchor_failure,2,0.0
2.0,hotpot,0.0,2.0,tie,5a7758895542994aec3b729c," Which American rock band, Sugar Ray or Against the Current gained mainstream fame in the 1990's?",comparison,already_solved,2,0.0
2.0,hotpot,1.0,1.0,win,5a7759dd5542994aec3b729f,What Major League Soccer team owned by Anthony Precourt is coached by a retired American soccer player ?,bridge,rescuable,2,0.5
2.0,hotpot,0.0,1.0,tie,5a775bab5542994aec3b72a8,The National symbols of Albania are used in this part of Serbia that are composed of which municipalities?,bridge,already_solved,2,0.0
2.0,hotpot,0.0,1.0,tie,5a775bd65542993569682d6b,What classmate of Tony Hendra is the Director of Research at the Centre for Theoretical Cosmology within the University of Cambridge?,bridge,already_solved,2,0.0
2.0,hotpot,-1.0,2.0,loss,5a7766b15542993569682d7e,"What was the location of the execution of Roger David Casement, the Irish Nationalist who made made efforts during World War I to gain German military aid for the 1916 Easter Rising that sought to gain Irish independence?",bridge,already_solved,2,-0.5
1.0,hotpot,1.0,0.0,win,5a776a7055429966f1a36d32,What was the nationality and profession of the person responsible for the concept of a dimensionless number in physics and engineering?,bridge,rescuable,2,0.5
1.0,hotpot,0.0,1.0,tie,5a776b82554299373536026f,What is the official currency in the country that hosts the Asahi-Ryokuken Yomiuri Memorial tournament?,bridge,already_solved,2,0.0
2.0,hotpot,0.0,1.0,tie,5a776f8555429972597f1534,Which politician represents a city on the Flathead Indian Reservation?,bridge,anchor_failure,2,0.0
2.0,hotpot,0.0,2.0,tie,5a77731955429972597f1541,"What town in Piscataquis County, Maine, housed the smallest railroad in the United States in 1890?",bridge,already_solved,2,0.0
1.0,hotpot,1.0,0.0,win,5a7776b955429967ab10519e,The 2004 romantic drama film based on Shake'spears play of the same name was produced by whom?,bridge,rescuable,2,0.5
2.0,hotpot,0.0,1.0,tie,5a7781c955429949eeb29ea8,What former two-weight world champion is represented by boxing managed Ziggy Rozalski?,bridge,already_solved,2,0.0
0.0,hotpot,0.0,0.0,tie,5a778b1e55429949eeb29ee3,What band is a tribute to a band originally known as the Grizzly River Boys?,bridge,already_solved,2,0.0
0.0,hotpot,0.0,0.0,tie,5a7797a555429967ab105208,"Who is younger, Wayne Coyne or Toshiko Koshijima?",comparison,already_solved,2,0.0
2.0,hotpot,1.0,1.0,win,5a779be75542995d83181215,The Lance Todd Trophy is presented at a stadium located in what country?,bridge,rescuable,2,0.5
2.0,hotpot,0.0,2.0,tie,5a77a3905542992a6e59df40,The 1997–98 UCLA Bruins men's basketball team lost to what team in the sweet sixteen match?,bridge,unreachable,2,0.0
2.0,hotpot,0.0,2.0,tie,5a77c15f5542997042120b1c,"In the British experimental jazz band Polar Bear, who handles digital devices?",bridge,unreachable,2,0.0
0.0,hotpot,0.0,0.0,tie,5a77e70f5542992a6e59dfeb,"What is the title of the 1979 film adaptation of William Shakespeare's play in which the English poet, actor, political activist and dramatist who wrote wrote a number of book-length polemical poems such as ""Autogeddon"", ""Falling for a Dolphin"" and ""Whale Nation"" played a main character?",bridge,already_solved,2,0.0
2.0,hotpot,0.0,2.0,tie,5a78a7025542990784727710,"Who is older, Anne Noe or Jean-Marie Pfaff?",bridge,already_solved,2,0.0
1.0,hotpot,0.0,1.0,tie,5a78abbc554299148911f90c,Which bi-weekly publication ranked Schreiber Foods as number 81 in 2016.,bridge,already_solved,2,0.0
2.0,hotpot,1.0,1.0,win,5a78b386554299148911f949,What book did the president and CEO of Tracinda Corporation buy?,bridge,rescuable,2,0.5
1.0,hotpot,1.0,0.0,win,5a78bd515542990784727749,The show featuring a young boy named Gerald Bald Z premiered on what TV channel? ,bridge,rescuable,2,0.5
2.0,hotpot,0.0,2.0,tie,5a78c56455429974737f7876,What exit of Garden State Parkway should you take in order to get to the Seacourt Pavilion?,bridge,rescuable,2,0.0
2.0,hotpot,1.0,1.0,win,5a78d01d55429974737f78b3,"The singer known as the ""Ballad Prince"" was on a romantic comedy that aired on what state-run channel from August 11 to September 30, 2010?",bridge,rescuable,2,0.5
2.0,hotpot,-1.0,2.0,loss,5a78d06355429974737f78b4,The channel that has interviewed players such as the forward for the French national team is on what platform?,bridge,already_solved,2,-1.0
2.0,hotpot,1.0,1.0,win,5a78d2b955429974737f78c0,On what day did the battle that involved the Gin Drinkers Line end?,bridge,rescuable,2,0.5
2.0,hotpot,0.0,2.0,tie,5a78d70b55429974737f78d1,The Nazi architect that was most rewarded and favoured by Adolf Hitler alongside Hermann Giesler held what type of ministerial office?,bridge,already_solved,2,0.0
2.0,hotpot,1.0,1.0,win,5a78d9c455429970f5fffda7,The 1st Alabama Siege Artillery Unit were massacred by Confederate troops under whose command?,bridge,rescuable,2,0.5
1.0,hotpot,0.0,1.0,tie,5a78db8055429970f5fffdb2,"Flyboys stars which actor who was nominated for an Academy Award for ""127 Hours""?",bridge,rescuable,2,0.0
1.0,hotpot,0.0,1.0,tie,5a78eea555429970f5fffddf,Q: Who was born first Richard Boleslawski or Herschell Gordon Lewis?,comparison,already_solved,2,0.0
2.0,hotpot,0.0,2.0,tie,5a78f05155429970f5fffde3,What award has both Nicole Kidman and Tom Cuise been given?,bridge,unreachable,2,0.0
2.0,hotpot,0.0,1.0,tie,5a78f35455429970f5fffded,What character did the star of Into The Homeland play on the TV show Nashville?,bridge,already_solved,2,0.0
2.0,hotpot,0.0,1.0,tie,5a790d9855429974737f7954,What contest did Drew Barry's younger brother win in 1996?,bridge,already_solved,2,0.0
2.0,hotpot,0.0,2.0,tie,5a79131a554299148911f9e3," Also known as the Great Action, what other name did this event go by?",bridge,anchor_failure,2,0.0
2.0,hotpot,-1.0,2.0,loss,5a79240955429974737f79a4,"Which dog is native to France, the Basset Bleu de Gascogne or the Bulldog?",comparison,already_solved,2,-0.5
1.0,hotpot,0.0,1.0,tie,5a7929c8554299029c4b5f11,"Which breed of dog has origins outside of the United States, Old German Shepherd Dog or Black Mouth Cur?",comparison,already_solved,2,0.0
2.0,hotpot,0.0,2.0,tie,5a799dfb5542994bb9457029,Former race car driver Jeff Wood made his CART debut at which 1983 Nissan/Datsun-sponsored race?,bridge,already_solved,2,0.0
2.0,hotpot,0.0,1.0,tie,5a79abef5542994bb9457035,The Church at Hoxne was dedicated to Edmund the Martyr who was the king of where?,bridge,already_solved,2,0.0
2.0,hotpot,0.0,2.0,tie,5a79b525554299029c4b5f67,"What performing traditionally from the longest continental mountain range in the world, are Grupo Aymara famous for?",bridge,already_solved,2,0.0
1.0,hotpot,0.0,1.0,tie,5a79c7ac5542994bb9457097,How many girls and boys are in the seventeen sibling family featured on Counting On?,bridge,already_solved,2,0.0
1.0,hotpot,0.0,0.0,tie,5a79ca585542996c55b2dc71,"Who starred in the film The Human Factor in 1979, alongside fellow English actors Richard Attenborough and Derek Jacobi?",bridge,already_solved,2,0.0
0.0,hotpot,0.0,0.0,tie,5a79fc8b5542994f819ef114,Rimo I and Passu Sar are both part of which mountain range?,comparison,already_solved,2,0.0
2.0,hotpot,0.0,2.0,tie,5a7a0201554299029c4b5f9e,"Which of the starting pitchers for Team USA in the Baseball at the 2000 Summer Olympics was not born August 29, 1977?",bridge,unreachable,2,0.0
1.0,hotpot,0.0,1.0,tie,5a7a05485542990783324def,Which song by Last One Picked appeared in a 2004 American teen musical comedy film directed by Sara Sugarman?,bridge,already_solved,2,0.0
2.0,hotpot,0.0,2.0,tie,5a7a06525542990198eaf04f,Who was born first David Draiman or Terry Kath?,comparison,already_solved,2,0.0
2.0,hotpot,1.0,1.0,win,5a7a0a2d5542990783324e06,The Dressing Point massacre occurred 2 years after which important document was passed in Mexican Texas?,bridge,rescuable,2,0.5
2.0,hotpot,0.0,2.0,tie,5a7a112a5542990783324e2b,What kind of musicians are Mark Gaudet and Jan Axel Blomberg?,bridge,already_solved,2,0.0
2.0,hotpot,0.0,2.0,tie,5a7a19765542996a35c170cf,Pashto is the main language among a diaspora that has it's largest community in which country ?,bridge,already_solved,2,0.0
1.0,hotpot,0.0,1.0,tie,5a7a1cd85542990783324e65,What was the 58th quadrennial American presidential election held after the 2016 Michigan Democratic primary?,bridge,already_solved,2,0.0
2.0,hotpot,0.0,2.0,tie,5a7a1d305542990783324e66,What are the professions of Tom Johnston and Daryl Palumbo?,comparison,already_solved,2,0.0
2.0,hotpot,0.0,2.0,tie,5a7a27ce5542996c55b2dd28,"What took place first, The Korean War or The Western Allied invasion of Germany?",comparison,already_solved,2,0.0
2.0,hotpot,0.0,2.0,tie,5a7a37b85542996c55b2dd3f,Nicholas Medforth-Mills is a grandson to a king who was born on what day and year?,bridge,rescuable,2,0.0
2.0,hotpot,1.0,1.0,win,5a7a3a2a5542996c55b2dd41,The author of Some Other Rainbow was born on what day and year?,bridge,rescuable,2,0.5
2.0,hotpot,0.0,1.0,tie,5a7a3cea5542994f819ef182,Where was one of the runners born who almost broke Craig Virgin's Illinois Boys Cross Country record?,bridge,already_solved,2,0.0
1.0,hotpot,0.0,1.0,tie,5a7a59d15542996c55b2dd67,What other female rappers appeared Brittany Nicole Carpentero in the official remix to My Chick Bad?,bridge,already_solved,2,0.0
2.0,hotpot,0.0,2.0,tie,5a7a5ec855429941d65f25e4,What is the river that Sangin is found in the valley of the primary watershed for?,bridge,already_solved,2,0.0
1.0,hotpot,0.0,0.0,tie,5a7a69365542996c55b2dd9b,Which film was Shannyn Sossamon in that was directed by Michael Lehmann?,bridge,already_solved,2,0.0
2.0,hotpot,0.0,2.0,tie,5a7a6c1a5542994f819ef1d5,Which Arab World's car was  used in a  American action film directed by F. Gary Gray and written by Chris Morgan?,bridge,rescuable,2,0.0
1.0,hotpot,0.0,1.0,tie,5a7a73e45542996c55b2ddb6,Evan Buliung played the character Aragon who is based on a character in a book series written by which author? ,bridge,rescuable,2,0.0
1.0,hotpot,0.0,1.0,tie,5a7a96555542990198eaf159,Who starred in more films Margaret Landon or Elizabeth Taylor?,comparison,already_solved,2,0.0
2.0,hotpot,0.0,2.0,tie,5a7a9b9a5542990198eaf160,When was the Chinese American electronic musician and singer who collaborated on the album I Remember born?,bridge,already_solved,2,0.0
1.0,hotpot,0.0,1.0,tie,5a7ad6045542992d025e6706,How many Academy Awards has the writer for the music of The Road to Hong Kong won?,bridge,rescuable,2,0.0
2.0,hotpot,0.0,2.0,tie,5a7af1a955429931da12c98f,Which Karakoram mountain is higher: Distaghil Sar or The Crown,comparison,already_solved,2,0.0
2.0,hotpot,0.0,2.0,tie,5a7af23a55429931da12c994,Candace Flynn was voiced by the actress who achieved mainstream success on what show?,bridge,already_solved,2,0.0
1.0,hotpot,1.0,0.0,win,5a7b12a355429927d897bf2a,When was the palace founded at which Columba de Dunbar died in 1435?,bridge,rescuable,2,0.5
2.0,hotpot,0.0,2.0,tie,5a7b1a225542992d025e6770,"What English nursery rhyme which dates from 1731 appears on Teletubbies say ""Eh-oh!""?",bridge,already_solved,2,0.0
2.0,hotpot,0.0,2.0,tie,5a7b1c745542992d025e6777,"What was unique about the attraction that was replaced by Monsters, Inc. Laughing Floor on April 2,2007?",bridge,rescuable,2,0.0
2.0,hotpot,0.0,2.0,tie,5a7b1e22554299042af8f6e4,What award won by only twelve people has a man who Ted Kooshian has performed with won?,bridge,already_solved,2,0.0
1.0,hotpot,0.0,1.0,tie,5a7b3b4f5542992d025e67ac,Who is the older brother of the king that was overthrown in the Henriad?,bridge,unreachable,2,0.0
2.0,hotpot,0.0,2.0,tie,5a7b43735542992d025e67cb,what type of media does Ratatouille and PlayStation 3 have in common?,bridge,already_solved,2,0.0
2.0,hotpot,0.0,2.0,tie,5a7b55bc55429927d897bf98,How many assists did the Bosnian football player account for during the 2008–09 VfL Wolfsburg season?,bridge,already_solved,2,0.0
2.0,hotpot,0.0,2.0,tie,5a7b68525542997c3ec97151,"What band has been around longer, Mazzy Star of Pendragon?",comparison,already_solved,2,0.0
2.0,hotpot,0.0,2.0,tie,5a7b7bed5542997c3ec971bc,The Waterloo Vase has been used as a garden ornament at whose residence and administrative headquarters?,bridge,already_solved,2,0.0
2.0,hotpot,0.0,2.0,tie,5a7b85c4554299294a54a9d7,What type of vehicle is the Blue Bird Wanderlodge which was manufactured in Georgia by the Blue Bird Corporation?,bridge,already_solved,2,0.0
2.0,hotpot,1.0,1.0,win,5a7b89a3554299294a54a9e3,A Big Daddy is a fictional character in a series that has sold more than how many copies? ,bridge,rescuable,2,0.5
2.0,hotpot,0.0,2.0,tie,5a7ba8fc5542995eb53be986,"Who was born first, Umar Israilov or Ramzan Kadyrov?",bridge,already_solved,2,0.0
2.0,hotpot,0.0,1.0,tie,5a7bb983554299042af8f7c1,Who directed the nuclear war drama where Rita May played Jimmy Kemp's mother?,bridge,already_solved,2,0.0
2.0,hotpot,0.0,2.0,tie,5a7bbee85542997c3ec97270,Rafe Hernandez is a fictional character who played with Chrishell Stause's charachter on Days of our live?,bridge,rescuable,2,0.0
1.0,hotpot,0.0,1.0,tie,5a7bc0755542995eb53be9a5,The series of novels that reference numerous locations and incorporates themes from multiple genres is titled what?,bridge,already_solved,2,0.0
2.0,hotpot,1.0,1.0,win,5a7bc42e554299294a54aabe,What award was an actor born in 1955 that acted in the movie Ransom nominated for?,bridge,rescuable,2,0.5
0.0,hotpot,0.0,0.0,tie,5a7c02c45542996dd594b880,"In which theater did Heidi Brunner, a Swiss opera singer, play the role as Annio? ",bridge,unreachable,2,0.0
2.0,hotpot,0.0,2.0,tie,5a7c221f554299683c1c62d2,"New Hampshire Route 124 runs between two regions, one of which is found in Cheshire County, New Hampshire, United States with the population of about 2000 and is named what?",bridge,rescuable,2,0.0
2.0,hotpot,-1.0,2.0,loss,5a7c22bb554299683c1c62d3,"Was California State University, Dominguez Hills founded before or after Pacific Lutheran University?",comparison,already_solved,2,-0.5
2.0,hotpot,0.0,2.0,tie,5a7c290c5542990527d55468,"Lawton–Fort Sill Regional Airport, a charter base for value airline Allegiant Air, is situated in which U.S. state?",bridge,already_solved,2,0.0
2.0,hotpot,1.0,1.0,win,5a7c465a5542990527d5547f,"The Churchills is a TV exploration of Winston Churchill and his ancestor the Duke of Marlborough, presented by which English historian and broadcaster?",bridge,rescuable,2,0.5
2.0,hotpot,0.0,1.0,tie,5a7c53a855429935c91b515d,What drum machine was introduced in 1989 and allowed 32 notes to be played simultaneously?,bridge,anchor_failure,2,0.0
2.0,hotpot,1.0,1.0,win,5a7c5a87554299683c1c62eb,"What community in Imperial County, California is partly named after a species of tree that is native to North America, Europe, and western Asia?",bridge,anchor_failure,2,0.5
2.0,hotpot,0.0,2.0,tie,5a7c634c55429907fabeef79,"Which writer died later, Agatha Christie or Clement Greenberg?",comparison,already_solved,2,0.0
0.0,hotpot,0.0,0.0,tie,5a7c646e55429907fabeef7c,Aerodynamik is a Kraftwerk song on an album recorded for what anniversity of the Tour de France bicycle race?,bridge,already_solved,2,0.0
0.0,hotpot,0.0,0.0,tie,5a7c75045542990527d554b2,Who was born first out of Nick Grinde and Karel Reisz?,comparison,already_solved,2,0.0
1.0,hotpot,0.0,1.0,tie,5a7c784055429907fabeef98,What was Mike Coffman's title after being replaced as secretary of state by Bernie Buescher?,bridge,already_solved,2,0.0
0.0,hotpot,0.0,0.0,tie,5a7c7c225542996dd594b93f,Which host of Sunday Night Safran has the hebrew first name Yehoshua?,bridge,already_solved,2,0.0
1.0,hotpot,0.0,0.0,tie,5a7c8ae855429935c91b5207,Which member of The New Russian School was both a doctor and a chemist besides being a composer?,bridge,already_solved,2,0.0
0.0,hotpot,0.0,0.0,tie,5a7ca74c55429907fabeefe9,Who was born first Edward Keonjian or Aram Saroyan?,comparison,already_solved,2,0.0
2.0,hotpot,1.0,1.0,win,5a7cb2ed5542990527d55505,When was the stadium that held the 2015 Magyar Kupa demolished?,bridge,rescuable,2,0.5
2.0,hotpot,0.0,1.0,tie,5a7cb993554299452d57b9c2,How much change in elevation is there at the site of the 1999 FIA GT Hockenheim 500km?,bridge,already_solved,2,0.0
2.0,hotpot,0.0,1.0,tie,5a7cbf93554299452d57b9f5,Which constituent college of the University of Oxford endows four professorial fellowships for sciences including chemistry and pure mathematics?,bridge,already_solved,2,0.0
1.0,hotpot,0.0,1.0,tie,5a7cd5b05542990527d5553d,"What Northern Ireland town founded in 1620 is the birthplace of one of the final four contestants from the seventh UK series of ""The Apprentice""?",bridge,already_solved,2,0.0
1.0,hotpot,0.0,1.0,tie,5a7cd66a554299452d57ba90,"Which band had more members, Semisonic or Cake?",comparison,already_solved,2,0.0
2.0,hotpot,0.0,1.0,tie,5a7ce0ce554299452d57ba92,"Which of the four US Presidents who have been assinated was shot on the grounds of the Pan-American Exposition at the Temple of Music in Buffalo, New York?",bridge,already_solved,2,0.0
1.0,hotpot,0.0,1.0,tie,5a7ce100554299683c1c63b5,"Who is younger, Terry Glaze or Hayley Williams?",comparison,already_solved,2,0.0
2.0,hotpot,0.0,1.0,tie,5a7cef5d55429909bec768ac,The was the album with the song  Unbelievable by American rapper The Notorious B.I.G released?,bridge,already_solved,2,0.0
0.0,hotpot,0.0,0.0,tie,5a7d07a455429907fabef0ae,"József Viola's association was most prominent with which professional Italian football club in Turin, Piedmont?",bridge,already_solved,2,0.0
2.0,hotpot,1.0,1.0,win,5a7d1765554299452d57bade, The 1919 Mississippi gubernatorial election Incumbent Democrat was a master of what?,bridge,rescuable,2,0.5
2.0,hotpot,0.0,2.0,tie,5a7d19d85542995ed0d165e8,The Tennessee Volunteers football team plays as a member for a conference in what city?,bridge,rescuable,2,0.0
2.0,hotpot,0.0,2.0,tie,5a7d215255429909bec76979,Water Night was composed by what Grammy-winning American composer?,bridge,unreachable,2,0.0
2.0,hotpot,0.0,2.0,tie,5a7d26bd554299452d57bb28,"Who was born earlier, Johnny Lujack or Jim Kelly?",bridge,already_solved,2,0.0
2.0,hotpot,0.0,2.0,tie,5a7d2afb554299452d57bb41,The Story of Them Featuring Van Morrison is a compilation album recorded by what Northern Irish band formed in Belfast in April 1964?,bridge,already_solved,2,0.0
2.0,hotpot,0.0,2.0,tie,5a7d2c8d5542995ed0d16624,"Who is older, Steven Tyler, or Elizabeth Fraser?",comparison,already_solved,2,0.0
2.0,hotpot,0.0,2.0,tie,5a7d2ecc5542995ed0d16629,Robbie Tucker plays in what series that follows a group of friends who run an Irish bar?,bridge,already_solved,2,0.0
2.0,hotpot,0.0,2.0,tie,5a7d3470554299452d57bb56,A scam involving a male calling small town fast-food restaurants and pretending to be a police officer to have them strip search employees was turned into a movie of what name?,bridge,already_solved,2,0.0
2.0,hotpot,0.0,1.0,tie,5a7d61775542991319bc93b9,"During Siege of Bharatpur, which Commander-in-Chief of Ireland and Commander-in-Chief of India contributed to the storming of the castle?",bridge,already_solved,2,0.0
2.0,hotpot,0.0,1.0,tie,5a7d7d895542995f4f402281,"As the oldest player in the NFL, this football player is the only player ever to have accomplished what?",bridge,already_solved,2,0.0
2.0,hotpot,1.0,1.0,win,5a7da3a95542990b8f5039e6,What position did the former Major League Baseball player play who worked on the same broadcast team as Kim Kelch?,bridge,rescuable,2,0.5
1.0,hotpot,0.0,1.0,tie,5a7da6cb5542990b8f5039ff,Kevin Alejandro was part of the cast of the 2015 American drama film written and directed by whom?,bridge,already_solved,2,0.0
2.0,hotpot,0.0,2.0,tie,5a7da8065542995f4f4022a7,Where did the opera in which Iva Pacetti starred as Elena first premier?,bridge,unreachable,2,0.0
2.0,hotpot,0.0,2.0,tie,5a7db0a05542991319bc93f5,What college in the Blue Ridge Assembly Historic District  emphasized the study of art?,bridge,already_solved,2,0.0
1.0,hotpot,1.0,0.0,win,5a7db62d5542997cc2c4747c,What German state was Karl Julius Perleb born in?,bridge,rescuable,2,0.5
0.0,hotpot,0.0,0.0,tie,5a7dbb295542990b8f503a4b,"Which Russian professional ice hockey player, known as the Magic Man, was the final recipient of the NHL Plus-Minus Award?",bridge,already_solved,2,0.0
2.0,hotpot,0.0,1.0,tie,5a7dbb605542997cc2c47486,Many jack-in-the-boxes use an English nursery rhyme with a Roud Folk Song Index number of what?,bridge,anchor_failure,2,0.0
1.0,hotpot,0.0,1.0,tie,5a7dc2495542997cc2c4749a,"What competition held in Kathmandu, Nepal did Julian Bolling compete in 1984?",bridge,already_solved,2,0.0
1.0,hotpot,1.0,0.0,win,5a7dedef5542995f4f40231a,"Which English actor, comedian and singer is featured in Chalk and Cheese?",bridge,rescuable,2,0.5
1.0,hotpot,0.0,1.0,tie,5a7df7115542990b8f503b0f,Who was born first out of Todd Field and Aaron Katz?,comparison,already_solved,2,0.0
0.0,hotpot,0.0,0.0,tie,5a7e02e05542995ed0d1667c,Was the Sacramento Deep Water Ship Channel or the Contra Costa Canal completed in an earlier year?,comparison,already_solved,2,0.0
1.0,hotpot,0.0,1.0,tie,5a7e040f5542990b8f503b13,"Who was born first, Bruce Conner or Nils Gaup?",comparison,already_solved,2,0.0
1.0,hotpot,0.0,0.0,tie,5a7e075c5542995f4f4023a3,Metro West Ambulance serves event support for the building in Portland formerly known as what?,bridge,already_solved,2,0.0
2.0,hotpot,0.0,2.0,tie,5a7e14505542995ed0d16685,"Which canal is located farther east, Champlain Canal or Warren County Canal?",comparison,already_solved,2,0.0
2.0,hotpot,1.0,1.0,win,5a7e1a2955429965cec5ea5d,The Cinematic Orchestra was signed to the record label based in what city?,bridge,rescuable,2,0.5
2.0,hotpot,0.0,1.0,tie,5a7e1cd955429965cec5ea76,During which months of the year does the goalkeeper for Bengaluru FC play? ,bridge,anchor_failure,2,0.0
1.0,hotpot,0.0,1.0,tie,5a7e31c055429934daa2fbee,"Which band was formed in a country closer to England, Kodaline or Rivermaya ?",comparison,already_solved,2,0.0
1.0,hotpot,0.0,0.0,tie,5a7e32905542991319bc943b,Jennifer Jones captained the gold medalists for Canada at the Sochi Winter Olympics in which event?,bridge,already_solved,2,0.0
1.0,hotpot,0.0,1.0,tie,5a7e3b585542995ed0d166df,"Which film was released first, Home on the Range or Pete's Dragon?",comparison,already_solved,2,0.0
1.0,hotpot,0.0,1.0,tie,5a7e3c6e5542994959419937,"What big-budget epic film was released the same year as the film that focuses on a series of sudden, unexplained violent bird attacks?",bridge,already_solved,2,0.0
2.0,hotpot,0.0,2.0,tie,5a7e5ec25542991319bc947a,"Which tennis player is younger, John Newcombe or Květa Peschke?",comparison,already_solved,2,0.0
0.0,hotpot,0.0,0.0,tie,5a7e7c725542991319bc94be,In what year did Farda Amiga win a race at the Saratoga Race course?,bridge,unreachable,2,0.0
2.0,hotpot,0.0,2.0,tie,5a7e7d4655429934daa2fc2e,"What of Nico van der Meel's operatic roles was starring in a libretto based loosely on the eight paintings and engravings ""A Rake's Progress""?",bridge,already_solved,2,0.0
2.0,hotpot,0.0,2.0,tie,5a7e7ed05542991319bc94c2,"Which magazine is older, Gallery or Dime Magazine?",comparison,already_solved,2,0.0
2.0,hotpot,1.0,1.0,win,5a7eb8f655429934daa2fc50,The winning jockey of the 1997 Cheltenham Gold Cup held a record for winner of what award 20 consecutive times?,bridge,rescuable,2,0.5
2.0,hotpot,1.0,1.0,win,5a7eb9f355429934daa2fc53,The St. Louis Bay Bridge runs between Bay St. Louis and a city in what county?,bridge,rescuable,2,0.5
1.0,hotpot,0.0,1.0,tie,5a7ec61a55429934daa2fc5f,Are Staten Island Catapult and This Is Elvis both documentaries?,comparison,already_solved,2,0.0
0.0,hotpot,0.0,0.0,tie,5a7effeb5542994959419aa0,Which crop first domesticated in Mexico has its price regulated by a Mexican parastatal created in 1962?,bridge,already_solved,2,0.0
2.0,hotpot,0.0,2.0,tie,5a7f010955429934daa2fc8b,Were Basil Dean and Francis Ford Coppola both alive at some point in time?,comparison,already_solved,2,0.0
1.0,hotpot,0.0,1.0,tie,5a7f1e805542993067513640,"When does the universe, Earth, and all life on Earth were created as believed by an organization which commissioned The Voyage That Shook The World?",bridge,already_solved,2,0.0
2.0,hotpot,-1.0,2.0,loss,5a7f22005542993067513656, Among Kele Okereke and Jon Hume who made the New Zealand band Evermore?,comparison,already_solved,2,-0.5
2.0,hotpot,0.0,2.0,tie,5a7f275d55429934daa2fd01,Are both Jonathan Marray and Wayne Black British?,comparison,already_solved,2,0.0
2.0,hotpot,0.0,1.0,tie,5a7f38e255429930675136b6,"The Ronkonkama railroad station and the town of Islip, New York are near?",bridge,already_solved,2,0.0
2.0,hotpot,0.0,2.0,tie,5a7f3c8f55429930675136c9,Buck Rogers XXVC is a published campaign setting or a homebrew campaign setting?,bridge,already_solved,2,0.0
2.0,hotpot,0.0,2.0,tie,5a7f3f7c55429934daa2fd45,"Which band has more members, The Futureheads or Marcy Playground?",comparison,already_solved,2,0.0
2.0,hotpot,0.0,1.0,tie,5a7f57a45542992097ad2f29,"What party was Johan Henrik Deuntzer a part of before the party that translates to the ""Radical Left?""",bridge,already_solved,2,0.0
2.0,hotpot,1.0,1.0,win,5a7f6fd75542992e7d278cfa,"Which Canadian rock band released a song called ""Counterparts"" and had a drummer who was inducted into the Modern Drummer Hall of Fame?",bridge,rescuable,2,0.5
2.0,hotpot,1.0,1.0,win,5a7f81425542992097ad2f8e,"Which movie was released first, 'Mean Girls' or the remake of 'April Fool's Day'?",bridge,rescuable,2,0.5
2.0,hotpot,1.0,1.0,win,5a7f8b8c5542995d8a8ddea1,The term snake eyes is used in a particular casino game that uses what game pieces?,bridge,rescuable,2,0.5
1.0,hotpot,0.0,1.0,tie,5a7f96a95542995d8a8ddead,"IS Universidad de Oriente part of the same public university system as California State University, Dominguez Hills?",comparison,already_solved,2,0.0
2.0,hotpot,0.0,1.0,tie,5a7fe7f85542994857a7683e,Genealogy is an Armenian supergroup that competed in a 2015 singing contest in what city?,bridge,already_solved,2,0.0
1.0,hotpot,1.0,0.0,win,5a8026a05542992e7d278df8,Iselin Solheim provided vocals in the song released on what date?,bridge,rescuable,2,0.5
2.0,hotpot,-1.0,2.0,loss,5a80297f5542992e7d278e08,"Which singer is also a comic book writer, Max Bemis or Robert Palmer?",comparison,already_solved,2,-0.5
2.0,hotpot,0.0,2.0,tie,5a802b595542995d8a8ddf51,"What is the familiar name for the first operation in the Battle of Normandy, also codenamed Operation Overlord?",bridge,rescuable,2,0.0
0.0,hotpot,0.0,0.0,tie,5a802fb8554299485f598582,Careers and The Really Nasty Horse Racing Game are both what kind of game?,comparison,already_solved,2,0.0
2.0,hotpot,0.0,1.0,tie,5a80522b5542996402f6a4c1,What population ranking is the Oklahoma city located south of a wilderness area spanning over 5000 acres?,bridge,already_solved,2,0.0
2.0,hotpot,0.0,2.0,tie,5a806e01554299485f5985e5,Who starred in the 1991 American action comedy film The Hard Way and was featured on the roster of Rawkus Records?,bridge,rescuable,2,0.0
2.0,hotpot,0.0,2.0,tie,5a807ca5554299485f598613,Where was the original line of the railroad William Howard worked for?,bridge,already_solved,2,0.0
0.0,hotpot,0.0,0.0,tie,5a808afb5542992bc0c4a76b,"Which writer of French descent actually lived in France, Maurice Level or John Dufresne?",comparison,already_solved,2,0.0
0.0,hotpot,0.0,0.0,tie,5a809e9f5542996402f6a5b1,Ricky Martin's concert tour in 1999 featured an American heavy metal band formed in what year?,bridge,unreachable,2,0.0
2.0,hotpot,0.0,2.0,tie,5a80a7f6554299485f598680,Abraham Lincoln Neiman and his wife Carrie Marcus Neiman cofounded Neiman Marcus with Carrie's brother Herbert in which American city in 1907?,bridge,already_solved,2,0.0
2.0,hotpot,0.0,2.0,tie,5a80ac53554299485f5986a0,Which PGA championship did Mark Brooks win?,bridge,already_solved,2,0.0
0.0,hotpot,0.0,0.0,tie,5a80b0565542996402f6a5f0,"Which band was formed first, Lit or Adorable?",comparison,already_solved,2,0.0
2.0,hotpot,1.0,1.0,win,5a80b322554299485f5986c8,"The twenty-first season of South Park was entitled ""White People Renovating Houses"" is which episode of the series overall?",bridge,rescuable,2,0.5
2.0,hotpot,1.0,1.0,win,5a80c01855429938b61421b8,Who was the head coach of the Georgia Tech football team that finished the regular season with the same record as the 1981 team?,bridge,rescuable,2,0.5
1.0,hotpot,0.0,1.0,tie,5a80ef1555429938b614225e,The German geographer and geopolitician Otto Maull was part of a team led by Haushofer whose close associate was a prominent politician in Nazi Germany born in 1894 who served under Hitler in 1933 as what capacity?,bridge,already_solved,2,0.0
2.0,hotpot,0.0,2.0,tie,5a810d5255429926c1cdacd8,"Is the U.S. Bank Stadium home to the Minnesota Vikings, open air or fixed-roof?",bridge,rescuable,2,0.0
2.0,hotpot,0.0,2.0,tie,5a811667554299260e20a23d,What occupations do both Ian Hunter and Rob Thomas have?,comparison,already_solved,2,0.0
0.0,hotpot,0.0,0.0,tie,5a812d0555429938b61422e1,"Which breed of dog came first, the Norrbottenspets or the Blue Lacy?",comparison,already_solved,2,0.0
2.0,hotpot,0.0,2.0,tie,5a8133725542995ce29dcbdb,"Which writer was from England, Henry Roth or Robert Erskine Childers?",comparison,already_solved,2,0.0
2.0,hotpot,0.0,1.0,tie,5a81778355429926c1cdad2e,What lake in Australia is named after a Scottish Knight?,bridge,already_solved,2,0.0
1.0,hotpot,0.0,1.0,tie,5a8197905542995ce29dcc10,"Which dog breed is NOT recognized by the Fédération Cynologique Internationale (FCI), the Korean Jindo or the Taigan?",comparison,already_solved,2,0.0
2.0,hotpot,0.0,2.0,tie,5a81a4615542995ce29dcc1e,Where is the closest relative to the whale located?,bridge,unreachable,2,0.0
2.0,hotpot,0.0,2.0,tie,5a81ca0d5542990a1d231ebb,"Which of the office buildings used to staff the White House used to be known as the State, War, and Navy Building?",bridge,already_solved,2,0.0
2.0,hotpot,0.0,2.0,tie,5a81d81e554299676cceb0f6,"Which car brand was one step above the brand started on November 3, 1911?",bridge,rescuable,2,0.0
1.0,hotpot,0.0,1.0,tie,5a81db0b5542990a1d231ee2,The 2005 film Remedy featured Frank Vincent from The Sopranos and several mob movies by which acclaimed director?,bridge,already_solved,2,0.0
2.0,hotpot,1.0,1.0,win,5a81ea115542995ce29dcc78,"The compilation EP ""COM LAG "" by Radiohead collects many B-side singles from their album released in the UK by what record company?",bridge,rescuable,2,0.5
2.0,hotpot,0.0,1.0,tie,5a820897554299676cceb1f4,Which founding member drew critical acclaim as a bass guitarist with melodic basslines  on Murmur?,bridge,already_solved,2,0.0
2.0,hotpot,0.0,1.0,tie,5a820cb355429903bc27ba2f,Who helped initially design the Gotha Go 229 and later died in Argentina in 1994?,bridge,already_solved,2,0.0
1.0,hotpot,1.0,0.0,win,5a82112955429926c1cdae25,"WAVN is a Gospel formatted broadcast radio station tied to which city in DeSoto County, Mississippi?",bridge,rescuable,2,0.5
2.0,hotpot,0.0,2.0,tie,5a82119155429926c1cdae28, Charice is the first international studio album of a singer who rose to popularity through what?,bridge,already_solved,2,0.0
1.0,hotpot,0.0,0.0,tie,5a824858554299676cceb247,What nationality was the noble house that employed Frntisek Rint to organize the human bones interred at the Sedlec Ossuary?,bridge,already_solved,2,0.0
2.0,hotpot,1.0,1.0,win,5a824e0b554299676cceb254,Where is the origin of Tie Domi who was a player for the Maple Leafs?,bridge,rescuable,2,0.5
2.0,hotpot,1.0,1.0,win,5a829a7055429966c78a6a66,"What is unique about the forum an American poet, memoirist, and civil rights activist spoke at?",bridge,rescuable,2,0.5
2.0,hotpot,0.0,2.0,tie,5a82bb3c55429966c78a6a86,Live at Radio City is a live Album recorded in what City?,bridge,rescuable,2,0.0
2.0,hotpot,0.0,2.0,tie,5a82c51055429966c78a6a8d,"Where did recording sessions take place for the Michael Jackson hit ""Beat It""?",bridge,already_solved,2,0.0
2.0,hotpot,1.0,1.0,win,5a82e36255429940e5e1a93b,What Manchester United and Portuguese national winger scored a goal in the 2009 FA Community Shield?,bridge,rescuable,2,0.5
2.0,hotpot,1.0,1.0,win,5a82ffef55429954d2e2ebf2,How many United States House of Representatives does Maine's congressional districts have?,bridge,rescuable,2,0.5
2.0,hotpot,0.0,2.0,tie,5a8307c055429966c78a6af9,Dana White's Tuesday Night Contender Series premiers weekly on this subscription-based video streaming service owned by the Ultimate Fighting Championship,bridge,already_solved,2,0.0
2.0,hotpot,0.0,1.0,tie,5a8314bd55429966c78a6b2a,"After Patrick Mercer's suspension in April 2014, who won the seat for Newark?",bridge,already_solved,2,0.0
2.0,hotpot,0.0,2.0,tie,5a8318955542990548d0b177,How many Grammy awards were won by an album named after the Joni Mitchell song from Love Actually?,bridge,already_solved,2,0.0
1.0,hotpot,0.0,1.0,tie,5a831fc955429954d2e2ec28,What city is the most populous city in Australia and Oceania and the birthplace of a silver and bronze medalist from the 1992 Barcelona Paralympics?,bridge,already_solved,2,0.0
2.0,hotpot,1.0,1.0,win,5a832ad55542990548d0b1b5,What city hosts an annual convention devoted to a line of toys manufactured by a company based in Denmark?,bridge,rescuable,2,0.5
2.0,hotpot,0.0,2.0,tie,5a832fdd55429954d2e2ec4f,Who founded O Magazine that contained Elissa Schappell's second book of fiction?,bridge,already_solved,2,0.0
0.0,hotpot,0.0,0.0,tie,5a835a7b554299123d8c20fc,"The publication of which magazine ended first, Right On! or Castle of Frankenstein?",comparison,already_solved,2,0.0
1.0,hotpot,0.0,0.0,tie,5a8361f35542996488c2e431,Underwater! is a 1955 adventure film starring an American film actress who was a leading sex symbol in what decades?,bridge,already_solved,2,0.0
2.0,hotpot,0.0,1.0,tie,5a8367c1554299334474600e,Which team did Lars Lunde play for when defeated for the 1987 European Cup Final?,bridge,already_solved,2,0.0
1.0,hotpot,0.0,1.0,tie,5a836a2d554299334474600f,What ended the career of the German composer of Bunte Blatter?,bridge,unreachable,2,0.0
0.0,hotpot,0.0,0.0,tie,5a8389445542996488c2e450,"Which is longer, Hampshire and Hampden Canal or Tennessee–Tombigbee Waterway?",comparison,already_solved,2,0.0
0.0,hotpot,0.0,0.0,tie,5a838eba5542992ef85e22fe,Which documentary film was released first Tar Creek or Volcanic Sprint?,comparison,already_solved,2,0.0
2.0,hotpot,0.0,1.0,tie,5a83938c5542993344746049,What is the date of the reissue of one of Rhihanna's album that features three newly recorded songs and a DVD showing exclusive behind-the-scenes footage of Rihanna's worldwide tour that was the second overall and first world concert tour by Rihanna?,bridge,already_solved,2,0.0
2.0,hotpot,0.0,1.0,tie,5a83a30a5542992ef85e2339,"In which division does this team, for which Kyle Skipworth played a catcher, compete?",bridge,already_solved,2,0.0
2.0,hotpot,0.0,2.0,loss,5a83aaeb5542996488c2e483,What studio album did Kanye West record with Roc-A-Fella Records and soul singer Dwele?,bridge,anchor_failure,2,-0.5
2.0,hotpot,0.0,2.0,tie,5a83b4d35542996488c2e495,The Sophia Amalia was named after the wife of a king that ruled which two countries in 1648?,bridge,rescuable,2,0.0
0.0,hotpot,0.0,0.0,tie,5a83eaae55429933447460b4,"The Swiss immigration referendum, February 2014 is an example of what, which was framed by bilateral treaties between Switzerland and the European Union?",bridge,already_solved,2,0.0
1.0,hotpot,0.0,0.0,tie,5a841b215542990548d0b25b,"Frank Sindone helped plot the murder of a family mob boss, What was this boss's nickname ?",bridge,already_solved,2,0.0
2.0,hotpot,1.0,1.0,win,5a8463d05542990548d0b2a5,What American actress stars in Tainted?,bridge,rescuable,2,0.5
2.0,hotpot,0.0,2.0,tie,5a8466a75542993344746108,What is the name of the so-called reform opera for Vienna that came before the one first performed in Vienna in the presence of Empress Maria Theresa?,bridge,already_solved,2,0.0
2.0,hotpot,1.0,1.0,win,5a84a8ce5542997175ce1f1c,Who was the First Prophert to the sixth Pharaoh of the Eighteenth Dynasty?,bridge,rescuable,2,0.5
2.0,hotpot,1.0,1.0,win,5a84af3e5542991dd0999d7c,"Which city in Missouri is the Route 66 State Park closest to travel from, St.Louis or Eureka?",bridge,rescuable,2,0.5
2.0,hotpot,0.0,1.0,win,5a84c01e5542991dd0999dd6,In which period the first King of Norway's son who was the king of Norway?,bridge,anchor_failure,2,0.5
1.0,hotpot,0.0,1.0,tie,5a84cd4b5542991dd0999dfe,Are both Kyosuke Himuro and Boy George musicians from the 1980s?,comparison,already_solved,2,0.0
2.0,hotpot,-1.0,2.0,loss,5a84d71c5542997b5ce3ff75,Who was the king of England who became king after the death of his younger brother and whose reign was chaotic due to rivalry with relatives until his own death a few decades later?,bridge,already_solved,2,-0.5
2.0,hotpot,0.0,2.0,tie,5a84de5f5542991dd0999e07,"Where was the father of the Jackson, Mississippi mayor elected in 2017 born?",bridge,already_solved,2,0.0
2.0,hotpot,0.0,2.0,tie,5a84eecd5542994c784dda8e,What type of group does Pablo Carballo and Argentine Air Force have in common?,bridge,already_solved,2,0.0
1.0,hotpot,0.0,1.0,tie,5a84f4c75542997175ce1f31,Which Italian composer was known for his long-flowing melodic lines and was included in the repertoire of Maria Callas?,bridge,already_solved,2,0.0
2.0,hotpot,0.0,2.0,tie,5a85018d5542997b5ce3ff98,Which host of Straight to the Heart is an American actress and producer?,bridge,unreachable,2,0.0
2.0,hotpot,-1.0,2.0,loss,5a851ba95542997175ce1f81,"Rosemary Willis was seen in the grass in what Texas town, where John F. Kennedy was assassinated?",bridge,already_solved,2,-0.5
1.0,hotpot,0.0,1.0,tie,5a8534305542997b5ce3ffc4,"Between the two operas, Mosè in Egitto and Lucrezia Borgia, which one has more acts?",comparison,already_solved,2,0.0
1.0,hotpot,0.0,1.0,tie,5a8545ba5542997b5ce3ffdd,"How does this series represent a function, which is also used in the Homotopy analysis method?",bridge,already_solved,2,0.0
1.0,hotpot,0.0,1.0,tie,5a855ca15542992a431d1b12,The Chinese actress also known as Crystal Liu stars in Night Peacock with which three other actresses?,bridge,already_solved,2,0.0
1.0,hotpot,0.0,1.0,tie,5a8574945542997b5ce3fffb,"Which film was Oscar nominated, LaLee's Kin: The Legacy of Cotton or Gimme Shelter, the 1970 Rolling Stones documentary?",comparison,already_solved,2,0.0
2.0,hotpot,0.0,2.0,tie,5a8587dd5542997b5ce40000,What program did this Basham brother who appeared with World Wrestling Entertainment between 2002 and 2007 participated in 2007?,bridge,already_solved,2,0.0
0.0,hotpot,0.0,0.0,tie,5a85a2845542997175ce1fe1,Are both Aloinopsis and Eriogonum ice plants?,comparison,already_solved,2,0.0
2.0,hotpot,0.0,2.0,tie,5a85b0c85542994c784ddb40,What institution does 2017 Texas Tech Red Raiders baseball team and Dan Law Field at Rip Griffin Park have in common?,bridge,already_solved,2,0.0
2.0,hotpot,0.0,1.0,tie,5a85c3225542992a431d1b95,The 2000 ICC KnockOut Trophy was the debut of a Jamaican cricketer who is a right-handed what?,bridge,already_solved,2,0.0
0.0,hotpot,0.0,0.0,tie,5a85d4ad5542997175ce2050,Jim Sharman and Ava DuVernay both share what title concerning their actions leading actors in film or stage?,comparison,already_solved,2,0.0
2.0,hotpot,0.0,2.0,tie,5a85ecf25542991dd0999ec6,"Who plays opposite the double Olivier Award-winning English actress in the 2000 TV film following the relationship between ""Carry On"" film actors Sid James and Barbara Windsor?",bridge,unreachable,2,0.0
2.0,hotpot,0.0,2.0,tie,5a85f5115542991dd0999ed9,What kind of ships have been named after the King of Norway who ascended the throne in 1991?,bridge,already_solved,2,0.0
2.0,hotpot,0.0,1.0,tie,5a85f98e5542996432c57152,Where did the designer of the Van de Graaff generator teach at?,bridge,already_solved,2,0.0
2.0,hotpot,0.0,2.0,tie,5a85fb085542994775f606de,What is the name of the executive producer of the film that has a score composed by Jerry Goldsmith?,bridge,rescuable,2,0.0
1.0,hotpot,0.0,0.0,tie,5a86141f5542996432c571a5,Ashley Benson portrayed the role of Brit in the 2012 crime film directed by whom?,bridge,already_solved,2,0.0
2.0,hotpot,0.0,2.0,tie,5a862974554299211dda2a95,"Who is older, Jed Hoyer or John William Henry II?",bridge,already_solved,2,0.0
2.0,hotpot,0.0,1.0,tie,5a862b0b554299211dda2a98,The current home ground of the Salford Red Devils was built for what season?,bridge,already_solved,2,0.0
2.0,hotpot,0.0,2.0,tie,5a862da855429960ec39b640,Who sponsors the award Alex Rodriguez won two of?,bridge,rescuable,2,0.0
2.0,hotpot,1.0,1.0,win,5a8645825542991e771815eb,"Deckers Creek is a tributary, and its beginning in the west is named after?",bridge,rescuable,2,0.5
1.0,hotpot,1.0,0.0,win,5a86458b5542991e771815ec,What is the population of the city where the Akademisches Kunstmuseum is?,bridge,rescuable,2,0.5
1.0,hotpot,0.0,0.0,tie,5a8646ec5542991e771815f2,Stig Lennart Blomqvist drove which car produced by German automobile manufacturer?,bridge,already_solved,2,0.0
0.0,hotpot,0.0,0.0,tie,5a864d9e5542994775f6073d,Were Ulrich Walter and Léopold Eyharts both from Germany?,comparison,already_solved,2,0.0
2.0,hotpot,0.0,1.0,tie,5a865bbf5542991e77181615,what movie starring Melissa McCarthy features a character named Slimer?,bridge,already_solved,2,0.0
1.0,hotpot,1.0,0.0,win,5a8661535542994775f60758,What schools of thought are drawn from in the academic discipline of Hafiz Rashid Khan?,bridge,rescuable,2,0.5
0.0,hotpot,0.0,0.0,tie,5a866fa855429960ec39b6a5,Ella Purnell appeared in this 2014 film loosely based on what fairy tale?,bridge,already_solved,2,0.0
2.0,hotpot,1.0,1.0,win,5a866fed554299211dda2b2e,Psycho-physical Awareness was developed into an original and dependable method by a Russian-American actor who was referred to by Konstantin Stanislavski as what?,bridge,rescuable,2,0.5
1.0,hotpot,0.0,0.0,tie,5a8671e95542994775f60763,The Six Arms Saga was written by the former editor-in-chief of what company?,bridge,already_solved,2,0.0
2.0,hotpot,1.0,1.0,win,5a86769c5542994775f60776,Armageddon in Retrospect was written by the author who was best known for what 1969 satire novel?,bridge,rescuable,2,0.5
2.0,hotpot,0.0,2.0,tie,5a868ca055429960ec39b6be,"Who was the director of 1935 American crime drama film, which was the feature film debut if the classic actor born on May 20,1908 ?",bridge,rescuable,2,0.0
2.0,hotpot,0.0,2.0,tie,5a86ec9f55429960ec39b6d7,Does Erodium or Cymbidium include more species?,comparison,already_solved,2,0.0
2.0,hotpot,0.0,2.0,tie,5a8704f8554299211dda2ba4,What is the name of the Isles who were led by Aonghus Mór and covered a total land area of over 8300 km2?,bridge,already_solved,2,0.0
2.0,hotpot,0.0,2.0,tie,5a8708ba55429960ec39b701,Snoop Dogg's Doggystyle and Snoop Dogg's Hustlaz: Diary of a Pimp are hip-hop music videos that feature what film genre?,bridge,already_solved,2,0.0
2.0,hotpot,1.0,0.0,win,5a8720885542991e771816d8,"What language, also known as the Amazigh, is part of Siwa Oasis?",bridge,anchor_failure,2,0.5
1.0,hotpot,0.0,1.0,tie,5a8747915542994775f607bb,"Which three-time Olivier Award winning English actress starred in the 1981 BBC television serial, Sons and Lovers?",bridge,already_solved,2,0.0
2.0,hotpot,0.0,2.0,tie,5a8750945542996432c57264,What kind of teacher is the actress who was killed off along with Sonny?,bridge,unreachable,2,0.0
1.0,hotpot,0.0,1.0,tie,5a8756f25542994775f607dc,What pistol cartridge was the original cartridge for the service pistol produced by a German arms manufacturer between 1896 and 1937?,bridge,already_solved,2,0.0
1.0,hotpot,0.0,1.0,tie,5a87572d5542994846c1cd6b,WLMW is licensed to a city in which county?,bridge,rescuable,2,0.0
2.0,hotpot,0.0,2.0,tie,5a875cd65542996e4f30879d,"What kind of producer is the person who helped created ""The Spiderwick Cronicles"" with Holly Black?",bridge,rescuable,2,0.0
2.0,hotpot,0.0,1.0,tie,5a876cd55542993e715abf36,Kim Jong-hyun's first studio album was distributed by whom?,bridge,already_solved,2,0.0
2.0,hotpot,0.0,2.0,tie,5a8771595542993e715abf46,"What nationality was the Jaguar R2 driver, Eddie Irvine?",bridge,already_solved,2,0.0
1.0,hotpot,1.0,0.0,win,5a879adb5542996e4f30887f,What other political position did the person who introduced the DISCLOSE Act hold?,bridge,rescuable,2,0.5
2.0,hotpot,0.0,2.0,tie,5a8836445542997e5c09a5a5,Professor A. Selvanathan is a professor at a university that is public or private ?,bridge,unreachable,2,0.0
2.0,hotpot,0.0,2.0,tie,5a88364c5542994846c1ce2e,Were Ransom Riggs and John Berry from the same country?,comparison,already_solved,2,0.0
2.0,hotpot,0.0,2.0,tie,5a8838885542994846c1ce39,"Which 18th-century canal was longer, the Sandy and Beaver Canal in Ohio or New Jersey's Morris Canal?",comparison,already_solved,2,0.0
2.0,hotpot,0.0,2.0,tie,5a88401c5542994846c1ce60,When was the conference the The 1998 West Virginia Mountaineers football team was part of  created?,bridge,rescuable,2,0.0
2.0,hotpot,1.0,1.0,win,5a8849ac5542996e4f308932,What does the business Manny Cussins was chairman of make?,bridge,rescuable,2,0.5
2.0,hotpot,0.0,1.0,tie,5a88981c554299206df2b307,What type of conflict does Nathaniel Starbuck and Bernard Cornwell have in common?,bridge,already_solved,2,0.0
2.0,hotpot,0.0,2.0,tie,5a88a1475542997e5c09a646,"Which genus has more species, Salvia or Arachis?",comparison,already_solved,2,0.0
1.0,hotpot,0.0,1.0,tie,5a88a4245542997e5c09a668,What company did Roscoe Channing form with the owner of a leading stable of thoroughbred racehorses?,bridge,already_solved,2,0.0
2.0,hotpot,0.0,2.0,tie,5a88ac3d554299206df2b328,What country of origin does Eric Lucassen and Party for Freedom have in common?,bridge,already_solved,2,0.0
2.0,hotpot,0.0,2.0,tie,5a88e75c5542993b751ca8c7,Which of the following buildings was designed by SHoP Architects: 247 Cherry or General Motors Building?,comparison,already_solved,2,0.0
2.0,hotpot,0.0,2.0,tie,5a88f0d455429946c8d6e8dc,In what county is the General Motors Technical Center located?,bridge,rescuable,2,0.0
0.0,hotpot,0.0,0.0,tie,5a8900c75542997e5c09a6ed,What ingredient is in both Cosmopolitan and Cuba Libre?,comparison,already_solved,2,0.0
2.0,hotpot,0.0,2.0,tie,5a89a82c5542993b751ca973,Which of the following has released ten solo albums: Kristin Hersh or Mike Patton?,comparison,unreachable,2,0.0
1.0,hotpot,-1.0,1.0,loss,5a89ab1355429946c8d6e996,Is Carnegie Hall Tower located in the same city as Staten Island?,comparison,already_solved,2,-0.5
2.0,hotpot,0.0,1.0,tie,5a89cde555429946c8d6e9c4,"Shaheed Udham Singh is a movie based on what massacre that took place on 13 April, 1919?",bridge,already_solved,2,0.0
1.0,hotpot,0.0,1.0,tie,5a89d3e15542992e4fca83d4,"Which musical group has released more albums, The Telescopes or Candlelight Red?",comparison,already_solved,2,0.0
1.0,hotpot,0.0,1.0,tie,5a89dbec554299669944a5d6,Theme Park Inc is a video game that created what sequel in North America in 1999?,bridge,already_solved,2,0.0
2.0,hotpot,0.0,2.0,tie,5a89e95c5542992e4fca8474,Javier Frana and Thomaz Koch both share what occupation?,comparison,already_solved,2,0.0
2.0,hotpot,1.0,1.0,win,5a89f58f5542992e4fca84af,"What station is 3 miles away from the railway station that was used in the film ""Brief Encounter""?",bridge,rescuable,2,0.5
2.0,hotpot,0.0,2.0,tie,5a89fc665542993b751ca9de,Which them park is host to both the Back to the Future Rid and The Simpsons Ride?,bridge,already_solved,2,0.0
1.0,hotpot,1.0,0.0,win,5a8a03985542992e4fca84d6,When was the star of the 1982 remake of The Spider's Web appointed to Dame Commander of the Order of the British Empire (DBE)?,bridge,rescuable,2,0.5
0.0,hotpot,0.0,0.0,tie,5a8a06455542992e4fca84db,Are both Lukas Rossi and Terry Kath American?,comparison,already_solved,2,0.0
2.0,hotpot,0.0,2.0,tie,5a8a38135542996c9b8d5e59,Where did Otto von Bismarck and Ludwig Friedrich Leopold von Gerlach originate? ,bridge,already_solved,2,0.0
2.0,hotpot,0.0,1.0,tie,5a8a39195542992d82986f04,Blues to the Bush is an album by The Who that can still be found on what e-commerce platform that was founded in 1995?,bridge,already_solved,2,0.0
2.0,hotpot,0.0,2.0,tie,5a8a39b355429930ff3c0d13,Who created the series in which Liza Weil played Bonnie Winterbottom?,bridge,rescuable,2,0.0
2.0,hotpot,1.0,1.0,win,5a8a423255429930ff3c0d30,Dost Mohammad Khan was killed by a ruler who became the third king of what country?,bridge,rescuable,2,0.5
1.0,hotpot,0.0,1.0,tie,5a8a484f5542996c9b8d5e94,"What city did the author of ""Portraits and Prayers"" choose to live in after moving to France?",bridge,anchor_failure,2,0.0
2.0,hotpot,1.0,1.0,win,5a8a59c955429930ff3c0da6,Maximilian Büsser was the CEO of a company that produced timepieces from which country?,bridge,rescuable,2,0.5
2.0,hotpot,0.0,2.0,tie,5a8a5c0d554299515336137b,What professional dancers twice turned on a lights festival taking place on the Fylde Coast in Lancashire?,bridge,already_solved,2,0.0
2.0,hotpot,0.0,1.0,tie,5a8a70ea55429970aeb702e4," VEU, the American television channel owned by Golden West Broadcasting was similar to a defunct television servied owned by who?",bridge,already_solved,2,0.0
2.0,hotpot,0.0,2.0,tie,5a8a793555429930ff3c0de7,Did Zaza Pachulia win an NBA Championship with the Atlanta Hawks?,bridge,already_solved,2,0.0
0.0,hotpot,0.0,0.0,tie,5a8a803b55429930ff3c0e04,Jean Hudson Boyd is known for her controversial sentencing of Ethan Couch. What was his sentence?,bridge,already_solved,2,0.0
2.0,hotpot,1.0,1.0,win,5a8a833855429970aeb702fe,How many rooms are in the hotel that is home to the Cirque du Soleil show Mystere?,bridge,rescuable,2,0.5
2.0,hotpot,0.0,2.0,tie,5a8a9bc15542996c9b8d5f36,"What forim is Nicholas Dante most famous for writing in, musical, such as ""A Chorus Line"", or epic verse like ""Inferno""?",bridge,already_solved,2,0.0
1.0,hotpot,-1.0,1.0,loss,5a8aa5835542996c9b8d5f4e,"Which rock band chose its name by drawing it out of a hat, Switchfoot or Midnight Oil?",comparison,already_solved,2,-0.5
2.0,hotpot,1.0,1.0,win,5a8abcab5542996c9b8d5f67,Which was the last of four Alien films to feature Sigourney Weaver?,bridge,rescuable,2,0.5
2.0,hotpot,0.0,2.0,tie,5a8ac02d5542996c9b8d5f6f,"What colors are worn by the Oregon Duck, mascot of the University of Oregon athletic teams?",bridge,already_solved,2,0.0
2.0,hotpot,0.0,2.0,tie,5a8ad6805542992d82986f93,Leonard Whiting played the tragic hero of Romeo and Juliet in the film version by which director?,bridge,rescuable,2,0.0
0.0,hotpot,0.0,0.0,tie,5a8aee3d55429950cd6afc01,"Which has more species, Clianthus or Callicoma?",comparison,already_solved,2,0.0
2.0,hotpot,0.0,2.0,tie,5a8af94455429971feec45b6,Jon S. Cardin is the nephew of a senator who has been in office since when ?,bridge,already_solved,2,0.0
2.0,hotpot,0.0,2.0,tie,5a8b24f955429949d91db4cd,"Where is the airline company that operated United Express Flight 3411 on April 9, 2017 on behalf of United Express headquartered?",bridge,anchor_failure,2,0.0
1.0,hotpot,0.0,0.0,tie,5a8b2dc055429950cd6afc62,What year was a film made that starred Michael Bean and was directed by Terry Gilliam?,bridge,already_solved,2,0.0
2.0,hotpot,0.0,2.0,tie,5a8b397955429971feec4674,Are both John Corabi and David Byrne musicians?,comparison,already_solved,2,0.0
2.0,hotpot,0.0,2.0,tie,5a8b3e985542995d1e6f131c,"Where is the brand ""Moe's Southwest Grill"" owned based?",bridge,already_solved,2,0.0
1.0,hotpot,0.0,1.0,tie,5a8b57f25542995d1e6f1371,Were Scott Derrickson and Ed Wood of the same nationality?,comparison,already_solved,2,0.0
1.0,hotpot,0.0,1.0,tie,5a8b6ac055429949d91db5a5,"Charles Barton ""Chuck"" Kendall, Jr. was reportedly interested in purchasing the Los Angeles Clippers from which Jewish-American businessman?",bridge,already_solved,2,0.0
2.0,hotpot,0.0,2.0,tie,5a8b6efd5542997f31a41d2b,what are the low sea stacks in the Shetland Islands called?,bridge,unreachable,2,0.0
1.0,hotpot,0.0,1.0,tie,5a8b768655429949d91db5a9,What country of origin does Witness and Pamela Wallace have in common?,bridge,already_solved,2,0.0
2.0,hotpot,-1.0,2.0,loss,5a8b7ca65542997f31a41d49,When did the Romance languages of Slovenia evolver from Vulgar Latin?,bridge,already_solved,2,-0.5
2.0,hotpot,0.0,2.0,tie,5a8b8b3155429949d91db5d7,What type of activity does Owner earnings and Warren Buffett have in common?,bridge,already_solved,2,0.0
2.0,hotpot,0.0,2.0,tie,5a8b91d25542995d1e6f13fc,What occupation have Carly Gullickson and Francesca Schiavone both held?,comparison,already_solved,2,0.0
2.0,hotpot,0.0,1.0,tie,5a8b922e55429949d91db5e6,What genre does Orkworld and John Wick have in common?,bridge,already_solved,2,0.0
1.0,hotpot,0.0,0.0,tie,5a8b98665542995d1e6f1413,What is name of one of the primary holders of Schottenstein Stores Corp which was born in 1954?,bridge,already_solved,2,0.0
2.0,hotpot,0.0,2.0,tie,5a8b9cd65542997f31a41d8b,"Whose third name comes first in alphabetical order, Juan Carlos Onetti or Richard Llewellyn?",comparison,already_solved,2,0.0
2.0,hotpot,1.0,1.0,win,5a8ba3ff55429971feec4744,Stokely Webster has paintings can be found at the official residence of whom?,bridge,rescuable,2,0.5
2.0,hotpot,0.0,2.0,tie,5a8ba761554299240d9c2066,How long did the career span of the actor who starred with Mickey Rooney and Marilyn Maxwell in Off Limits?,bridge,rescuable,2,0.0
1.0,hotpot,0.0,1.0,tie,5a8bb7f95542996e8ac889ff,Where was the movie filmed starring Choi Yoon-young in 2012?,bridge,unreachable,2,0.0
2.0,hotpot,0.0,2.0,tie,5a8bbfb15542995e66a474f6,Peter Curtis and Scott Draper are both what?,comparison,already_solved,2,0.0
2.0,hotpot,0.0,2.0,tie,5a8bc1565542996e8ac88a0c,What election was Senator Harry Reid at in Nevada?,bridge,anchor_failure,2,0.0
1.0,hotpot,0.0,1.0,tie,5a8bd2965542997f31a41dd1,Were both magazines Diva and Cleo founded in the same country?,comparison,already_solved,2,0.0
2.0,hotpot,0.0,2.0,tie,5a8c301d554299240d9c20cb,"Casino and Culto A La Vida are cocktails, one of which contains Havana Club 7 and what else?",comparison,unreachable,2,0.0
2.0,hotpot,0.0,2.0,tie,5a8c620c554299240d9c2141,Are Karl Shapiro and Elie Wiesel both American writers?,comparison,already_solved,2,0.0
0.0,hotpot,0.0,0.0,tie,5a8c6342554299240d9c214a,"Claudine's Return starred the actress who played which role on ""Married...with Children""?",bridge,already_solved,2,0.0
2.0,hotpot,0.0,2.0,tie,5a8c8502554299585d9e36d0,"Who was appointed to the board of supervisors first, Jeff Sheehy or Ed Lee?",bridge,already_solved,2,0.0
2.0,hotpot,0.0,2.0,tie,5a8c8828554299653c1aa0ae,"Edward Fitzalan-Howard, 18th Duke of Norfolk is the son of what British Army general and peer",bridge,already_solved,2,0.0
2.0,hotpot,0.0,2.0,tie,5a8c90db554299653c1aa0bf,Is the building located at 200 West Street taller than the one at 888 7th Avenue?,comparison,already_solved,2,0.0
1.0,hotpot,1.0,0.0,win,5a8cc8c2554299441c6b9efc,When did the author of the book One More River is based on win the Nobel Prize?,bridge,rescuable,2,0.5
2.0,hotpot,0.0,2.0,tie,5a8ce55f554299441c6b9f62,"The band who released the debut album ""Tinted Windows"" had their first performance in what city?",bridge,already_solved,2,0.0
2.0,hotpot,0.0,1.0,tie,5a8ce9ed554299585d9e3764,Which American singer and songwriter born in 1983 formed the band Pistol Annies with Ashley Monroe and a third band member?,bridge,already_solved,2,0.0
2.0,hotpot,1.0,1.0,win,5a8ceb4955429941ae14df43,What was the nickname of the player who played his final season for the 2016 Miami Dolphins before dying in an accident?,bridge,rescuable,2,0.5
1.0,hotpot,-1.0,1.0,loss,5a8d0be85542994ba4e3dbb2,Maryland Jockey Club operates a race track in the largest municipality in which Maryland county?,bridge,already_solved,2,-0.5
1.0,hotpot,1.0,0.0,win,5a8d427f5542994ba4e3dc41,Erik Wickberg was the general of an army linked to which religious sect ?,bridge,rescuable,2,0.5
1.0,hotpot,0.0,1.0,tie,5a8d4cf35542994ba4e3dc5f,"What are the letters of the radio station serves the area comprising all of Belknap County, among others?",bridge,rescuable,2,0.0
1.0,hotpot,1.0,0.0,win,5a8d4fbf5542994ba4e3dc68,In which county is this site located where Operation Buster–Jangle was conducted?,bridge,rescuable,2,0.5
0.0,hotpot,0.0,0.0,tie,5a8d75f35542994ba4e3dc8b,"The Lowry Hotel is named after an artist, many of whose drawings and paintings depict what town?",bridge,already_solved,2,0.0
2.0,hotpot,1.0,1.0,win,5a8d9e0f554299441c6ba015,The actor that played Gutthi on Comedy nights with Kapil Show also starred in what 2016 Punjabi film directed by Smeep Kang?,bridge,rescuable,2,0.5
2.0,hotpot,0.0,2.0,tie,5a8dab16554299068b959d89,"What type of elevation does Aldgate railway station, Adelaide and Aldgate, South Australia have in common?",bridge,already_solved,2,0.0
1.0,hotpot,1.0,0.0,win,5a8dafbd554299068b959da0,How many episodes were made for the science fiction series with Gus Birney?,bridge,rescuable,2,0.5
1.0,hotpot,0.0,1.0,tie,5a8db42f5542994ba4e3dd11,"Which documentary film follows poetry, Race to Nowhere or SlamNation?",comparison,already_solved,2,0.0
2.0,hotpot,1.0,1.0,win,5a8db916554299441c6ba057,Padosan had a supporting actor who is known as a successful playback singer in what language?,bridge,rescuable,2,0.5
2.0,hotpot,0.0,2.0,tie,5a8dd9d25542995a26add420,"Which film was released first, Those Calloways or The Happiest Millionaire?",comparison,already_solved,2,0.0
1.0,hotpot,0.0,1.0,tie,5a8df72055429917b4a5bcf2,Which date occurred first the end of Riley Hawk's amateur career or end of production of Skateboard Magazine ?,bridge,already_solved,2,0.0
2.0,hotpot,1.0,1.0,win,5a8e00515542995a26add454,Who is the wife of the actor who played Derrick Banning in EastEnders in 1996 ?,bridge,rescuable,2,0.5
2.0,hotpot,0.0,2.0,tie,5a8e07185542995085b37389,Private Music signed the drummer who was part of which English group?,bridge,rescuable,2,0.0
2.0,hotpot,0.0,2.0,tie,5a8e0d04554299068b959e3a,What country does Haringey Heartlands and The Mall Wood Green have in common?,bridge,already_solved,2,0.0
2.0,hotpot,1.0,1.0,win,5a8e3ea95542995a26add48d,"The director of the romantic comedy ""Big Stone Gap"" is based in what New York city?",bridge,rescuable,2,0.5
2.0,hotpot,1.0,1.0,win,5a8e3f2d5542995a26add48f,Black Star is the debut fragrance by a singer-songwriter that has sold approximately how many albums worldwide?,bridge,rescuable,2,0.5
2.0,hotpot,0.0,2.0,tie,5a8e4a7355429917b4a5bd80,What was the specialization of an American naval officer who led the aircraft of the United States Antarctic Service to photograph Cox Point?,bridge,already_solved,2,0.0
1.0,hotpot,0.0,1.0,tie,5a8e63d65542995085b37421,Are Francis Ford Coppola and Jack Hill both American?,comparison,already_solved,2,0.0
2.0,hotpot,0.0,2.0,tie,5a8e68b15542995085b3742d,"When was the earliest known pottery created in the country which was the native land of Admiral Yi Sun-sin, who conducted the Battle of Happo? ",bridge,rescuable,2,0.0
1.0,hotpot,0.0,1.0,tie,5a8e7c095542990e94052b22,When did the person for whom Tubman University was named serve as President of his country?,bridge,already_solved,2,0.0
2.0,hotpot,0.0,2.0,tie,5a8e83545542990e94052b28,Where was the founder of the Trussed Concrete Steel Company raised?,bridge,rescuable,2,0.0
1.0,hotpot,0.0,0.0,tie,5a8e92b55542995085b37458,What type of rock makes up the formation where Douglas Crabbe drove into a bar?,bridge,already_solved,2,0.0
1.0,hotpot,1.0,0.0,win,5a8e942b5542995085b3745c,At what summer festival might you find music by Bakermat?,bridge,rescuable,2,0.5
2.0,hotpot,1.0,1.0,win,5a8ea03e5542990e94052b81,Atlanta Zero Mile Post is located within a historic area opened in what year ?,bridge,rescuable,2,0.5
2.0,hotpot,1.0,1.0,win,5a8ec4875542995a26add508,What county was Tom Hewitt born in?,bridge,rescuable,2,0.5
2.0,hotpot,0.0,2.0,tie,5a8edb7f55429917b4a5bdeb,Is 4 World Trade Center or Trump Palace Condominiums higher?,comparison,already_solved,2,0.0
2.0,hotpot,0.0,2.0,tie,5a8f157e554299458435d54d,Tom Thumb Food & Pharmacy is part of the southern division of a grocery company based in what city?,bridge,rescuable,2,0.0
2.0,hotpot,-1.0,2.0,loss,5a8f25ed5542997ba9cb31f0,What bird of prey can be found around Brackendale?,bridge,already_solved,2,-0.5
2.0,hotpot,0.0,1.0,tie,5a8f43795542997ba9cb3204,Who is older Danny Green or James Worthy?,bridge,already_solved,2,0.0
2.0,hotpot,0.0,2.0,tie,5a8f55aa554299458435d5bc,Who created the term that the author of A Piece of Danish Happiness uses to explain why Danish people are the happiest in the world?,bridge,already_solved,2,0.0
1.0,hotpot,1.0,0.0,win,5a8f60175542992414482a90,"When was the game, in which Drew Gehling voices Gord, released for PlayStation 2?",bridge,rescuable,2,0.5
1.0,hotpot,0.0,1.0,tie,5a8f64e0554299458435d60b,"Which documentary film was released first, Chicken Ranch or The End of Suburbia?",comparison,already_solved,2,0.0
2.0,hotpot,0.0,1.0,tie,5a8f7a7055429918e830d230,The Midland Regional Hospital in managed by what cabinet that exercises executive authority in the Republic of Ireland?,bridge,already_solved,2,0.0
2.0,hotpot,0.0,1.0,tie,5a8fa32255429918e830d299,What was the most famous post of the man who commanded American and French troops against German positions during the Battle of Saint-Mihiel?,bridge,already_solved,2,0.0
2.0,hotpot,1.0,1.0,win,5a8fb5905542997ba9cb32f6,The Party Machine with Nia Peeples was executive produced by the talk show host whose show originally ran during what time period?,bridge,rescuable,2,0.5
1.0,hotpot,0.0,1.0,tie,5a8fb65d5542997ba9cb32fa, Steven S. Crompton is a Canadian-born artist known as the artist for a a fantasy role-playing game designed by Ken St. Andre and first published by who?,bridge,already_solved,2,0.0
1.0,hotpot,-1.0,1.0,loss,5a8fbfcd5542997ba9cb3316,Philip Kraft lectured at the largest university in what European country?,bridge,already_solved,2,-0.5
1.0,hotpot,0.0,1.0,tie,5a902e755542995651fb50de,Shadi Attieh is often referred to as the Lebanese version of a footballer who plays for what Major League Soccer team?,bridge,already_solved,2,0.0
2.0,hotpot,0.0,1.0,tie,5a903b7255429933b8a204ae,What Canadian filmmaker created a film about Bettie Page in 2005?,bridge,already_solved,2,0.0
2.0,hotpot,1.0,1.0,win,5a90503755429916514e7470,What title did the Queen of the United Kingdom of Great Britain and Ireland give to Jeremiah Meyer?,bridge,rescuable,2,0.5
2.0,hotpot,0.0,1.0,tie,5a90580655429933b8a204ef,What record did the Super Bowl XXXIV champions finish the regular-season with in 1999?,bridge,anchor_failure,2,0.0
2.0,hotpot,0.0,1.0,tie,5a9058e655429916514e747e,David Burns is best known working for a radio service that covered what former English county?,bridge,already_solved,2,0.0
2.0,hotpot,0.0,2.0,tie,5a90692f5542990a98493625,In what 1997 American mystery crime film did Johnny Galecki start in?,bridge,already_solved,2,0.0
2.0,hotpot,0.0,1.0,tie,5a90740a5542990a98493658,"Where is the summer retreat the American mining engineer, inventor, and self-made member of fashionable society and his wife, who was a survivor of the ""RMS Titanic""?",bridge,already_solved,2,0.0
2.0,hotpot,0.0,2.0,tie,5a907bf05542995651fb5164,"How many miles does the train, which passes through the Amtrak Jacksonville station and shares the track with the Silver Meteor, run?",bridge,already_solved,2,0.0
1.0,hotpot,0.0,1.0,tie,5a9080275542995651fb5175,"What year was the Leeds football club, which Arthur Hydes played, formed? ",bridge,already_solved,2,0.0
2.0,hotpot,1.0,1.0,win,5a90843c5542995651fb517e,Francisco Jose Hernandez was a participant in an invasion that took place in what year?,bridge,rescuable,2,0.5
2.0,hotpot,1.0,1.0,win,5a9084e75542990a98493667,"Les Ottolenghi was previously the Chief Information Officer at what casino in Paradise, Nevada?",bridge,rescuable,2,0.5
2.0,hotpot,0.0,2.0,tie,5a909a1a55429916514e7506,"Who played Dominic Toretto in all eight films, starting in 2001, from Universal's biggest film franchise ever?",bridge,rescuable,2,0.0
2.0,hotpot,1.0,1.0,win,5a90b3c65542990a984936b7,"The announcer of ""Screen Gems Network"" was the voice of a mascot for what cereal?",bridge,rescuable,2,0.5
1.0,hotpot,0.0,1.0,tie,5a90b7f355429916514e752d,"In which city did he painter and printmaker associated with ""Les Nabis"" found Salon d'Automne?",bridge,already_solved,2,0.0
2.0,hotpot,0.0,2.0,tie,5a90ba1b55429933b8a205c6,Who has a better career-high singles ranking Daniel Vacek or Fabio Fognini ?,comparison,already_solved,2,0.0
2.0,hotpot,0.0,2.0,tie,5ab1e36d554299449642c7f9,Are Northwestern University and Middlebury College both private schools?,comparison,already_solved,2,0.0
2.0,hotpot,0.0,2.0,tie,5ab2342a5542993be8fa98c3, The Alexander Dawson School is located in a community that occupies how many acres ?,bridge,unreachable,2,0.0
0.0,hotpot,0.0,0.0,tie,5ab23d8a55429970612095c9,Which City in the Miami metropolitan area is home to the Primetime Race Group?,bridge,rescuable,2,0.0
0.0,hotpot,0.0,0.0,tie,5ab266b5554299340b5254b4,The term Moneybomb was coined by Trevor Lyman to describe a massive online donation drive on behalf of a presidential candidate that was the first chairman of what PAC? ,bridge,already_solved,2,0.0
2.0,hotpot,0.0,1.0,tie,5ab278745542997061209617,"What guitarist played with both Device and the American industrial rock group whose debut album was named ""Short Bus""?",bridge,already_solved,2,0.0
1.0,hotpot,0.0,1.0,tie,5ab29caa554299545a2cf9d3,Which gaming console was both Yakuza Kiwami and Yakuza 0 released on?,bridge,already_solved,2,0.0
2.0,hotpot,0.0,2.0,tie,5ab2a1f35542997061209677,The 2017 Los Angeles Chargers season was the first season under which coach that began his professional coaching career with the Denver Broncos in 2000?,bridge,already_solved,2,0.0
2.0,hotpot,0.0,2.0,tie,5ab2b1e05542997061209685,What show does the host of The 2011 Teen Choice Awards ceremony currently star on?,bridge,rescuable,2,0.0
0.0,hotpot,0.0,0.0,tie,5ab2b6fb5542992953946848,The arena in which the Adelaide Adrenaline play is also home to the world's first what?,bridge,already_solved,2,0.0
2.0,hotpot,0.0,1.0,tie,5ab2b7c1554299166977406a,What was the name of the lawyer who took the main role in the report that helped land Pete Rose a lifetime suspension from baseball?,bridge,already_solved,2,0.0
1.0,hotpot,0.0,1.0,tie,5ab2b8fe5542991669774070,Which American car rental company is also a member of the Association of Car Rental Industry Sytems Standards?,bridge,unreachable,2,0.0
2.0,hotpot,1.0,1.0,win,5ab2bc80554299194fa934d7,What is the name of the county that Cari Roccaro is from?,bridge,rescuable,2,0.5
0.0,hotpot,0.0,0.0,tie,5ab2be71554299166977408c,"Seven years before the opening of the Brewer Fieldhouse in Columbia, Missouri, where was Chester Brewer working as head football coach and head basketball coach?",bridge,already_solved,2,0.0
2.0,hotpot,0.0,1.0,tie,5ab2c0de5542992953946870,"Football at the 2006 Asian Games with Wisoon Wichaya as its coach was played how many days prior to the opening ceromony in Doha, Qatar in 2006? ",bridge,already_solved,2,0.0
2.0,hotpot,0.0,2.0,tie,5ab2d3df554299194fa9352c,The battle in which Giuseppe Arimondi lost his life secured what for Ethiopia?,bridge,already_solved,2,0.0
2.0,hotpot,0.0,2.0,tie,5ab2e3a35542991669774124,The Pioneer Helmet and the Benty Grange helmet are linked because of which feature?,bridge,already_solved,2,0.0
2.0,hotpot,0.0,1.0,tie,5ab2e9b4554299340b525565,"What nationality is Amed Rosario, the shortstop for the New York Mets?",bridge,already_solved,2,0.0
0.0,hotpot,0.0,0.0,tie,5ab2f4c95542991669774155,What is the name of the field marshal and strategist who was the mastermind behind the Schlieffen Plan?,bridge,already_solved,2,0.0
2.0,hotpot,0.0,2.0,tie,5ab2f50a55429929539468cd,SkyJump Las Vegas is located at a hotel on what street?,bridge,already_solved,2,0.0
2.0,hotpot,0.0,2.0,tie,5ab2f6bd554299166977415e,Whose helmet is it discovered in 1939 which is well preserved and together with the Coppergate Helmet?,bridge,already_solved,2,0.0
2.0,hotpot,0.0,2.0,tie,5ab30ebf554299753aec592c,What film was Rebecca Gibney in that also had Kate Winslet in it?,bridge,unreachable,2,0.0
2.0,hotpot,-1.0,2.0,loss,5ab31adc554299233954ff0a,How much Argentina currency was involved in Boudougate?,bridge,already_solved,2,-0.5
2.0,hotpot,0.0,2.0,tie,5ab3306a55429969a97a80fd,The movies The Boatniks and The Great Locomotive Chase were both made by which production company?,comparison,already_solved,2,0.0
1.0,hotpot,0.0,0.0,tie,5ab34a76554299233954ff3f,Who was the pivotal in the formation of schools catering for the primary and early secondary education of children in remote and outback Australia?,bridge,already_solved,2,0.0
2.0,hotpot,1.0,1.0,win,5ab3ec51554299753aec59f1,Sachin H. Jain served as Chief Medical Information and Innovation Officer for one of the largest pharmaceutical companies in the world called what?,bridge,rescuable,2,0.5
2.0,hotpot,0.0,2.0,tie,5ab4147a5542996a3a969f1e,How many players are in the club in which Stephen Curry became part of in the 2015-2016 NBA season?,bridge,rescuable,2,0.0
1.0,hotpot,0.0,0.0,tie,5ab41b8c5542996a3a969f40,What two ideals are the foundation of Neo-libertarianism?,bridge,already_solved,2,0.0
2.0,hotpot,0.0,2.0,tie,5ab41d855542996a3a969f4b,"Is the Pakistan fast bowler who joined the Kent County Cricket Club in June, 2011 a left-hand or right-hand batsmans?",bridge,already_solved,2,0.0
2.0,hotpot,0.0,2.0,tie,5ab431d855429942dd415ed2,"What company has a headquarters in Whitley, Convernty, United Kingdom?",bridge,rescuable,2,0.0
2.0,hotpot,0.0,1.0,tie,5ab4341c55429942dd415ede,The Shōgitai were an elite corps of which shogunate?,bridge,already_solved,2,0.0
1.0,hotpot,0.0,1.0,tie,5ab439f055429942dd415eef,Which airport Albany International Airport and Dane County Regional Airport is nearer its local town ?,comparison,already_solved,2,0.0
2.0,hotpot,0.0,1.0,tie,5ab43b755542991779162c21,What sports club based in Hamburg Germany had a Persian born football player who played for eight seasons?,bridge,already_solved,2,0.0
2.0,hotpot,0.0,2.0,tie,5ab46d195542991751b4d76a,Whistle and Yodel both specialize in what service?,bridge,already_solved,2,0.0
1.0,hotpot,0.0,1.0,tie,5ab474b35542990594ba9c25,Willsmere was a railway station located in which inner suburb from Melbourne Australia?,bridge,already_solved,2,0.0
1.0,hotpot,0.0,1.0,tie,5ab4774d5542991751b4d781,Crash is similar to what 16th century British card game in the sense that there is no betting?,bridge,already_solved,2,0.0
0.0,hotpot,0.0,0.0,tie,5ab47e0a5542990594ba9c32,Who is the current governor of the state where former wrestler Stephen Cepello painted the Governor's Mansion?,bridge,unreachable,2,0.0
2.0,hotpot,0.0,2.0,tie,5ab488bc5542990594ba9c55,Insomniac Events is part of a partnership with a club founded by an investor of what heritage?,bridge,unreachable,2,0.0
1.0,hotpot,0.0,1.0,tie,5ab48bab5542991779162cd3,Which Canadian Professional ice hockey player of Albanian origin bought in on the deal for the Ontario Raiders?,bridge,already_solved,2,0.0
2.0,hotpot,0.0,2.0,tie,5ab492155542991779162ce3,Palestine Brigade RAF was a response to which English soldier's request for an air formation?,bridge,rescuable,2,0.0
2.0,hotpot,0.0,2.0,tie,5ab4c8735542996a3a969fcb,"What is the nationality of this actor, film producer and musician who has lived most of his life in Australia and appeared in Romper Stomper alongside Daniel Pollock, Jacqueline McKenzie and Tony Lee?",bridge,rescuable,2,0.0
2.0,hotpot,0.0,2.0,tie,5ab502ae5542991779162d4c,What position in the court does the Professor of Law at the Interdisciplinary Center in Herzliya hold?,bridge,rescuable,2,0.0
2.0,hotpot,0.0,2.0,tie,5ab529005542996a3a96a045,"In 2008, The Littlewoods Ireland Carnogie Leagues sponsor known as?",bridge,unreachable,2,0.0
0.0,hotpot,0.0,0.0,tie,5ab54056554299488d4d9923,Did Yasuzo Masumura and Pitof hail from the same country and professional career?,comparison,already_solved,2,0.0
2.0,hotpot,1.0,1.0,win,5ab5499e5542992aa134a295,In what year was the team that Luke Clark plays either right back or central midfielder for founded?,bridge,rescuable,2,0.5
2.0,hotpot,0.0,2.0,tie,5ab55e015542992aa134a2d3,The Hong Kong Museum of Coastal Defence is located on an island with a population of what?,bridge,already_solved,2,0.0
2.0,hotpot,0.0,2.0,tie,5ab56db7554299494045efc6,Maine State Route 111 connects Alfred to Biddenford but what county is Alfred in?,bridge,already_solved,2,0.0
2.0,hotpot,0.0,2.0,tie,5ab5b6c1554299637185c5e5,Did Franki Valli sing with Hellogoodbye or The Four Seasons?,comparison,already_solved,2,0.0
2.0,hotpot,0.0,1.0,tie,5ab5c263554299488d4d9a18,Which country refrained from participating in the 1991 Baltic Cup though it had participated in previous Baltic Cup competitions?,bridge,anchor_failure,2,0.0
2.0,hotpot,0.0,1.0,tie,5ab5c984554299488d4d9a21,How many minutes outside of Carson City is the Moonlite BunnyRanch on Moonlight Road?,bridge,already_solved,2,0.0
0.0,hotpot,0.0,0.0,tie,5ab5cc4a554299637185c61b,"Which director is from the US, Wayne Wang or W. D. Richter?",comparison,already_solved,2,0.0
0.0,hotpot,0.0,0.0,tie,5ab5cdb85542997d4ad1f1e0,"""Take Me"" is a song recorded by which American singer, actor, and producer who was one of the most popular and influential musical artists of the 20th century?",bridge,already_solved,2,0.0
1.0,hotpot,0.0,1.0,tie,5ab5d43f5542997d4ad1f1f6,The musical composer of Manru was a spokesman for what country's independence?,bridge,already_solved,2,0.0
2.0,hotpot,0.0,1.0,tie,5ab5d9af554299494045f07e,The son of former Giants co-owner Bob Tisch worked with who to produce The Testimony?,bridge,already_solved,2,0.0
2.0,hotpot,0.0,2.0,tie,5ab5e13c5542992aa134a3bf,What type of musician does Beau Bokan and Jason Scheff have in common?,comparison,already_solved,2,0.0
2.0,hotpot,0.0,2.0,tie,5ab5ec0a5542997d4ad1f250,"Approximately how many locations is BJ's Wholesale Club operating in, as of early 2008?",bridge,already_solved,2,0.0
2.0,hotpot,1.0,1.0,win,5ab5fddb554299110f2199af,Where was one of Sergei Prokofiev's most well-known operas first performed in 1921?,bridge,rescuable,2,0.5
0.0,hotpot,0.0,0.0,tie,5ab61cf5554299637185c668,Are both Smoking Bishop and Caipirinha beverages?,comparison,already_solved,2,0.0
2.0,hotpot,0.0,1.0,tie,5ab64285554299637185c67c,"George H. W. Bush,  a resident of West Oaks Subdivision in Houston Texas, became what number President in 1989? ",bridge,already_solved,2,0.0
2.0,hotpot,0.0,2.0,tie,5ab64cfa55429953192ad2b7,Who lived longer Ellen Glasgow or N. Scott Momaday ?,comparison,already_solved,2,0.0
2.0,hotpot,0.0,2.0,tie,5ab672165542995eadeeffe0,"Which genus has more species, Azorina or Azadirachta?",comparison,already_solved,2,0.0
2.0,hotpot,0.0,2.0,tie,5ab67f4c55429953192ad2d9,What sport does 200-foot game and Jonathan Toews have in common?,bridge,already_solved,2,0.0
1.0,hotpot,0.0,1.0,tie,5ab6973f554299110f219a25,"What monthly magazine, published by ASIS International, includes articles on topics of computer security?",bridge,unreachable,2,0.0
1.0,hotpot,1.0,0.0,win,5ab6993f554299110f219a2b,"What is name of the mountains near this autonomous community, in which Spanish politician Felipe Alcaraz was born?",bridge,rescuable,2,0.5
2.0,hotpot,0.0,1.0,tie,5ab6aa4c55429953192ad359,"In the NASA mission where Moon trees were taken into space, what was the nickname of the Command Module?",bridge,already_solved,2,0.0
2.0,hotpot,0.0,2.0,tie,5ab6be2f55429954757d335c,Zakk Wylde and Damon Albarn are both what?,comparison,already_solved,2,0.0
1.0,hotpot,0.0,1.0,tie,5ab6bf6d55429953192ad372,Are Phlebodium and Pieris both species of ferns?,comparison,already_solved,2,0.0
2.0,hotpot,0.0,1.0,tie,5ab6c4e055429953192ad386,The television director and producer that won a Daytime Emmy Award for work on American television special that airs on Christmas Day on ABC won and Emmy Award for what? ,bridge,already_solved,2,0.0
1.0,hotpot,1.0,0.0,win,5ab6cce1554299710c8d1f67,From which phrase the name of the place where Hazina Towers is under construction?,bridge,rescuable,2,0.5
2.0,hotpot,0.0,2.0,tie,5ab6cd0e554299710c8d1f68,What are a Uruguayan professional footballer and Luz Pfannenstiel are best known as?,bridge,anchor_failure,2,0.0
1.0,hotpot,0.0,1.0,tie,5ab6f222554299110f219a78,"Were the films ""Ten Who Dared"" and ""Tonka"" distributed by the same company?",comparison,already_solved,2,0.0
2.0,hotpot,1.0,1.0,win,5ab71b5c5542991d3222377e,What is a luxury goods company long Northern Boulevard in the Miracle Mile?,bridge,rescuable,2,0.5
2.0,hotpot,0.0,2.0,tie,5ab720685542993667793f44,What type of believer does Mir Jafar Baghirov and Joseph Stalin have in common?,bridge,already_solved,2,0.0
2.0,hotpot,0.0,2.0,tie,5ab7268b5542992aa3b8c7b1,Heath Ledger Australian actor was in the movie Brokeback Mountain directed by who?,bridge,already_solved,2,0.0
1.0,hotpot,0.0,1.0,tie,5ab72a025542992aa3b8c7b8,"""A Summer in the Cage"" and ""American Hardcore"" are both what kind of film?",comparison,already_solved,2,0.0
2.0,hotpot,1.0,1.0,win,5ab762fb55429928e1fe3857,The rifle cartridge created by the Swedish was also shared by which other nation?,bridge,rescuable,2,0.5
1.0,hotpot,0.0,1.0,tie,5ab7c6995542993667794005,"Before composing music for the game which contains Chocobos and Moogles, what cover band was he involved in?",bridge,unreachable,2,0.0
1.0,hotpot,0.0,1.0,tie,5ab7ece25542995dae37e9f3,What 4 divisions make up the company of the wealthiest person in Georgia?,bridge,unreachable,2,0.0
1.0,hotpot,1.0,0.0,win,5ab7ef0f5542991d322237ca,Chandgi Ram won a gold medal in 1970 in a continental multi-sport event held at which city ?,bridge,rescuable,2,0.5
2.0,hotpot,0.0,2.0,tie,5ab7f1315542991d322237d1,"""Look At Us Now"" is a song by American DJs based in which city ?",bridge,rescuable,2,0.0
2.0,hotpot,0.0,2.0,tie,5ab7fa4f5542993667794080,Which of the following was founded in 2003: University of Arizona or Presbyterian University College?,comparison,already_solved,2,0.0
2.0,hotpot,0.0,2.0,tie,5ab7fa7b5542992aa3b8c897,What type of music were vocalists Billie Joe Armstrong and Frank Iero involved with?,comparison,already_solved,2,0.0
1.0,hotpot,0.0,1.0,tie,5ab809195542991d3222380f,"Which genus has 5 known species, Leonotis or Psychopsis?",comparison,already_solved,2,0.0
0.0,hotpot,0.0,0.0,tie,5ab80bbf5542991d32223818,"Which airport is operated by the Coos Country Airport District, Southwest Oregon Regional Airport or Lawton–Fort Sill Regional Airport?",comparison,already_solved,2,0.0
2.0,hotpot,1.0,1.0,win,5ab816b05542990e739ec815,Victor Koman's Ph.D.  in Information Technology was conferred by a university located in which city ?,bridge,rescuable,2,0.5
1.0,hotpot,0.0,1.0,tie,5ab819065542995dae37ea3c,"Between Mike Muir and Paul Di'Anno, who has worked with more bands?",comparison,already_solved,2,0.0
2.0,hotpot,1.0,1.0,win,5ab8261655429934fafe6cf1,What Metropolitan City was Massimo Giordano born in?,bridge,rescuable,2,0.5
1.0,hotpot,0.0,1.0,tie,5ab82e195542992aa3b8c8a8,The Russian-British physicist who shared the Nobel Prize in Physics in 2010 has established a reserach center dedicated to continuing the work with graphene in what country?,bridge,already_solved,2,0.0
2.0,hotpot,0.0,2.0,tie,5ab862f95542992aa3b8c8d4,Have Jelena Janković and Marat Safin both played tennis professionally?,comparison,already_solved,2,0.0
2.0,hotpot,0.0,1.0,tie,5ab864945542990e739ec8e1,Substorm was described in qualitative terms by a scientist nominated for what seven times?,bridge,already_solved,2,0.0
2.0,hotpot,0.0,2.0,tie,5ab870ed55429934fafe6db9, The Canadian Hot 100 is a music industry record chart in Canada for for a song that is released separately from what?,bridge,already_solved,2,0.0
2.0,hotpot,1.0,1.0,win,5ab870ee5542990e739ec8f6,A Wind in the Door is part of a series written by who?,bridge,rescuable,2,0.5
1.0,hotpot,0.0,1.0,tie,5ab871725542990e739ec8f8,"Which band has the guitarist Gorden Mack, Red House Painters or Daughtry?",comparison,unreachable,2,0.0
2.0,hotpot,1.0,1.0,win,5ab8ae585542991b5579efd8,"In which year was the choreographer for ""Best Foot Forward"" born?",bridge,rescuable,2,0.5
2.0,hotpot,0.0,1.0,tie,5ab8c3c65542991b5579effd,How many albums did the company who released Tift Merritt's debut album release for Tif Merritt?,bridge,already_solved,2,0.0
2.0,hotpot,1.0,1.0,win,5ab8ee805542991b5579f051,The German who is credited with inventing the V-2 rocket and Saturn V was also a supervisor of what NASA program?,bridge,rescuable,2,0.5
1.0,hotpot,0.0,1.0,tie,5ab8effd5542991b5579f062,Bure Family Wines is named after former ice hockey player?,bridge,already_solved,2,0.0
2.0,hotpot,0.0,2.0,tie,5ab915ad55429919ba4e239c,"Who did Muhummad Ali fight next, in Houston, after the so-called Fight of the Century with Joe Frazier?",bridge,anchor_failure,2,0.0
2.0,hotpot,0.0,2.0,tie,5ab91799554299753720f6ea,When did the third international spin off of Pawn Stars debut?,bridge,already_solved,2,0.0
2.0,hotpot,0.0,2.0,tie,5ab9180b5542991b5579f0f3,The Running Man Brothers is a South Korean pop duo. Kim Jong-kook is one member and he is from what country?,bridge,already_solved,2,0.0
2.0,hotpot,0.0,1.0,tie,5ab91f98554299753720f70d,"What song by the American rapper Coolio is on his greatest hits album ""Fantiastic Voyage"" and samples from a Stevie Wonder song?",bridge,already_solved,2,0.0
1.0,hotpot,1.0,0.0,win,5ab93781554299131ca422c7,Which star in the Maltese Bippy died in 1987?,bridge,rescuable,2,0.5
2.0,hotpot,0.0,1.0,tie,5ab94ade554299743d22eac7,Persona Non Grata includes interviews by the political leader of what nationality?,bridge,already_solved,2,0.0
2.0,hotpot,1.0,1.0,win,5ab94fa25542996be2020474,"What is represented on the cover art of the studio album that includes the song ""Speed of Sound""?",bridge,rescuable,2,0.5
1.0,hotpot,1.0,0.0,win,5ab960d6554299743d22eb21,Thomas Francis Murphy had a role in which 2008 comedy film?,bridge,rescuable,2,0.5
2.0,hotpot,0.0,2.0,tie,5ab981555542996be2020532,Is Bob Hewitt a citizen of a different country than Ray Ruffels?,comparison,already_solved,2,0.0
0.0,hotpot,0.0,0.0,tie,5ab985eb554299131ca42360,"Between Greyia and Calibanus, which genus contains more species?",comparison,already_solved,2,0.0
2.0,hotpot,1.0,1.0,win,5ab98608554299131ca42362,Where does the story take place in 1988 film The Moderns?,bridge,rescuable,2,0.5
1.0,hotpot,0.0,1.0,tie,5ab98e2b5542996be202054e,The person that William Flannery was an architect for entered the publishing business in what year?,bridge,already_solved,2,0.0
2.0,hotpot,0.0,1.0,tie,5ab99a215542996be202056a,"The castle where ""Spook Squad"" was filmed is in what part of Scotland?",bridge,already_solved,2,0.0
2.0,hotpot,0.0,2.0,tie,5ab9b4a555429970cfb8eb75,Is Rick Husband Amarillo International Airport or Grand Forks International Airport closer to the town it is near?,comparison,already_solved,2,0.0
0.0,hotpot,0.0,0.0,tie,5ab9ccef55429955dce3ed86,WHat dish is  Dacryopinax spathularia included in that is also sometimes called Luóhàn cài?,bridge,already_solved,2,0.0
1.0,hotpot,0.0,1.0,tie,5ab9d44255429939ce03dc36,The History of Ranching is a mural that was originally located at an American brewery that in 1999 began trasfering its production to who?,bridge,already_solved,2,0.0
2.0,hotpot,1.0,1.0,win,5ab9d7e4554299232ef4a21f,What was need in order to diverge from the chinese ritual uniting spouses by pre-arrangement between families?,bridge,rescuable,2,0.5
2.0,hotpot,0.0,2.0,tie,5aba510f5542994dbf0198d6,Yakuza Kiwami is a remake of the first video game in what video game series that is an open world action-adventure beat 'em up video game franchise?,bridge,already_solved,2,0.0
1.0,hotpot,0.0,1.0,tie,5aba67c255429955dce3ee10,Both The Badgeman and +44 were bands concieved in which country?,comparison,already_solved,2,0.0
2.0,hotpot,1.0,1.0,win,5aba768c55429901930fa7e0,"Which of the songs that outperformed ""Drive"" was most successful in the United States?",bridge,rescuable,2,0.5
2.0,hotpot,0.0,2.0,tie,5aba7bb4554299232ef4a2ee,The 59th Infantry Division covered the deployment of the 35th Infantry during the Allied operation during what war?,bridge,rescuable,2,0.0
2.0,hotpot,-1.0,2.0,loss,5aba85335542994dbf01992d,Where operation Operation Dragoon and Battle of Cold Harbor fought during to different wars?,comparison,already_solved,2,-0.5
2.0,hotpot,0.0,1.0,tie,5aba89d555429901930fa816,One of the members of Dru Hill is nicknamed after which cartoon character?,bridge,already_solved,2,0.0
1.0,hotpot,0.0,1.0,loss,5aba926f55429901930fa83e,Which Formula One World Champion had a teammate named Richie Ginther?,bridge,anchor_failure,2,-0.5
2.0,hotpot,0.0,1.0,tie,5abab18d55429901930fa89e,"The man Tony Bennet called ""The Father of Rock and Roll"" once toured with what singer who once auditioned for ""Junior Junction"", and landed a recording contract in her teens?",bridge,already_solved,2,0.0
2.0,hotpot,0.0,1.0,tie,5abadcb35542996606241647,The languages Hussein Ali Mahfouz studied are spoken by how many people?,bridge,already_solved,2,0.0
2.0,hotpot,0.0,2.0,tie,5abae1055542996cc5e49ec9,"Which genus has more species, Mahonia or Diplazium?",comparison,already_solved,2,0.0
2.0,hotpot,0.0,2.0,tie,5abae88c554299660624167e,What is this subfamily within the cat family Felidae named by Reginald Innes Pocock that is descendant of Pseudaelurus?,bridge,already_solved,2,0.0
1.0,hotpot,1.0,0.0,win,5abb03325542992ccd8e7eae,The magazine that nominated George Rainsford for their Best Actor award in 2017 comes out every week on what day of the week?,bridge,rescuable,2,0.5
2.0,hotpot,0.0,1.0,tie,5abb11c15542992ccd8e7ef8,Selena Quintanilla-Pérez's assistant and head of her fan club will be eligible for parole on what date?,bridge,already_solved,2,0.0
1.0,hotpot,0.0,1.0,tie,5abb189e5542996cc5e49fa4,In between Remember the Titans and My Favorite Martian which film film grossed $36.8 million domestically?,comparison,already_solved,2,0.0
1.0,hotpot,0.0,1.0,tie,5abb23655542992ccd8e7f25,What was the formative year for the company eventually replaced by Suez Canal Authority?,bridge,already_solved,2,0.0
2.0,hotpot,-1.0,2.0,loss,5abb30755542996cc5e49fd8,Ronald Reagan and George H. W. Bush both held which position in office?,bridge,already_solved,2,-0.5
2.0,hotpot,0.0,2.0,tie,5abb76fa5542992ccd8e7f48,"Who was the leading female star in ""The Others"" which marked the final film appearance of Renée Asherson in 2001?",bridge,already_solved,2,0.0
2.0,hotpot,0.0,2.0,tie,5abb8e2d554299642a094aa4,"An actor who appeared in all eight ""American Pie Films"" stared alongside which actor in Armed and Dangerous? ",bridge,already_solved,2,0.0
2.0,hotpot,0.0,2.0,tie,5abb8ebe5542993f40c73b2d,What British made dance competition television series franchise did Claudia Albertario appear on?,bridge,already_solved,2,0.0
1.0,hotpot,0.0,1.0,tie,5abb9928554299642a094ab9,"Which brother of John F. Kennedy had a memoir released September 14, 2009?",bridge,already_solved,2,0.0
1.0,hotpot,0.0,1.0,tie,5abba3b1554299642a094aed,Are both Volvic and Canfield's Diet Chocolate Fudge natural spring waters ?,comparison,already_solved,2,0.0
0.0,hotpot,0.0,0.0,tie,5abbaf6c554299660624171c,What was the profession of Cate Shortland and Sidney Franklin?,comparison,already_solved,2,0.0
2.0,hotpot,0.0,2.0,tie,5abbc4d255429931dba144fe,"Which genus of plant grows originally in Mexico and Guatemala, Phylica or Weldenia?",comparison,already_solved,2,0.0
2.0,hotpot,0.0,1.0,tie,5abbcba05542992ccd8e7fa3,With whom did Lever Brothers merge to create an Indonesian soap factory?,bridge,already_solved,2,0.0
1.0,hotpot,0.0,1.0,tie,5abbd2575542993f40c73bbd,Petroglyphs on Ingaro isalnd indicate it has been innhabited since an era that lasted until what year?,bridge,unreachable,2,0.0
2.0,hotpot,0.0,2.0,tie,5abbd34d5542993f40c73bc6,The Innviertel is a traditional Austrian region southeast of a river that is how many km long?,bridge,already_solved,2,0.0
1.0,hotpot,0.0,1.0,tie,5abbd7985542992ccd8e7fb8,"Thor Equities owns properties in Soho, which became known for what type of rental properties?",bridge,already_solved,2,0.0
2.0,hotpot,1.0,1.0,win,5abbd8655542992ccd8e7fba,Let Mother Earth Speak's Native American activist was born where?,bridge,rescuable,2,0.5
2.0,hotpot,0.0,2.0,tie,5abbdaef554299642a094b5d,"The title track of Carla Bruni discography was used in a  film directed by James Ivory, and was also used in what other film?",bridge,unreachable,2,0.0
2.0,hotpot,0.0,2.0,tie,5abbe20d55429931dba145c6,"In addition to serving in the largest seaborne invasion in history, what is another military operation that Edmond Harjo served?",bridge,already_solved,2,0.0
1.0,hotpot,0.0,1.0,tie,5abbf519554299114383a0ad,"What other occupation did the ""Law West of the Pecos"" have?",bridge,already_solved,2,0.0
2.0,hotpot,0.0,2.0,tie,5abbf64055429965836003bc,What county is Keene High School located in?,bridge,rescuable,2,0.0
1.0,hotpot,1.0,0.0,win,5abbf7d755429931dba145eb,ICI House is now named after the company that provides what type of item?,bridge,rescuable,2,0.5
0.0,hotpot,0.0,0.0,tie,5abbf8bc5542993f40c73c35,Are both Viken Babikian and Don Manoukian American ?,comparison,already_solved,2,0.0
2.0,hotpot,1.0,1.0,win,5abc030e554299642a094bdc,The Distribution of Industry act was passed by a man who was prime minister when? ,bridge,rescuable,2,0.5
2.0,hotpot,0.0,1.0,tie,5abc0aba55429959677d6a00,Did Ed Sullivan ever work anywhere other than the New York Daily News?,bridge,already_solved,2,0.0
1.0,hotpot,1.0,0.0,win,5abc219655429959677d6a1d,Which comic book was also written by the writer of Crossed?,bridge,rescuable,2,0.5
1.0,hotpot,0.0,1.0,tie,5abc3d505542993a06baf8a7,"Which is founded by a president, University of Washington or University of Virginia?",comparison,already_solved,2,0.0
2.0,hotpot,0.0,2.0,tie,5abc546b554299700f9d786c,Kingdom Hearts 358/2 Days was made by the company based in what part of Tokyo?,bridge,already_solved,2,0.0
1.0,hotpot,0.0,0.0,tie,5abc7d6d5542993a06baf8f3,Kevin Yorn an American entertainment attorney who represents an Australian actor who  played the role of Josh Taylor in what soap opera?,bridge,already_solved,2,0.0
1.0,hotpot,0.0,1.0,tie,5abc8d00554299700f9d78fd,Matthew Butturini was born in a town on the Tweed River how many km north-east of Sydney?,bridge,already_solved,2,0.0
2.0,hotpot,1.0,1.0,win,5abca1a55542993a06baf937,When did the park at which Tivolis Koncertsal is located open?,bridge,rescuable,2,0.5
2.0,hotpot,0.0,1.0,tie,5abca6375542993a06baf946,"According to the 2010 census, what was the population of the city in which Andover USD 385 is located?",bridge,already_solved,2,0.0
2.0,hotpot,0.0,2.0,tie,5abce2fc5542993a06baf994,The board member of Goldman Sachs also founded a company with a man who co-founded what? ,bridge,unreachable,2,0.0
2.0,hotpot,0.0,1.0,tie,5abce43855429959677d6b18,"Soundcloud rap has been used by which rapper from Lauderhill, Florida?",bridge,already_solved,2,0.0
2.0,hotpot,-1.0,2.0,loss,5abce85755429959677d6b3e,Le Rêve was created by the director behind what Cirque du Soleil production from 1998 onward?,bridge,already_solved,2,-0.5
2.0,hotpot,0.0,2.0,tie,5abcef9e55429959677d6b52,Ellesmere Port Town Football Club are currently members of what English football league whose current principal sponsor is Carlsberg?,bridge,already_solved,2,0.0
2.0,hotpot,0.0,1.0,tie,5abcf1ce554299700f9d7930,Jayaraj made the 2016 epic historical drama that is an adaptation of what Shakespeare play?,bridge,already_solved,2,0.0
2.0,hotpot,0.0,2.0,tie,5abcf70b55429959677d6b7e,Wrinkles is a song that was recorded by what American country and Christian country band that was founded in 1982?,bridge,rescuable,2,0.0
2.0,hotpot,0.0,2.0,tie,5abcf84d55429959677d6b86,Mexican Indignados Movement is a response to a war also known as?,bridge,already_solved,2,0.0
2.0,hotpot,0.0,2.0,tie,5abd001d5542993a06baf9f2,The Westchester Knicks are a basketball team in a minor league basketball organization that was known as what from 2001 to 2005?,bridge,already_solved,2,0.0
2.0,hotpot,0.0,2.0,tie,5abd0097554299700f9d7956,What is the scentific name of the butterfly that is widespread in the seventh-largest country in the world?,bridge,anchor_failure,2,0.0
2.0,hotpot,0.0,1.0,tie,5abd02605542992ac4f381a2,"When was one of the fresco mural, one of the greatest treasures of the Hood Museum of Art, painted?",bridge,already_solved,2,0.0
2.0,hotpot,0.0,1.0,tie,5abd13b655429924427fceea," Which singer, who released his debut solo album in 2012, served as producer for the EP Live at the Third Man by White Denim in 2011?",bridge,already_solved,2,0.0
0.0,hotpot,0.0,0.0,tie,5abd1daa55429933744ab72e,Do Singapore Sling and Fish House Punch both contain alcohol?,comparison,already_solved,2,0.0
1.0,hotpot,0.0,1.0,tie,5abd247e5542996e802b472f,Are Robert Philibosian and David Ignatius both politicians?,comparison,already_solved,2,0.0
2.0,hotpot,1.0,1.0,win,5abd4c6d5542993062266c47,What is the home stadium where Dai Xianrong predominantly played?,bridge,rescuable,2,0.5
1.0,hotpot,1.0,0.0,win,5abd4fe05542993062266c4e,That is the nationality of the author who wrote books that featured the character Faline?,bridge,rescuable,2,0.5
2.0,hotpot,0.0,1.0,tie,5abd578a5542993062266c5d,The W. H. Shipman House is in what Hawaii county?,bridge,already_solved,2,0.0
2.0,hotpot,0.0,2.0,tie,5abd580855429924427fcfb8,Both Dusty Drake and Joe Diffie sing which genre of music?,bridge,already_solved,2,0.0
1.0,hotpot,0.0,1.0,tie,5abd6be55542993062266c89,What is Peter Daou's website's slogan?,bridge,already_solved,2,0.0
2.0,hotpot,0.0,2.0,tie,5abd8c295542992ac4f382ab, The Minnesota State High School Mathematics League was founded by a professor at a private coeducational liberal arts college founded in what year? ,bridge,already_solved,2,0.0
0.0,hotpot,0.0,0.0,tie,5abd920e55429924427fd05d,Were both Peter Duffell and Fred Niblo actors?,comparison,already_solved,2,0.0
2.0,hotpot,0.0,1.0,tie,5abdb9775542993f32c2a01b,Kim English was selected by the Pistons during the draft held at what location?,bridge,already_solved,2,0.0
1.0,hotpot,0.0,1.0,tie,5abdcea955429965af743e5a,"David Wayne Hull (born 1962 or 1963) is a leader of which group that originated in Mississippi in the early 1960s under the leadership of Samuel Bowers, its first Grand Wizard?",bridge,already_solved,2,0.0
2.0,hotpot,1.0,1.0,win,5abdf8c45542993f32c2a072,The Death of Cook depicts the death of James Cook at a bay on what coast?,bridge,rescuable,2,0.5
2.0,hotpot,1.0,1.0,win,5abe03635542991f661060a5,What is the middle name of the former Stanford Cardinals player who caught 57 passes for 1010 yards and 14 TDs?,bridge,rescuable,2,0.5
2.0,hotpot,1.0,1.0,win,5abe044d5542991f661060a7,What association did the woman whose museum is located in the Bolling–Gatewood House help found?,bridge,rescuable,2,0.5
2.0,hotpot,0.0,2.0,tie,5abe67ae5542991f6610616b,"What is the name of the region that includes the cities Dover and Portsmouth, New Hampshire?",bridge,already_solved,2,0.0
2.0,hotpot,1.0,1.0,win,5abe7c515542993f32c2a128,How many marchers were in the protest that Pelham D. Glassford ended? ,bridge,rescuable,2,0.5
2.0,hotpot,0.0,2.0,tie,5abe7e1d55429976d4830b36,"""Clydebuilt"" is on the south bank of what river?",bridge,anchor_failure,2,0.0
2.0,hotpot,1.0,1.0,win,5abe832a55429965af743f29,Two of the pharmacy schools are Midway College School of Pharmacy and which first for-profit college or university to receive the Southern Association of Colleges and Schools?,bridge,rescuable,2,0.5
2.0,hotpot,0.0,1.0,tie,5abe9c1a5542993f32c2a183,Who was a species of Alerce tree native to the Andes mountains named after?,bridge,already_solved,2,0.0
2.0,hotpot,1.0,1.0,win,5abea05f5542991f661061b6,South Dade High School is located between what two national parks?,bridge,rescuable,2,0.5
1.0,hotpot,0.0,1.0,tie,5abea9a35542990832d3a07e,Bullewijk metro station is part of a mixed rapid transit and light rail system that is how many km long?,bridge,already_solved,2,0.0
1.0,hotpot,0.0,1.0,tie,5abeb91c5542994516f45400,"Which of the following bands is considered ""one of the most accomplished and creative Christian bands of the '90s"": Poor Old Lu or Shudder to Think?",comparison,already_solved,2,0.0
2.0,hotpot,0.0,2.0,tie,5abecdf45542997719eab5d4,Lake Wales Ridge National Wildlife Refuge is on the US route that runs between a city in what Florida county?,bridge,rescuable,2,0.0
1.0,hotpot,0.0,1.0,tie,5abee4ff5542993fe9a41d7d,Jim Atchison was the President of the theme park that had headquarters in what city?,bridge,unreachable,2,0.0
0.0,hotpot,0.0,0.0,tie,5abf08985542997719eab625,"Which band was formed first, Circus Diablo or Magic Dirt?",comparison,already_solved,2,0.0
2.0,hotpot,0.0,2.0,tie,5abfa5fb5542990832d3a183,"Where is the  city and ""comune"" in Emilia-Romagna in which talian Renaissance painter ;Ludovico Mazzolino located ",bridge,already_solved,2,0.0
2.0,hotpot,0.0,2.0,tie,5abfab8d5542997ec76fd42d,The Troubles in Newtownabbey recounts incidents during and the effects of the Troubles in Newtownabbey in the County Antrim of which country?,bridge,rescuable,2,0.0
2.0,hotpot,0.0,2.0,tie,5abfd3ba5542994516f4550a,"Of the retired tennis players Ross Case and Slobodan Živojinović, which player reached a higher career-high singles ranking?",comparison,already_solved,2,0.0
1.0,hotpot,0.0,1.0,tie,5abfd3d65542994516f4550b,Are both Don Giovanni and Cardillac operas with three acts?,comparison,already_solved,2,0.0
2.0,hotpot,0.0,1.0,tie,5abff9905542997d64295980,"Egremont Castle is located in what market town, civil parish, and two electoral wards in the Borough of Copeland in Cumbria, England?",bridge,already_solved,2,0.0
2.0,hotpot,1.0,1.0,win,5ac01bb8554299012d1db5a6,"Which American character actor who starred on the television series ""Stargate SG-1"" (1997–2007) and appeared in ""Episode 8"" of ""Twin Peaks"" as a guest star?",bridge,rescuable,2,0.5
2.0,hotpot,1.0,1.0,win,5ac02835554299294b218f2e,Frank Lamson-Scribner was adopted by a family near which town in Kennebec County?,bridge,rescuable,2,0.5
2.0,hotpot,0.0,2.0,tie,5ac02d345542992a796decc0,Where are Abbey Clancy and Peter Crouch from?,bridge,already_solved,2,0.0
0.0,hotpot,0.0,0.0,tie,5ac02edb554299294b218f41,The 37th Disney animated feature film Tarzan features You'll be in my heart by which artist?,bridge,already_solved,2,0.0
2.0,hotpot,0.0,1.0,tie,5ac03b395542992a796decce,The screenplay for Alain Resnais' second film is who?,bridge,already_solved,2,0.0
2.0,hotpot,1.0,1.0,win,5ac05fb55542997d64295a0b,which  American conglomerate company is  a subsidiary of Trump Entertainment Resorts ,bridge,rescuable,2,0.5
0.0,hotpot,0.0,0.0,tie,5ac07327554299012d1db5f2,Who is Colin Kaepernick and what is his preferred nickname?,bridge,already_solved,2,0.0
1.0,hotpot,1.0,0.0,win,5ac09d265542992a796ded39,Erving Goffman was cited as higher than a literary critic on which guide?,bridge,rescuable,2,0.5
2.0,hotpot,0.0,2.0,tie,5ac09da45542996f0d89cc1d,"What is the main flavor of both soft drinks, Solo from Norway, and Sunkist?",comparison,already_solved,2,0.0
0.0,hotpot,0.0,0.0,tie,5ac0e74d554299294b219052,"Which is published in France, Avantages or InStyle?",comparison,already_solved,2,0.0
2.0,hotpot,0.0,2.0,tie,5ac131575542994d76dccdb6,Who was the recipient of a prize also given to a player for Chinese club Tianjin Quanjian?,bridge,anchor_failure,2,0.0
2.0,hotpot,0.0,2.0,tie,5ac13e195542994ab5c67cc5,One of the actors from the web series Red Bird is also known for what character in the popular television show Seinfeld?,bridge,already_solved,2,0.0
1.0,hotpot,0.0,1.0,tie,5ac156d05542994ab5c67ce9,Was Cars 2 released by the same company which used songs written by Lin-Manuel Miranda in another of its movies?,comparison,already_solved,2,0.0
2.0,hotpot,1.0,1.0,win,5ac15c1c5542994ab5c67cf7,"What coastal town in Australia did army personnel Robin Reid and Paul Luckman kidnap and bring teenage boys to beat, torture, and sexually assault them?",bridge,rescuable,2,0.5
1.0,hotpot,0.0,0.0,tie,5ac160af5542994d76dccdfa,At what university is the organic chemist who headed the group that designed the nanocar a professor?,bridge,already_solved,2,0.0
2.0,hotpot,0.0,2.0,tie,5ac160bb5542994d76dccdfb,What corporation does the company that publishes the monthly magazine that focuses almost exclusively on the Western United States and featured photograph by Julius Shulman of a home designed by Rodney Walker belong to?,bridge,already_solved,2,0.0
2.0,hotpot,0.0,2.0,tie,5ac164da55429964131be1bf,Linhai and Gongqingcheng are both what kinds of cities that are located in China?,comparison,already_solved,2,0.0
1.0,hotpot,0.0,1.0,tie,5ac176555542994d76dcce47,What profession does H. L. Mencken and Albert Camus have in common?,comparison,already_solved,2,0.0
2.0,hotpot,0.0,1.0,tie,5ac1846d55429964131be20b,In which city were the olympic games held in which Willi Meurer competed in the individual and team road race events?,bridge,already_solved,2,0.0
2.0,hotpot,0.0,2.0,tie,5ac194db55429964131be23a,"What was the official religion of the lands of the husband of Dorothea of Denmark, Duchess of Prussia?",bridge,already_solved,2,0.0
1.0,hotpot,0.0,1.0,tie,5ac19bf55542994ab5c67d97,High Water is a song by Bob Dylan it was based on the 1927 Lousiana Flood. Another song recorded by Dylan about the event is When the Levee Breaks who is the Husband and Wife team that wrote and recorded this song in 1929 ?,bridge,already_solved,2,0.0
1.0,hotpot,0.0,1.0,tie,5ac19eb35542994ab5c67da3,What does the organization associated with Carl Wieland believe about anything other than the young earth view? ,bridge,already_solved,2,0.0
0.0,hotpot,0.0,0.0,tie,5ac1a5b45542991316484b8b,Are both Odds and Supergrass rock bands?,comparison,already_solved,2,0.0
2.0,hotpot,0.0,1.0,tie,5ac1bff05542994ab5c67dfc,Who was the eldest brother of the Mexican drug trafficker born 12 March 1952?,bridge,already_solved,2,0.0
2.0,hotpot,1.0,1.0,win,5ac1c18855429964131be279,"In the CBS television sitcome Double Rush, Johnny Verona, manager of a bicycle delivery service in New York City was played by an actor of what nationality?",bridge,rescuable,2,0.5
2.0,hotpot,0.0,2.0,tie,5ac1c9a15542994ab5c67e1c,What is the population of the city in which the first edition of the South American Youth Olympic Games were held?,bridge,rescuable,2,0.0
0.0,hotpot,0.0,0.0,tie,5ac1f4495542991316484bd2,"Who has more scope of profession, Phil Rosen or  Delmer Daves?",comparison,already_solved,2,0.0
2.0,hotpot,1.0,1.0,win,5ac213805542992f1f2b37e7,"When did the animated series Kent Scott wrote end after beginning in September of 2002 on ""Nick on CBS""?",bridge,rescuable,2,0.5
1.0,hotpot,0.0,1.0,tie,5ac2381355429951e9e684a9,Which conference is the team for which Justin Bannan played college football currently a member of?,bridge,already_solved,2,0.0
2.0,hotpot,0.0,2.0,tie,5ac23f9555429951e9e684db,"What role did the actor who played Colonel Sherman T. Potter in ""M*A*S*H"" play in ""Kentucky Jones""",bridge,already_solved,2,0.0
0.0,hotpot,0.0,0.0,tie,5ac240ef55429951e9e684ef,"What year was a joint venture between RLJ Companies and this film studio founded in 2005, founded?",bridge,already_solved,2,0.0
2.0,hotpot,0.0,2.0,tie,5ac249bd55429951e9e68528,What flow of goods and services were managed and distributed by General Blood?,bridge,already_solved,2,0.0
2.0,hotpot,0.0,2.0,tie,5ac24ad7554299636651995a,"Which was Disney's 2nd animated production, Pinocchio or Home on the Range?",comparison,already_solved,2,0.0
2.0,hotpot,0.0,2.0,tie,5ac26d4d55429951e9e685b7,when did the black Angolan was one of the earliest African-American landowners in what would become the United States.acieved his freedom ,bridge,already_solved,2,0.0
2.0,hotpot,1.0,1.0,win,5ac2758b55429963665199c3,The organization that Nicolae Titulescu served two terms as president was founded on what date?,bridge,rescuable,2,0.5
2.0,hotpot,0.0,1.0,tie,5ac27afa5542990b17b153b5,What is the nickname of the singer with which Castor McCord played with in the 1920s?,bridge,already_solved,2,0.0
2.0,hotpot,0.0,2.0,tie,5ac29da5554299218029dac3,Which band My Darkest Days or Human Drama had only one constant member?,comparison,already_solved,2,0.0
2.0,hotpot,0.0,2.0,tie,5ac2a20055429967731025cb,Are both Snowboard Magazine and The Believer sporting magazines?,comparison,already_solved,2,0.0
2.0,hotpot,-1.0,2.0,loss,5ac2a288554299657fa28ff5,What Nickelodeon movie stars the actress and YouTuber who appeared alongside Jon Voight in the 2016 film American Wrestler:The Wizard?,bridge,already_solved,2,-0.5
0.0,hotpot,0.0,0.0,tie,5ac2a399554299218029dada,Who programmed a cartridge-based development system made by a company noted for authoring Atari's BASIC?,bridge,already_solved,2,0.0
0.0,hotpot,0.0,0.0,tie,5ac2ae4155429921a00ab030,which  Australian politician represented  Electoral district of Goulburn,bridge,rescuable,2,0.0
2.0,hotpot,0.0,2.0,tie,5ac2c7ff554299657fa2904f,Lighthouse Beach is a small section of the Fire Island National Seashore that is adjacent to a state park in Long Island that is how big?,bridge,rescuable,2,0.0
2.0,hotpot,1.0,1.0,win,5ac2e97d554299657fa290c0,Where is the company that created Doravirine ( from?,bridge,rescuable,2,0.5
1.0,hotpot,0.0,1.0,tie,5ac2ed41554299218029db96,"Which genus has more species, Monstera or Cercis?",comparison,already_solved,2,0.0
2.0,hotpot,0.0,2.0,tie,5ac2f1d1554299218029dba4,What is in both the Lithocarpus and Duranta species?,comparison,already_solved,2,0.0
2.0,hotpot,0.0,2.0,tie,5ac2f6b8554299677310265f,Henry W. Bloch School of Management is named after the founder of an American tax preparation company that is based where?,bridge,already_solved,2,0.0
2.0,hotpot,0.0,2.0,tie,5ac2ffe7554299218029dbb3,The 22nd AVN Awards took place in what Nevada county?,bridge,rescuable,2,0.0
2.0,hotpot,0.0,2.0,tie,5ac3044f5542990b17b154dc, Danny Jones and Aleksi Sihvonen are both what?,comparison,already_solved,2,0.0
2.0,hotpot,0.0,1.0,tie,5ac308135542990b17b154f4,"Christopher I of Denmark succeeded his brother, who was king during what period?",bridge,already_solved,2,0.0
2.0,hotpot,1.0,1.0,win,5ac324ad5542995ef918c127,What king was the intended victim of the plot that Thomas Arundell was briefly suspected of being a part of the same year he became the 1st Baron Arundell of Wardour?,bridge,rescuable,2,0.5
2.0,hotpot,0.0,1.0,tie,5ac344d6554299741d48a23f,What is the gross leasable area of the shopping mall served by the Merrick Boulevard buses?,bridge,already_solved,2,0.0
2.0,hotpot,0.0,2.0,tie,5ac34ed0554299741d48a248,which sultan of the Ottoman Empire was  Gevherhan Sultan her granddaughter ,bridge,rescuable,2,0.0
0.0,hotpot,0.0,0.0,tie,5ac375495542995ef918c1a3,"Ekaterina Alexeyevna Davydova skated with which 2006 Olympic champion, two-time World champion, three-time Grand Prix Final champion, and three-time European champion?",bridge,already_solved,2,0.0
1.0,hotpot,0.0,1.0,tie,5ac3959855429939154137f0,What is the name of the role that Cleo Demetriou played in the series So Awkward ? ,bridge,already_solved,2,0.0
1.0,hotpot,0.0,1.0,tie,5ac39d22554299391541381f,The Patriotic front promotes the interests of what nation particularly with the aim of gaining and mainting self governance.,bridge,already_solved,2,0.0
1.0,hotpot,-1.0,1.0,loss,5ac39f7b554299218029dbe7,Robert Earl Holding owned an oil company that was originally founded by who?,bridge,already_solved,2,-0.5
2.0,hotpot,1.0,1.0,win,5ac3a0db554299391541383a,Phyllis Kohn holds a seat in the House of Representatives which meets where?,bridge,rescuable,2,0.5
2.0,hotpot,0.0,1.0,tie,5ac3a2f35542993915413856,What three other National forests are administered by the same people who administer the park in which the Art Loeb trail runs through?,bridge,already_solved,2,0.0
2.0,hotpot,0.0,1.0,tie,5ac3a7f75542993915413890,"The actor who starred in ""The Hearse"" gained worldwide film by starring in whose series of 1940s films?",bridge,already_solved,2,0.0
0.0,hotpot,0.0,0.0,tie,5ac3adc35542995ef918c1e2,"Which is in the pop genre, Capital Cities or Tweaker?",comparison,already_solved,2,0.0
2.0,hotpot,1.0,1.0,win,5ac3b0885542995ef918c1f8,An Cat Dubh / Into the Heart is a song from the U2 album released on what date?,bridge,rescuable,2,0.5
0.0,hotpot,0.0,0.0,tie,5ac3b40a554299741d48a2e5,Pajottenland has historically provided beers that include are fermented through yeasts native to what valley?,bridge,already_solved,2,0.0
2.0,hotpot,1.0,1.0,win,5ac3b8b8554299741d48a301,"Which Kevin Costner movie included an actor who also starred in ""Little Big League""?",bridge,rescuable,2,0.5
1.0,hotpot,0.0,1.0,tie,5ac3d4b6554299204fd21e93,"Which magazine is focused more on the adult demographic, Jack and Jill or Paper?",comparison,already_solved,2,0.0
2.0,hotpot,0.0,2.0,tie,5ac3dfb15542995c82c4ac71,What did both Karel Bossart and Sergei Korolev design?,bridge,already_solved,2,0.0
0.0,hotpot,0.0,0.0,tie,5ac41379554299204fd21ef1,Do Czesław Miłosz and Nathalie Sarraute have the same nationality?,comparison,already_solved,2,0.0
2.0,hotpot,-1.0,2.0,loss,5ac41f1d5542991943173924,"Is Ohio State University or California State University, Dominguez Hills further west?",comparison,already_solved,2,-0.5
2.0,hotpot,1.0,1.0,win,5ac4241e5542997ea680ca10,Camp Modin moved to the Belgrade Lakes region of Maine from its previous location in what Maine county?,bridge,rescuable,2,0.5
2.0,hotpot,0.0,1.0,tie,5ac42f42554299076e296d88,Who starred in My Dog Skip and Malcolm in the Middle?,bridge,already_solved,2,0.0
2.0,hotpot,0.0,2.0,tie,5ac43ddf5542995c82c4ad08,"What substance is always in a trap to prevent the passage of anything from either direction,  even sewer gases? ",bridge,already_solved,2,0.0
2.0,hotpot,0.0,2.0,tie,5ac458f8554299204fd21f2a,What is the relationship of Yeshahework Yilma's mother to the man who was Ethiopia's emperor from 1930 to 1974? ,bridge,already_solved,2,0.0
1.0,hotpot,0.0,1.0,tie,5ac46a8b5542991943173980,Was Princess Charlotte of Cambridge born before or after the repealing of the Royal Marriages Act 1772?,bridge,already_solved,2,0.0
2.0,hotpot,0.0,2.0,tie,5ac471305542991943173998,What is the primary role of the position played by Viktor Raychev for Lokomotiv Sofia?,bridge,unreachable,2,0.0
1.0,hotpot,1.0,0.0,win,5ac4b24b5542996feb3fe933,"Which former ""Home and Away"" actor stars in the film ""Office Uprising""?",bridge,rescuable,2,0.5
2.0,hotpot,0.0,2.0,tie,5ac4f7e955429924173fb523,The English chef known for his back-to-basics philosphy has a sister named what?,bridge,unreachable,2,0.0
2.0,hotpot,0.0,2.0,tie,5ac510255542994611c8b353, Afonwen is situated just under four miles from what road also known as the North Wales Expressway,bridge,already_solved,2,0.0
2.0,hotpot,0.0,2.0,tie,5ac52f8e5542996feb3fea14,"Which town is the venue, in which the APRA Music Awards of 2009 were held, located?",bridge,rescuable,2,0.0
2.0,hotpot,0.0,2.0,tie,5ac540365542994611c8b470,"Loughborough Students' Union serves the students at what public research university that has been a university since 1966, but the institution dates back to 1909?",bridge,already_solved,2,0.0
0.0,hotpot,0.0,0.0,tie,5ac561315542993e66e823a9,"Which writer also enjoyed boxing, Amy Tan or Norman Lindsay?",comparison,already_solved,2,0.0
2.0,hotpot,1.0,1.0,win,5adbcc085542996e6852523c,What are some foods that may have been served at the Hawaiin Cottage?,bridge,rescuable,2,0.5
2.0,hotpot,0.0,2.0,tie,5adbd19855429944faac236a,"Which director has had the greater impact on French culture, Jean Vigo or Sri Lankabhimanya Lester James Peries?",comparison,already_solved,2,0.0
2.0,hotpot,1.0,1.0,win,5adbd70c55429947ff173843, What is the title of the memoir written by the honoree of the Black and White Ball?,bridge,rescuable,2,0.5
1.0,hotpot,0.0,1.0,tie,5adbe1b355429944faac23a0,"Who wrote shorter stories, Raymond Carver or Lydia Davis?",comparison,already_solved,2,0.0
2.0,hotpot,1.0,1.0,win,5adbf2805542994650320c15,when does the role William Vere Reeve King-Fane change?,bridge,rescuable,2,0.5
2.0,hotpot,0.0,1.0,tie,5adbfb3f55429947ff17388a,"What award was won by Niels Henrik David Bohr, a Danish physicist who established the Nordic Institute for Theoretical Physics?",bridge,already_solved,2,0.0
2.0,hotpot,0.0,1.0,tie,5adc094a55429947ff1738c0,American Blues included the drummer from which American rock band?,bridge,already_solved,2,0.0
1.0,hotpot,0.0,1.0,tie,5adc0c2b55429947ff1738db,Are Agee and To Shoot an Elephant both documentaries about war?,comparison,already_solved,2,0.0
2.0,hotpot,1.0,1.0,win,5adc2e3d554299438c868d6b,Jesús Dautt is a Mexican professional footballer who is on loan from a club founded on what date?,bridge,rescuable,2,0.5
2.0,hotpot,0.0,2.0,tie,5adc3a7055429947ff173913,What is the nationality of the poet who wrote Une Tempete and first performed it in Tunisia?,bridge,already_solved,2,0.0
2.0,hotpot,0.0,2.0,tie,5adc46665542994650320cc8,"In what year was the composer of ""Anthem"" born?",bridge,anchor_failure,2,0.0
2.0,hotpot,0.0,1.0,tie,5adc91865542994ed6169b93,"where was class of warships which ARA ""Sarandí"" is its fourth and last ship built ",bridge,already_solved,2,0.0
2.0,hotpot,0.0,1.0,tie,5adc99d95542994ed6169baa,When is the American politician and attorney which Thomas J. Connolly an for Governor of Maine in 1998 against born ,bridge,already_solved,2,0.0
2.0,hotpot,0.0,2.0,tie,5adca5a45542994d58a2f692,"In The Passion of the Christ, who did Monica Bellucci play?",bridge,already_solved,2,0.0
0.0,hotpot,0.0,0.0,tie,5adcc9f35542990d50227d20,Which US Supreme court case involved a waiver of right to counsel Planned Parenthood v. Casey or Montejo v. Louisiana?,comparison,already_solved,2,0.0
2.0,hotpot,0.0,1.0,tie,5adccdab5542994d58a2f6db,"What year was the album featuring the trio made up of Posdnuos, Dave, and Maseo, alongside Lebanese-Syrian rapper Eslam Jawaad release?",bridge,already_solved,2,0.0
2.0,hotpot,0.0,2.0,tie,5adcd6705542992c1e3a2426,Are Der Rosenkavalier and I Capuleti e i Montecchi both comic operas?,comparison,already_solved,2,0.0
2.0,hotpot,0.0,2.0,tie,5adce2ee5542992c1e3a2461,"What city that Lettuce Lake Park is just outside of is the largest in Hillsborough County, Florida? ",bridge,already_solved,2,0.0
1.0,hotpot,0.0,1.0,tie,5adcfdc555429947343537f4,What federal agency was founded in 1935 and maintains a list of wanted persons?,bridge,already_solved,2,0.0
2.0,hotpot,1.0,1.0,win,5adcfe7f5542992c1e3a24f1, La Yesca Dam was inaugurated by which Mexican politiician and President of the country from 2006-2012?,bridge,rescuable,2,0.5
2.0,hotpot,0.0,2.0,tie,5add15d15542994ed6169c70,Socialist conferences were held with what countries that opposed the Central Powers in the First World War?,bridge,already_solved,2,0.0
2.0,hotpot,0.0,2.0,tie,5add2397554299473435386f,The location of the area where Fort Nisqually stood is in what Washington county?,bridge,rescuable,2,0.0
2.0,hotpot,0.0,1.0,tie,5add53fe5542992200553ab1,Since what historic period has the area known for its Crottin de Chavignol goat cheese been inhabited?,bridge,already_solved,2,0.0
2.0,hotpot,0.0,1.0,tie,5add5f925542997545bbbd48,Tikkun and Moment are both what?,comparison,anchor_failure,2,0.0
2.0,hotpot,0.0,2.0,tie,5add60905542995b365fab1d,What do Victor Salva and Emilio Fernández have in common?,comparison,already_solved,2,0.0
2.0,hotpot,0.0,2.0,tie,5add64e35542992200553ae8,Which movie starring Tony Longo is based on Tonka toy line and Hanna-Barbera television series?,bridge,already_solved,2,0.0
1.0,hotpot,0.0,1.0,tie,5add695a5542992ae4cec557,What bluegrass singer provides vocals for a song on the album which was released in September 2013 through PRMD Music?,bridge,rescuable,2,0.0
0.0,hotpot,0.0,0.0,tie,5add74b75542992200553b24,"Brindisi, the city where Louis-Jean-Nicolas Lejoille died, is located in what country?",bridge,already_solved,2,0.0
2.0,hotpot,0.0,2.0,tie,5add9bfa5542990dbb2f7e85,What type of product is the sponsor of the Premiership Rugby Sevens SeriesSeries ? ,bridge,rescuable,2,0.0
1.0,hotpot,1.0,0.0,win,5adda8d45542995b365fab59,"Which Scottish playwright wrote the poem ""Havisham""?",bridge,rescuable,2,0.5
2.0,hotpot,0.0,2.0,tie,5addd6045542997dc7907049,"Between the Riddlers Revenge and the Green Lantern, which stand-up roller coaster stands tallest?",bridge,already_solved,2,0.0
0.0,hotpot,0.0,0.0,tie,5addeb685542992200553bb1,Mastophora dizzydeani is a species of spider named after baseball player Jerome Herman Dean who goes by what nickname?,bridge,already_solved,2,0.0
1.0,hotpot,0.0,0.0,tie,5addf9e05542997dc79070f9,What was the name of the founder and president of the company which produced the role playing game FTL:2448?,bridge,already_solved,2,0.0
2.0,hotpot,1.0,1.0,win,5addfdfa5542997dc790710b,"Cave-In-Rock, Illinois was a stronghold for serial killer/bandit brothers who operated in which century?",bridge,rescuable,2,0.5
2.0,hotpot,0.0,2.0,tie,5ade0fbb5542995b365fabfb,"No Smoking is a film loosely based upon the short story Quitters, Inc., which of three stories that are connected by the presence of what animal? ",bridge,already_solved,2,0.0
1.0,hotpot,0.0,0.0,tie,5ade18df5542990dbb2f7f53,"Which television network that aired Gameshow Marathon has been owned by the Bell Media division of BCE, Inc since 2000?",bridge,already_solved,2,0.0
0.0,hotpot,0.0,0.0,tie,5ade1eda55429975fa854e71,Are Alice Munro and Lillian Hellman both writers?,comparison,already_solved,2,0.0
2.0,hotpot,1.0,1.0,win,5ade24e35542992fa25da6e6,Mamie Gummer played the role of Nancy Crozier on the TV series airing on what network?,bridge,rescuable,2,0.5
2.0,hotpot,1.0,1.0,win,5ade279e5542992fa25da6fa,Kent Dairy Round Barn is near the city in what Montana county?,bridge,rescuable,2,0.5
2.0,hotpot,0.0,2.0,tie,5ade286e5542997c77aded81,Which band has been around longer Catfish and the Bottlemen or The Lumineers?,comparison,already_solved,2,0.0
2.0,hotpot,0.0,2.0,tie,5ade3d75554299728e26c68b,What movie is the the Spinning turtle attraction in the worlds 21st largest theme park based off of?,bridge,rescuable,2,0.0
1.0,hotpot,0.0,1.0,tie,5ade4fcc5542997c77adeded,"Multiculturalism in the Netherlands reached new heights following the murder in 2002, in part, with what Dutch politician, civil servant, socialogist and professor who formed his own party?",bridge,already_solved,2,0.0
1.0,hotpot,0.0,0.0,tie,5ade595e5542992fa25da761,"The actress who portrayed C. C. Babcock on ""The Nanny"" played alongside which actor who portrayed Punk #1 in ""Interface""?",bridge,already_solved,2,0.0
2.0,hotpot,0.0,2.0,tie,5ade664555429939a52fe89c,WSCV's transmitter is located near this stadium located in which suburb?,bridge,rescuable,2,0.0
2.0,hotpot,0.0,2.0,tie,5ade747555429939a52fe8c5,What is the character of fictional character Claire Fraser in a British-American television drama series developed by Ronald D. Moore ?,bridge,already_solved,2,0.0
2.0,hotpot,0.0,1.0,tie,5ade78e255429939a52fe8d0,What series was Emily Bergl in that is set in Chicago?,bridge,already_solved,2,0.0
2.0,hotpot,1.0,1.0,win,5ade79335542997c77adee38,"The Ran Paul presidential campaign, 2016 event was held at a hotel on what river?",bridge,rescuable,2,0.5
0.0,hotpot,0.0,0.0,tie,5ade8bd955429975fa854f04,"What is the name of the genocidal mass slaughter of Tutsi Rwanda, in which Cyprian and Daphrose Rugamba were assassinated?",bridge,already_solved,2,0.0
1.0,hotpot,0.0,1.0,tie,5ade9c9c5542997c77adee8c,What screenplay was worked on by both Edward Carfagno and Miklos Rozsa?,bridge,rescuable,2,0.0
2.0,hotpot,0.0,1.0,tie,5adea2435542992fa25da7e4,"A small regional passenger airline from Killeen, Texas moved its operations from a city owned public airport 6 miles northwest of Downtown Dallas to what airport?",bridge,already_solved,2,0.0
2.0,hotpot,1.0,1.0,win,5adeaec455429939a52fe952,"The saint in ""A Time for Miracles"" was born on what date?",bridge,rescuable,2,0.5
2.0,hotpot,0.0,2.0,tie,5adec53655429975fa854f87,Are Kim Dong-jun and Charlie Harper both singers?,comparison,already_solved,2,0.0
2.0,hotpot,1.0,1.0,win,5adec62a55429975fa854f89,"The song that came out ahead of The Wanted's ""Lightning"" on the UK Singles Chart was featured on which album?",bridge,rescuable,2,0.5
2.0,hotpot,0.0,2.0,tie,5aded04755429975fa854fa7,What team won the XLII super bowl in their 48th overall season?,bridge,rescuable,2,0.0
1.0,hotpot,0.0,1.0,tie,5adef80b5542993a75d263c4,The 2000 British film Snatch was later adapted into a television series for what streaming service?,bridge,already_solved,2,0.0
2.0,hotpot,0.0,2.0,tie,5adeffa85542992d7e9f926f,What genre of music was played by both Tappi Tíkarrass and INXS?,comparison,already_solved,2,0.0
2.0,hotpot,0.0,1.0,tie,5adf07f25542992d7e9f9279,What apartment complex originally constructed in 1927 is included in Manhattan Community Board 6?,bridge,already_solved,2,0.0
2.0,hotpot,0.0,2.0,tie,5adf099a5542992d7e9f927f,"Which airport is located in the state of Georgia, Brunswick Golden Isles Airport or Lafayette Regional Airport?",comparison,already_solved,2,0.0
1.0,hotpot,0.0,1.0,tie,5adf0ae45542992d7e9f9286,"Where was the film set in which the daughter of Shashi Kapoor, along side Sarat Pujari and Navni Parihar, set?",bridge,already_solved,2,0.0
1.0,hotpot,0.0,1.0,tie,5adf2fa35542993344016c11,Which of Jonny Craig and Pete Doherty has been a member of more bands ?,comparison,already_solved,2,0.0
2.0,hotpot,-1.0,2.0,loss,5adf3c155542993a75d2643a,What is the given name of the character depicted as Juliet Hulme in Heavenly Creatures?,bridge,already_solved,2,-0.5
2.0,hotpot,0.0,2.0,tie,5adf3e835542993a75d26442,Which comic series involves characters such as Nick Fury and Baron von Strucker?,bridge,rescuable,2,0.0
2.0,hotpot,0.0,2.0,tie,5adf51595542993344016c52,Who did the 39th Vice President of the United States serve under?,bridge,rescuable,2,0.0
2.0,hotpot,0.0,1.0,tie,5adf53dc5542995534e8c791,Who has more productions under their belt Ridley Scott or Elmer Clifton?,comparison,already_solved,2,0.0
1.0,hotpot,0.0,1.0,tie,5adf6aca5542993344016c8d,Ocean Springs School District is located in the city in what Mississippi county?,bridge,already_solved,2,0.0
1.0,hotpot,0.0,1.0,tie,5adf72d35542992d7e9f9369,Are William Kronick and Jon Turteltaub both television writers ?,comparison,already_solved,2,0.0
2.0,hotpot,0.0,2.0,tie,5adf74255542992d7e9f937d,At which level of French football does the football team named after the manager of France national team play?,bridge,anchor_failure,2,0.0
2.0,hotpot,0.0,2.0,tie,5adf85e05542993344016cba,What football league did John Moncur belong to during his time at Ipswich Town F.C.?,bridge,already_solved,2,0.0
1.0,hotpot,0.0,0.0,tie,5adf860e5542993344016cbc,"During which years was the model of car, featured on the cover of Earth's ""Pentastar: In the Style of Demons"" manufactured?",bridge,already_solved,2,0.0
2.0,hotpot,1.0,1.0,win,5adf8fe55542993344016d0f,"Which fantasy film from 1971 featured the song ""The Age of Not Believing""?",bridge,rescuable,2,0.5
1.0,hotpot,0.0,1.0,tie,5adfa22655429942ec259ac4,"How many total staff (including part-time, flexible, and fixed contract staff) does the broadcaster, who released HyperNormalisation, employ?",bridge,already_solved,2,0.0
0.0,hotpot,0.0,0.0,tie,5adface25542995ec70e906c,"Killing You is a song by a band that consists of lead vocalist Danny Worsnop, guitarists Ben Bruce and Cameron Liddell, drummer James Cassells and what bassist?",bridge,already_solved,2,0.0
1.0,hotpot,0.0,1.0,tie,5adfb4b8554299603e418381,What do Káťa Kabanovát and Der ferne Klang have in common?,comparison,already_solved,2,0.0
2.0,hotpot,0.0,1.0,tie,5adfb790554299603e418389,What do Eragrostis and Rhexia have in common?,comparison,already_solved,2,0.0
1.0,hotpot,1.0,0.0,win,5adfb992554299603e418391,What year was the inventor of Rejuvelac born?,bridge,rescuable,2,0.5
1.0,hotpot,0.0,1.0,tie,5adfba9555429942ec259b1e,The central figure used in the corporate branding of Singapore Airlines has been an element of it's marketing since what year?,bridge,already_solved,2,0.0
2.0,hotpot,0.0,2.0,tie,5adfc11e55429942ec259b3a,"Which of the role of Cindy Robinson was an anime adaptation of the ""Blue Dragon"" video game series?",bridge,already_solved,2,0.0
2.0,hotpot,0.0,2.0,tie,5adfc77b554299603e4183ab,Is Edison Sault Power Canal somehow linked with or used with the Cayuga–Seneca Canal?,comparison,already_solved,2,0.0
1.0,hotpot,0.0,0.0,tie,5adfc8f45542992d7e9f93d0,What English rock band with Guy Garvey did Joe Duddell work with?,bridge,already_solved,2,0.0
2.0,hotpot,0.0,2.0,tie,5adfd30c55429906c02daa53,"What movie studio produced The Benchwarmers, which starred Rob Schneider and Napoleon Dynamites lead actor, Jon Heder?",bridge,already_solved,2,0.0
2.0,hotpot,0.0,2.0,tie,5adfd42555429942ec259b52,"What song featured on the Beatles' album ""Please Please Me"" was covered by Tiffany? ",bridge,anchor_failure,2,0.0
1.0,hotpot,0.0,1.0,tie,5adfda9655429925eb1afac0,"Which band, A Silent Film or The Frames, has more members?",comparison,already_solved,2,0.0
2.0,hotpot,0.0,2.0,tie,5adfde09554299025d62a369," Robert Lewis ""Bob"" Pruett coached many high-profile National Football League players, including a wide reciver that holds what 2007 NFL record?",bridge,already_solved,2,0.0
1.0,hotpot,0.0,1.0,tie,5adfec5f55429942ec259b8d,Are Mirpur University of Science and Technology and University of Debrecen both Universities located outside of the United States?,comparison,already_solved,2,0.0
2.0,hotpot,1.0,1.0,win,5adfecd755429942ec259b90,What year was the magazine that Stanley Bing spent a decade at founded in?,bridge,rescuable,2,0.5
2.0,hotpot,0.0,1.0,tie,5ae00b9f554299025d62a3c3,What former Los Angeles Lakers majority owner is the father of Jeanie Marie Buss?,bridge,already_solved,2,0.0
2.0,hotpot,0.0,2.0,tie,5ae0159855429925eb1afc09,In between Anaïs Nin and Odysseas Elytis who was awarded the Nobel Prize in Literature?,comparison,already_solved,2,0.0
2.0,hotpot,1.0,1.0,win,5ae0247955429925eb1afc22,Where did the character  Xavin  changed into a black female just for the sake first appeared ,bridge,rescuable,2,0.5
2.0,hotpot,0.0,2.0,tie,5ae02b6c55429924de1b7044,"Which magazine launched first, Real Simple or Life?",comparison,already_solved,2,0.0
1.0,hotpot,0.0,1.0,tie,5ae056c755429945ae959319,James Garner had a role in the 2004 romantic drama directed by whom?,bridge,already_solved,2,0.0
2.0,hotpot,1.0,1.0,win,5ae057fd55429945ae959328, Robert Smith founded the multinational company headquartered in what city?,bridge,rescuable,2,0.5
2.0,hotpot,0.0,2.0,tie,5ae0616255429924de1b70ca,Are Steve Perry and Dennis Lyxzén both members of the same band ?,comparison,already_solved,2,0.0
2.0,hotpot,1.0,1.0,win,5ae063085542993d6555eb37,Jennifer Ventimilia co-wrote the teleplay of the episode that was part of which season of The Simpsons?,bridge,rescuable,2,0.5
2.0,hotpot,0.0,2.0,tie,5ae064605542993d6555eb44,The Music Hall Guild of Great Britain and America includes a patron in which actress who had a role on EastEnders?,bridge,already_solved,2,0.0
2.0,hotpot,1.0,1.0,win,5ae07db855429945ae95937a,Cyrina Fiallo has guest starred on which Michael Jacobs-created sitcom?,bridge,rescuable,2,0.5
2.0,hotpot,0.0,2.0,tie,5ae095f055429924de1b7103,"Who has more scope of profession, B. Reeves Eason or Albert S. Rogell?",comparison,already_solved,2,0.0
1.0,hotpot,0.0,1.0,tie,5ae0ab7755429945ae959407,The player who laid motionless for ten minutes in the Todd Bertuzzi–Steve Moore incident was born in which year ?,bridge,already_solved,2,0.0
1.0,hotpot,0.0,1.0,tie,5ae0b2f25542993d6555ec1c,What food does one of Daniel Greene's subjects' restaurant chain specialize in?,bridge,anchor_failure,2,0.0
2.0,hotpot,0.0,2.0,tie,5ae0b4c15542993d6555ec21,What are The Ready Set and Cell?,comparison,unreachable,2,0.0
1.0,hotpot,0.0,1.0,tie,5ae0bae555429906c02dab08,"Which travel parody series featured American actor, comedian, and radio host best known as the host of ""The Joe Schmo Show""?",bridge,unreachable,2,0.0
2.0,hotpot,1.0,1.0,win,5ae0c29c5542993d6555ec46,What was the profession of the one who wrote a song on a 2005 album he collaborated on with Marc Predka?,bridge,rescuable,2,0.5
0.0,hotpot,0.0,0.0,tie,5ae0c7b055429945ae95944b,The Admiral's Men occupied which kind of theatre in the 1590s ?,bridge,rescuable,2,0.0
2.0,hotpot,0.0,2.0,tie,5ae0ce4e554299603e41845f,In which poetic form is Mad Girl's Love Song written and appears in the novel The Bell Jar by Sylvia Plath?,bridge,already_solved,2,0.0
0.0,hotpot,0.0,0.0,tie,5ae0cf8355429945ae959464,Ben Folds and Nic Offer are both considered to be which type of artists?,comparison,already_solved,2,0.0
2.0,hotpot,0.0,2.0,tie,5ae11bc455429901ffe4ad94,Who was the creator of the American political satire comedy television series in which Sufe Bradshaw plays an acerbic secretary named Sue?,bridge,already_solved,2,0.0
1.0,hotpot,0.0,1.0,tie,5ae12fcf5542990adbacf72c,Astro Boy and The Secret of Kells share which genre of film?,comparison,already_solved,2,0.0
1.0,hotpot,0.0,1.0,tie,5ae1338d55429901ffe4ade1,The alcoholic drink that shares a name with Quintessentially Unreal's 1996 album is commonly reffered to in historical literature as what?,bridge,already_solved,2,0.0
0.0,hotpot,0.0,0.0,tie,5ae1408a5542997b2ef7d17c,"Which is a university in Pennsylvania, University of New Haven or Carnegie Mellon University?",comparison,already_solved,2,0.0
2.0,hotpot,0.0,2.0,tie,5ae14def55429901ffe4ae4a,Do both Lee Tamahori and Robert Redford work as a director?,comparison,already_solved,2,0.0
1.0,hotpot,0.0,1.0,tie,5ae1500655429920d52343cc,In what town is the office organization solutions company whose Canadian arm is Oxford headquartered?,bridge,already_solved,2,0.0
1.0,hotpot,1.0,0.0,win,5ae1568a55429901ffe4ae6b,The southern terminus of State Route 102 is located in a town on the southwestern side of an island know to locals as what?,bridge,rescuable,2,0.5
2.0,hotpot,0.0,2.0,tie,5ae16ea85542990adbacf790,When did the UVF Mid-Ulster Brigade conducted the attack The Miami Showband killings?,bridge,already_solved,2,0.0
2.0,hotpot,0.0,1.0,tie,5ae178a155429901ffe4ae92,"In which 2017 film did this South Korean actor of  ""Dream High"" (2011) and the 2012 South Korean television drama series featuring Han Ga-in, Jung Il-woo and Kim Min-seo appeared in 2017?",bridge,already_solved,2,0.0
1.0,hotpot,0.0,1.0,tie,5ae17a9b5542990adbacf7a2,Was the band The Shins formed before the band Paramore?  ,comparison,already_solved,2,0.0
2.0,hotpot,1.0,1.0,win,5ae17f1e5542990adbacf7a6,In what region of Argentina is the city of Gualeguaychu located? ,bridge,rescuable,2,0.5
2.0,hotpot,1.0,1.0,win,5ae18ae6554299234fd04289,"When was the British economic historian who established ""The Economic History Review"" born? ",bridge,rescuable,2,0.5
2.0,hotpot,0.0,2.0,tie,5ae195bf5542997b2ef7d207,Are the Galata Tower and Süleymaniye Mosque located in the same city?,comparison,already_solved,2,0.0
2.0,hotpot,0.0,2.0,tie,5ae1b1aa5542997283cd223f,What was the other Los Angeles team that the 1999 Clippers top draft pick played for and won two championships with?,bridge,unreachable,2,0.0
2.0,hotpot,1.0,1.0,win,5ae1ba55554299234fd042d9,"Where is the academy, for which Joseph D. Stewart was appointed Superintendent, located?",bridge,rescuable,2,0.5
0.0,hotpot,0.0,0.0,tie,5ae1bf46554299234fd042e6,Are both Jack and Coke and Clover Club Cocktail cocktails?,comparison,already_solved,2,0.0
2.0,hotpot,0.0,1.0,tie,5ae1c2d8554299234fd042ee,When did  former Yugoslav which  Patricia Hy-Boulais eventually lost to in  1992 US Open became US citizen,bridge,already_solved,2,0.0
2.0,hotpot,0.0,1.0,tie,5ae1d32a554299492dc91b9c,What year did Fifty Shades of Grey release?,bridge,anchor_failure,2,0.0
2.0,hotpot,1.0,1.0,win,5ae1d52f554299234fd04315,Thursday Night Showcase is sponsored by the firm that is headquartered in what city?,bridge,rescuable,2,0.5
1.0,hotpot,0.0,0.0,tie,5ae1da385542997283cd2297,"Which actresses appeared with the mother of Robert Lowery Hanks in the film ""Little Women""?",bridge,already_solved,2,0.0
1.0,hotpot,0.0,1.0,tie,5ae1f3df554299234fd04364,When did the  American rock singer  which performed  Recorded covers died ,bridge,unreachable,2,0.0
1.0,hotpot,0.0,0.0,tie,5ae2090a5542997f29b3c214,Kieran Crichlow is a footballer from what island in the Lesser Antilles?,bridge,already_solved,2,0.0
2.0,hotpot,0.0,1.0,tie,5ae2125e554299495565d9db,"On what street would one find the ""Journal Record Building"" in Oklahoma?",bridge,already_solved,2,0.0
0.0,hotpot,0.0,0.0,tie,5ae22670554299234fd043fc,What horror movie set in 1972 Vietnam was filmed in part in Bokor Hill Station?,bridge,already_solved,2,0.0
2.0,hotpot,-1.0,2.0,loss,5ae22895554299495565da0c,The Battle of the Catalaunian Plains involved the king of the nomadic tribes of which peoples?,bridge,already_solved,2,-0.5
2.0,hotpot,1.0,1.0,win,5ae236b2554299495565da3e,When was the American economist to which Joseph A. Loftus worked as a communications assistant born? ,bridge,rescuable,2,0.5
2.0,hotpot,1.0,1.0,win,5ae25c815542992decbdcccc,"What trio was the songwriter of ""What Are We Doin' Lonesome"" from?",bridge,rescuable,2,0.5
2.0,hotpot,-1.0,2.0,loss,5ae2661d554299495565da60,"Phil Ruffin, an American businessman born in 1935, owned a greyhound racing track called the Wichita Greyhound Park in which state?",bridge,already_solved,2,-0.5
0.0,hotpot,0.0,0.0,tie,5ae26905554299492dc91c17,Are Dennis Locorriere and Maja Ivarsson both lead singers?,comparison,already_solved,2,0.0
2.0,hotpot,0.0,1.0,tie,5ae26af3554299492dc91c1c,Which building is taller Bertelsmann Building or 432 Park Avenue?,comparison,already_solved,2,0.0
2.0,hotpot,1.0,1.0,win,5ae26cb15542994d89d5b421,Charlie McDermott plays Axl Heck on a tv show that premiered in what date? ,bridge,rescuable,2,0.5
1.0,hotpot,0.0,1.0,tie,5ae27df25542992decbdcd2a,Were Max Jacob and Connie May Fowler both memoirists?,comparison,already_solved,2,0.0
2.0,hotpot,0.0,2.0,tie,5ae28c0a554299495565daaa,What is the length of the river into which Pack Creek runs after it goes through the Spanish Valley? ,bridge,rescuable,2,0.0
2.0,hotpot,0.0,2.0,tie,5ae2a9c6554299492dc91c42,Which New Jersey-based manufacturer of suitcases and bags for travel is located in the Shops at Columbus Circle in New York City?,bridge,already_solved,2,0.0
1.0,hotpot,1.0,0.0,win,5ae2b770554299495565db0f,"In what month is the annual documentary film festival, that is presented by the fortnightly published British journal of literary essays, held? ",bridge,rescuable,2,0.5
2.0,hotpot,0.0,2.0,tie,5ae2b794554299495565db10,When was the producer of  Michel'le born? ,bridge,rescuable,2,0.0
2.0,hotpot,0.0,2.0,loss,5ae2b83c5542992decbdcd7f,Typically how many pages were in the fiction magazine in which Robert E. Howard wrote in 1930s?,bridge,anchor_failure,2,-0.5
2.0,hotpot,0.0,2.0,tie,5ae2c4d75542991a06ce98d0,"Who has a wider scope of profession, Pete Dexter or Elie Wiesel?",comparison,already_solved,2,0.0
2.0,hotpot,0.0,2.0,tie,5ae2c509554299492dc91c68,What reward did the founder of Chick-Fil-A receive?,bridge,rescuable,2,0.0
2.0,hotpot,1.0,1.0,win,5ae2cda55542992decbdcdb7,"What ""God Gave Me You"" artist wrote the song ""Imagine That"" for Diamond Rio?",bridge,rescuable,2,0.5
2.0,hotpot,0.0,2.0,tie,5ae2dfd155429928c423951b,"Which of the city at the south of Shelly Beach, New South Wales is a local government area in the Hunter region of New South Wales, Australia?",bridge,already_solved,2,0.0
2.0,hotpot,0.0,1.0,tie,5ae2e61455429928c423953e,What is the inspirational source behind the name of this studio album by the British rock band Queen released by EMI Records that was included in the The Crown Jewels? ,bridge,already_solved,2,0.0
1.0,hotpot,0.0,1.0,tie,5ae31d5a5542990afbd1e0b1,What famous composer was born in the town that hosts a festival of music and drama has featured Lilian Sukis?,bridge,already_solved,2,0.0
2.0,hotpot,1.0,1.0,win,5ae326d85542991a06ce9938,Who wrote the TV serial in which Rosemary Martin played Marjorie ?,bridge,rescuable,2,0.5
2.0,hotpot,1.0,1.0,win,5ae328f45542991a06ce993c,"On which station did the 2014 South Korean television series, starring the main rapper of boyband SS501, air?",bridge,rescuable,2,0.5
2.0,hotpot,0.0,2.0,tie,5ae32e125542991a06ce9946,"According to the 2001 census, what was the population of the city in which Kirton End is located?",bridge,anchor_failure,2,0.0
2.0,hotpot,0.0,1.0,tie,5ae32fc655429928c423965d,Siegi Sessler was the restaurateur whose club was frequented by which actress with Welsh ancestry?,bridge,already_solved,2,0.0
2.0,hotpot,0.0,1.0,tie,5ae347fb5542992e3233c368,"In the 2004 United States senate election, re-election was won by what American plitician who was first elected in 1998, defeating what three-term Republican incumbent?",bridge,already_solved,2,0.0
2.0,hotpot,1.0,1.0,win,5ae358c05542990afbd1e10f,Who sparked the 972 unrest in Lithuanian SSR?,bridge,rescuable,2,0.5
2.0,hotpot,0.0,1.0,tie,5ae35c945542992e3233c3bd,"Jay-Z released his 1996 Rolling Stone-rated ""500 Greatest"" album on which record labels?",bridge,already_solved,2,0.0
2.0,hotpot,1.0,1.0,win,5ae3606b5542991a06ce99a8,"Philip Carlo, the author of the biography of the mob assasin Richard Kuklinsk, died of which diease?i, ",bridge,rescuable,2,0.5
2.0,hotpot,1.0,1.0,win,5ae361d15542990afbd1e126,"What is the original surname for the actor who sang ""It's a De-Lovely"" in the 1962 revival of ""Anything Goes""?",bridge,rescuable,2,0.5
2.0,hotpot,0.0,2.0,tie,5ae375955542990afbd1e15d,"what is the group called that Dianne Morgan and Joe Wilkinson a part of in the BBC comedy ""Two Episodes of Mash""",bridge,already_solved,2,0.0
2.0,hotpot,0.0,1.0,tie,5ae377c45542990afbd1e16b,"The last film that Kim Hyun-seok wrote was in 2015, what day was it released?",bridge,already_solved,2,0.0
1.0,hotpot,1.0,0.0,win,5ae37b4d5542991a06ce99ce,When was the University established where Laura Landweber is a professor ?,bridge,rescuable,2,0.5
1.0,hotpot,0.0,1.0,tie,5ae388ea5542994393b9e6f0,Who is both an Austrialian-born British independent filmaker and is known for his work  with the YouTube series THE PERIODIC TABLE OF VIDEOS?,bridge,already_solved,2,0.0
0.0,hotpot,0.0,0.0,tie,5ae3bb0d5542992f92d82357,Which Russian figure skating coach was a former competitive ice dancer who competed with Olga Pershankova in 1993?,bridge,already_solved,2,0.0
2.0,hotpot,0.0,2.0,tie,5ae3d5ec5542992f92d8238c,Smith Morrill was responsible for what advantage to Land-grant university?,bridge,already_solved,2,0.0
2.0,hotpot,1.0,1.0,win,5ae3dc205542992f92d823a1,The Column of Saint Zanobi  is a monumental marble column located just north of religious building with the status of what?,bridge,rescuable,2,0.5
1.0,hotpot,1.0,0.0,win,5ae3e1e95542994393b9e78b,"""I Wed Three Wives"" is an episode of a television series that ran on what network?",bridge,rescuable,2,0.5
1.0,hotpot,0.0,0.0,tie,5ae3f2895542995ad6573cc9,Å is part of the alphbet used in which group of Upper German dialects?,bridge,already_solved,2,0.0
0.0,hotpot,0.0,0.0,tie,5ae3f2d25542995ad6573ccc,Firstar Center was the name for two buildings before the company changed its name to match which company based in Minneapolis?,bridge,rescuable,2,0.0
0.0,hotpot,0.0,0.0,tie,5ae3f82a5542996836b02c01,The CNN-News18 Indian of the Year award was created by Sagarika Ghose and a news anchor born in what year?,bridge,already_solved,2,0.0
2.0,hotpot,0.0,2.0,tie,5ae3fec55542995dadf242a4,Roxie Hart starred the entertainer and comedic actor who had what nickname?,bridge,unreachable,2,0.0
2.0,hotpot,0.0,2.0,tie,5ae3ff2d5542995dadf242a9,Are Joe Walsh and Chester Bennington both guitarists?,comparison,already_solved,2,0.0
1.0,hotpot,0.0,1.0,tie,5ae400ab5542995dadf242be,"Were both the One, Inc. v. Olesen and  Erie Railroad Co. v. Tompkins cases ones that included a ruling by the United States Supreme Court?",comparison,already_solved,2,0.0
1.0,hotpot,1.0,0.0,win,5ae40a2955429970de88d8a3,In what Italian region was the House of Grimaldi?,bridge,rescuable,2,0.5
2.0,hotpot,1.0,1.0,win,5ae40d405542996836b02c28,"At what intersection was the former home of the wooden roller coaster now located at Six Flags Great America in Gurnee, Illinois located?",bridge,rescuable,2,0.5
2.0,hotpot,0.0,2.0,tie,5ae446825542995ad6573d21,"What character did G.D. Spradlin's collaborator Marlon Brando portray in ""On the Waterfront""?",bridge,already_solved,2,0.0
1.0,hotpot,1.0,0.0,win,5ae4606c5542996836b02c91,"Where was the company, of which David DeVoe is Chief Financial Officer, ranked in the world, in 2014, in terms of revenue, against similar types of company ?  ",bridge,rescuable,2,0.5
2.0,hotpot,0.0,2.0,tie,5ae470815542996836b02c9f,What was the nickname of the English monarch that Petruccio Ubaldini presented one of his books?,bridge,rescuable,2,0.0
2.0,hotpot,0.0,2.0,tie,5ae471fa55429970de88d965,Where did this dish emerge in the late 1950s that is a long-standing tradition in New Jersey? ,bridge,already_solved,2,0.0
1.0,hotpot,0.0,0.0,tie,5ae4808455429970de88d990,How many people did the South Korean spree killer which NICS Improvement Amendments Act of 2007 enabaled to buy firearm killed in 2007,bridge,already_solved,2,0.0
2.0,hotpot,1.0,1.0,win,5ae4843455429970de88d997,"Which club, founded in 1928, did Bob Johnson played for ",bridge,rescuable,2,0.5
1.0,hotpot,0.0,1.0,tie,5ae484f855429970de88d999,Which college football team for the University of Oregon did Enoka Lucas played for ,bridge,already_solved,2,0.0
2.0,hotpot,0.0,2.0,tie,5ae48a2b55429913cc204494,"Which singer is in the duo Sugarland, Jennifer Nettles or Roger Taylor?",comparison,unreachable,2,0.0
2.0,hotpot,0.0,2.0,tie,5ae48e7e55429913cc20449d,"Gualdo Tadino Cathedral, a Roman Catholic cathedral, was dedicated to Saint Bendict of Nursia who is a patron saint of what continent?",bridge,already_solved,2,0.0
2.0,hotpot,1.0,1.0,win,5ae490a85542995ad6573d9d,Reinhold O. Schmidt was a UFO contactee in the same era as which Polish-American citizen?,bridge,rescuable,2,0.5
1.0,hotpot,0.0,1.0,tie,5ae49f2c5542995ad6573dc1,"Radio On: A Listener's Diary is the first book by an author that voiced what character in the film ""The Incredibles""?",bridge,already_solved,2,0.0
2.0,hotpot,1.0,1.0,win,5ae4a0ca5542995ad6573dcb,Bill Nelson flew as a Payload Specialist on a Space Shuttle launched for the first time in what year?,bridge,rescuable,2,0.5
2.0,hotpot,1.0,1.0,win,5ae4ad375542995dadf243a4,The home video game console that was developed by Sony Computer Entertainment is a platform for a racing video game developed by who?,bridge,rescuable,2,0.5
1.0,hotpot,0.0,1.0,tie,5ae4b5935542995ad6573e27,"Which of these artist lives closer to Canada, Koshi Inaba or Jonathan Davis?",comparison,already_solved,2,0.0
0.0,hotpot,0.0,0.0,tie,5ae4c01e55429913cc2044f3,Which Captain launched the attack which led to more casualties than any other incident in the war fought between the settlers of the nascent colony of New Netherland and the native Lenape population?,bridge,already_solved,2,0.0
2.0,hotpot,0.0,2.0,tie,5ae4c2b95542995dadf243ef,One of the coaches of Southern Methodist University also played what role at the Arizona State Sun Devils?,bridge,anchor_failure,2,0.0
2.0,hotpot,0.0,2.0,tie,5ae4c35c55429913cc2044fb,"What year was the film starring Hugh Jackman, Jake Gyllenhaal, and an actress appearing in ""The Cooler"" and ""The Jane Austen Book Club"" released?",bridge,rescuable,2,0.0
1.0,hotpot,0.0,0.0,tie,5ae4c5595542990ba0bbb123,Which lead actor/actress in War Chhod Na Yaar has also acted in Bengali and English-language films?,bridge,already_solved,2,0.0
2.0,hotpot,0.0,1.0,tie,5ae4c7c65542990ba0bbb12b,"Which Argentine Marxist revolutionary, author, guerrilla leader, diplomat and military theorist did Arther Quinlan interview?",bridge,already_solved,2,0.0
1.0,hotpot,0.0,1.0,tie,5ae4c8f35542990ba0bbb130,"Ralf Popken had a role in a musical that is a satire on corruption in the administration of criminal justice, bringing what concept to light?",bridge,already_solved,2,0.0
2.0,hotpot,0.0,2.0,loss,5ae4c96355429913cc204506,How many members does the lower house of the state legislature in which Samuel Leavitt served have?,bridge,anchor_failure,2,-0.5
2.0,hotpot,1.0,1.0,win,5ae4d1a355429913cc204513,"Which American BMX rider hosted a show that spun off from ""Real World"" and ""Road Rules""?",bridge,rescuable,2,0.5
2.0,hotpot,0.0,2.0,tie,5ae4d3c95542990ba0bbb165,In what city can a person find both the Nusretiye Clock Tower and the Eski Imaret Mosque be found?,comparison,already_solved,2,0.0
1.0,hotpot,0.0,1.0,tie,5ae4d7fc5542990ba0bbb16f,Are both Stephen R. Donaldson and Michael Moorcock science fiction writers?,comparison,already_solved,2,0.0
1.0,hotpot,0.0,1.0,tie,5ae4ec1e5542990ba0bbb19b,"In between The Bears and I and Oceans which was released on July 31, 1974, by Buena Vista Distribution?",comparison,already_solved,2,0.0
2.0,hotpot,0.0,2.0,tie,5ae5064e5542993aec5ec113,"Who won more awards, Frank Sinatra or Nivek Ogre?",comparison,already_solved,2,0.0
2.0,hotpot,1.0,1.0,win,5ae531a95542990ba0bbb1fc,"In what year was the actress who was starred in ""Streak"" with Rumer Willis born?",bridge,rescuable,2,0.5
2.0,hotpot,0.0,1.0,tie,5ae531ee5542990ba0bbb1ff,Tommy's Honour was a drama film that included the actor who found success with what 2016 BBC miniseries?,bridge,already_solved,2,0.0
2.0,hotpot,0.0,2.0,tie,5ae537a855429960a22e0266,"""Let's Get Ready to Rhumble"" is a 1994 song by a music duo from where?",bridge,rescuable,2,0.0
2.0,hotpot,0.0,1.0,tie,5ae5415055429908b63265b7,Japanese Weekend School of New York has offices in the entertainment complex in what section of New Rochelle?,bridge,already_solved,2,0.0
1.0,hotpot,0.0,1.0,tie,5ae5429355429908b63265c5,In what year was the aviator in whose honour the Quai d'Auteuil was renamed born?,bridge,already_solved,2,0.0
2.0,hotpot,1.0,1.0,win,5ae55e6855429960a22e02d0,"When was the coach of ""2008 Texas Tech Red Raiders football team"" born? ",bridge,rescuable,2,0.5
2.0,hotpot,0.0,1.0,tie,5ae55ec855429908b63265f5,The 45th president of the United States did what to the Grand Hyatt New York?,bridge,already_solved,2,0.0
1.0,hotpot,1.0,0.0,win,5ae55ed15542992663a4f1ea,What is the meaning of the name of the town where Jack Briggs was born?,bridge,rescuable,2,0.5
0.0,hotpot,0.0,0.0,tie,5ae5669755429960a22e02ec,"Which of the campaign that brought out the term Vichy Republican on social media was formally launched on June 16, 2015, at Trump Tower in New York City?",bridge,already_solved,2,0.0
0.0,hotpot,0.0,0.0,tie,5ae56fb85542993aec5ec1a9,"What software company developed Fade to black and it's 1992 Sequel, Flashback? ",bridge,already_solved,2,0.0
2.0,hotpot,0.0,2.0,tie,5ae5a0765542992663a4f1fb,"In what year did the Irish Politician who led the Introduction of the Constitution of Ireland resign as President of the legitimatist government, the Council of State?",bridge,already_solved,2,0.0
2.0,hotpot,0.0,2.0,tie,5ae5b301554299546bf82f2d,What produces the hormone that promotes sodium retention in the distal nephron?,bridge,already_solved,2,0.0
1.0,hotpot,1.0,0.0,win,5ae5be02554299546bf82f3e,Who is the Chief Executive Officer of the corporation that owns Space Dev?,bridge,rescuable,2,0.5
0.0,hotpot,0.0,0.0,tie,5ae5be475542990ba0bbb2c6,Which ground force of the Austro-Hungarian Dual Monarchy did Jan Romer joined ,bridge,already_solved,2,0.0
2.0,hotpot,0.0,1.0,tie,5ae5c8cf554299546bf82f5f,"Fiske O'Hara was born in what city Knox County, Maine, that had a population of 2,297 as of the 2010 census?",bridge,already_solved,2,0.0
2.0,hotpot,0.0,2.0,tie,5ae5d7b755429929b08079cd,What was the last date the creator of  the NOI was seen by Elijah Muhammad?,bridge,anchor_failure,2,0.0
2.0,hotpot,0.0,1.0,tie,5ae5d82f554299546bf82f9a,"How many periods in office were held by the British Prime Minister who led the ""Who? Who?"" ministry?",bridge,already_solved,2,0.0
2.0,hotpot,0.0,2.0,tie,5ae5e62455429929b0807a07,Giovanna d'Arco is an opera that was created by the composer of what nationality?,bridge,rescuable,2,0.0
1.0,hotpot,0.0,1.0,tie,5ae5f47c5542996de7b71a82,"Which combat technique also known as Wushu Sanda, is the character of Wu Jing trained with in the 2006 Hong Kong martial arts film, written, produced and directed by Dennis Law.",bridge,already_solved,2,0.0
1.0,hotpot,0.0,1.0,tie,5ae5feaf5542996de7b71ac6,Paul Keenan composes works from Anglo-Saxon texts such as the codex donated to the library of Exeter Cathedral by whom?,bridge,already_solved,2,0.0
2.0,hotpot,-1.0,2.0,loss,5ae60db1554299546bf83041,The Luther seal was designed for the professor of theology of what nationalty at the behest of John Frederick of Saxony?,bridge,already_solved,2,-0.5
2.0,hotpot,0.0,2.0,tie,5ae60ea9554299546bf8304e,"North Blenheim, New York was destroyed by flooding caused by the Hurricane that landed in what month?",bridge,rescuable,2,0.0
2.0,hotpot,1.0,1.0,win,5ae6152d5542996de7b71b38,The Cat in the Hat was a comedy film directed by which production designer and director?,bridge,rescuable,2,0.5
2.0,hotpot,1.0,1.0,win,5ae616ce5542992663a4f259,What are the names of the co-directors of the psychological horror film starring Emily Browning and Elizabeth Banks?,bridge,rescuable,2,0.5
2.0,hotpot,0.0,1.0,tie,5ae628f55542995703ce8b32,"In what city was the Italian Baroque composer who composed a set of sonatas, titled Op. 5, born?",bridge,already_solved,2,0.0
2.0,hotpot,0.0,2.0,tie,5ae6363b55429929b0807af0,When was the defending titlist of 2009–10 Biathlon World Cup – Pursuit Men born? ,bridge,rescuable,2,0.0
0.0,hotpot,0.0,0.0,tie,5ae63e3255429929b0807aff,"Which metropolitan  at the south of Moraine, Ohio had a population of 2,114,580 in 2010 U.S. Census?",bridge,already_solved,2,0.0
2.0,hotpot,0.0,2.0,tie,5ae641f65542992ae0d162a3,"What is the mononym of the Fillipino singer that released the album ""My Inspiration""?",bridge,rescuable,2,0.0
2.0,hotpot,0.0,2.0,tie,5ae644c55542992663a4f27e,"When was the club formed, for which Adam  Johnson played as well as Middlesbrough and Watford ?",bridge,rescuable,2,0.0
0.0,hotpot,0.0,0.0,tie,5ae6529a55429929b0807b32,Both WAGS Atlanta and WAGS are what?,bridge,already_solved,2,0.0
2.0,hotpot,1.0,1.0,win,5ae663b05542992ae0d16316,Edithvale railway station is located on a line that is situated in what city?,bridge,rescuable,2,0.5
2.0,hotpot,0.0,1.0,tie,5ae67dba55429908198fa5f0,The Memphis Hustle are based in a suburb of a city with a population of what in 2010?,bridge,already_solved,2,0.0
1.0,hotpot,0.0,1.0,tie,5ae6828f5542996d980e7bb9,Salisbury Woodland Gardens links a zoo with a park designed and built under the watchful eye of who?,bridge,already_solved,2,0.0
2.0,hotpot,0.0,1.0,tie,5ae682c45542995703ce8b6f,Which Record Company reissued an Avenged Sevenfold Album that only sold 300 copies?,bridge,already_solved,2,0.0
1.0,hotpot,0.0,1.0,tie,5ae686535542996d980e7bdc,The Black Belly of the Tarantula starred an actress who married what former member of the Beatles?,bridge,already_solved,2,0.0
2.0,hotpot,0.0,1.0,tie,5ae68a065542991bbc97611e,How many newspapers are in the group that Hills Valley Weekly is a part of?,bridge,already_solved,2,0.0
1.0,hotpot,1.0,0.0,win,5ae69cfe55429908198fa65f,Reeves Plains Power Station is a proposal from a company owned by who?,bridge,rescuable,2,0.5
2.0,hotpot,0.0,2.0,tie,5ae6b6065542991bbc976168,"Out of the actors who have played the role of Luc Deveraux in the Universal Soldier franchise, which actor has also starred in the movies Holby City, Doctor Strange, the Bourne Ultimatum and Zero Dark Thirty?",bridge,already_solved,2,0.0
2.0,hotpot,-1.0,2.0,loss,5ae6c7b35542992ae0d1639c,"What is the magazine that listed ""Jump Around"" by House of Pain at 325 out of ""500 greatest songs since you were born"", known for?",bridge,already_solved,2,-0.5
2.0,hotpot,0.0,1.0,tie,5ae6f2a7554299572ea5464a,"Which character does this protagonist, who secretly loves and marries a member of the rival house, of William Shakespeare's tragedy that has a fictional character Benvolio slay?",bridge,already_solved,2,0.0
2.0,hotpot,0.0,2.0,tie,5ae712fa554299572ea546b9,"What was the name of the band of Confederate army deserters in the 2016 movie starring Matthew McConaughey, Gugu Mbatha-Raw, and Keri Russell?",bridge,already_solved,2,0.0
2.0,hotpot,0.0,1.0,tie,5ae713af554299572ea546bb,Where did Mark Pavelich win Gold in 1980?,bridge,already_solved,2,0.0
0.0,hotpot,0.0,0.0,tie,5ae71f06554299572ea54708,Christopher de Haro provided the financial backing to what Portuguese explorer who organised the Spanish expedition to the East Indies from 1519 to 1522? ,bridge,already_solved,2,0.0
2.0,hotpot,0.0,2.0,tie,5ae7313c5542991e8301cbbc, No. 3 Elementary Flying Training School RAAF operated at an Airport during World War 2 that is closest to Which city center in Australia?,bridge,rescuable,2,0.0
0.0,hotpot,0.0,0.0,tie,5ae73ddb554299572ea5478d,"Hoy Es Manana is by what Mexican Actress and singer, who is the current First Lady of Chiapas State, Mexico?",bridge,already_solved,2,0.0
1.0,hotpot,0.0,1.0,tie,5ae73eca5542991e8301cc37,What other notable role did the star actor from Jeremy perform? ,bridge,unreachable,2,0.0
2.0,hotpot,1.0,1.0,win,5ae74890554299572ea547af,"Haruki Murakami said that writing ""Dance Dance Dance"" had been a healing act after his unexpected fame following the publication of a novel published in which year ?",bridge,rescuable,2,0.5
2.0,hotpot,0.0,2.0,tie,5ae759b25542991e8301cc6b,The 2015 Austrian thriller film Jack tells the story of a serial killer who died in what year?,bridge,already_solved,2,0.0
1.0,hotpot,0.0,1.0,tie,5ae760415542997b22f6a708,Which of the people that helped Max Hoffmann do defeat the Russia army was born on 9 April 1865?,bridge,unreachable,2,0.0
2.0,hotpot,0.0,1.0,tie,5ae7821b5542997ec2727678,The Zapruder film shows President John F. Kennedy's motorcade as it passed through a plaza that was named aNational Historic Landmark in what year? ,bridge,already_solved,2,0.0
2.0,hotpot,0.0,1.0,tie,5ae789615542997ec2727695,Kam Heskin plays Paige Morgan in a 2004 film directed by who?,bridge,already_solved,2,0.0
2.0,hotpot,0.0,2.0,tie,5ae7909f5542994a481bbda6,Which of the teams for which Colin Kolles is the former team principal and managing director was sold and renamed Force India at the end of the 2007?,bridge,already_solved,2,0.0
2.0,hotpot,1.0,1.0,win,5ae794215542997ec27276a8,What was the given name of the singer who is most closely associated with The Dakotas ?,bridge,rescuable,2,0.5
2.0,hotpot,0.0,2.0,tie,5ae7a5f05542993210983ece,This कसबा पेठ विधानसभा मतदारसंघ is an example of a language that ranks what in the number of native speakers in India?,bridge,already_solved,2,0.0
2.0,hotpot,0.0,2.0,tie,5ae7a9765542994a481bbdbc,What is the long name of the Government of Ireland Act 1920 that relates to Islam in Northern Ireland?,bridge,already_solved,2,0.0
2.0,hotpot,-1.0,2.0,loss,5ae7cb9b5542994a481bbde2,Who was the great grandfather of Franklin Seaver Pratt's wife?,bridge,already_solved,2,-0.5
2.0,hotpot,0.0,2.0,tie,5ae7d03b55429952e35ea9c2,"What american singer,had Warren Fu as one of their video directors, and also had to face allegation of illegal marriage with R. Kelly?",bridge,already_solved,2,0.0
2.0,hotpot,1.0,1.0,win,5ae7e9af5542994a481bbe0e,What is the 2010 census population of the city in which Antonio Carmona Añorve was the director of police?,bridge,rescuable,2,0.5
2.0,hotpot,1.0,1.0,win,5ae7eb43554299540e5a5695,"What Congressional district featured Republican nomiee Willie Vaden in 2004, 2006, and 2008?",bridge,rescuable,2,0.5
2.0,hotpot,0.0,2.0,tie,5ae7edee554299540e5a56ad,The Church of the Guanche People was founded in the city that is on the most populated island of what larger area?,bridge,already_solved,2,0.0
2.0,hotpot,1.0,1.0,win,5ae7ee41554299540e5a56b0,Paul Maynard became Rail Minister after the entrance of the Prime Minister who took office in what year?,bridge,rescuable,2,0.5
2.0,hotpot,0.0,1.0,tie,5ae7eed8554299540e5a56b5,"No issue, lelo tissue was started by which company that has the largest mobile network in Pakistan?",bridge,already_solved,2,0.0
1.0,hotpot,0.0,0.0,tie,5ae8027d5542993210984031,"What MLB pitcher nicknamed ""Gander"" was written about in ""the Stratton Story"">?",bridge,already_solved,2,0.0
2.0,hotpot,0.0,1.0,tie,5ae81032554299540e5a572a,Which satellite suburb of Melbourne is partially included in the Electoral district of Bass?,bridge,already_solved,2,0.0
2.0,hotpot,0.0,1.0,tie,5ae8189655429952e35eaa11,"What type of music features Geetam, created by a devotee of Lord Krishna?",bridge,already_solved,2,0.0
2.0,hotpot,0.0,2.0,tie,5ae819ac55429952e35eaa16,"What station broadcast the episode ""Marry Me a Little, Marry Me a Little More"" , of the series created by Max Mutchnick and David Kohan?",bridge,rescuable,2,0.0
2.0,hotpot,1.0,1.0,win,5ae8295955429952e35eaa6d,"Henricus Antonius ""Han"" van Meegeren sold a forged painting to a military leader who was the recipient of what?",bridge,rescuable,2,0.5
1.0,hotpot,0.0,1.0,tie,5ae82ae555429952e35eaa71,"Martin Patterson ""Pat"" Hingle was a close friend of an actor who achieved success in what Western TV series? ",bridge,already_solved,2,0.0
1.0,hotpot,0.0,1.0,tie,5ae830f05542997ec2727758,Elizabeth Wordsworth's father was bishop in what church?,bridge,already_solved,2,0.0
3.0,musique,0.0,3.0,tie,2hop__10122_18974,Who led the military expedition to where now Min dialects are spoken on border with Zhejiang?,,already_solved,2,0.0
2.0,musique,0.0,2.0,tie,2hop__104095_40502,Before this emigration what was the population of Clara Peeters's country of citizenship?,,anchor_failure,2,0.0
3.0,musique,0.0,3.0,tie,2hop__10515_21567,Who introduced a system of musical notation in the 14th century that is used in the area where most of the invasion of the eastern Roman Empire took place?,,already_solved,2,0.0
3.0,musique,0.0,3.0,loss,2hop__107238_64918,Who was president when congress declared war on the country where Glumpers was filmed?,,anchor_failure,2,-0.5
0.0,musique,0.0,0.0,tie,2hop__109131_343058,Who is the spouse of the creator of Absolutely Fabulous?,,unreachable,2,0.0
3.0,musique,0.0,2.0,tie,2hop__119423_779396,Where was the designer of the Lap Engine educated?,,already_solved,2,0.0
2.0,musique,0.0,2.0,tie,2hop__12039_11957,What geological event caused the foundations of the land beneath the city where most university graduates stay after acquiring a degree?,,already_solved,2,0.0
3.0,musique,1.0,2.0,win,2hop__121145_561444,Who did the creator of Derech Mitzvosecha follow?,,rescuable,2,0.5
3.0,musique,0.0,3.0,tie,2hop__122140_37168,Where does Hala El Badry's university rank according to QS World University Rankings?,,already_solved,2,0.0
3.0,musique,0.0,3.0,tie,2hop__122565_37168,Where does the university that Mohamed Abu Hamed attended rank according to the QS World University Rankings?,,already_solved,2,0.0
2.0,musique,0.0,2.0,tie,2hop__123148_5385,How many people work in Susan Winchester's alma mater?,,unreachable,2,0.0
3.0,musique,0.0,2.0,tie,2hop__123166_47134,What is the mascot of William J. Ripple's university?,,already_solved,2,0.0
3.0,musique,1.0,2.0,win,2hop__123214_22402,How many students attend Daniel Thürer's university?,,rescuable,2,0.5
1.0,musique,0.0,1.0,tie,2hop__123545_47134,Who is the mascot of the university related to Randy Conrads?,,already_solved,2,0.0
2.0,musique,0.0,2.0,tie,2hop__124412_402641,Who is the child of Chiang Hsiao-wen's father?,,already_solved,2,0.0
3.0,musique,-1.0,2.0,loss,2hop__124592_402641,Who is the other child of Chian Hsiao-chang's father?,,already_solved,2,-0.5
3.0,musique,0.0,3.0,loss,2hop__124807_135019,Who is the mother of Nephalion's father?,,anchor_failure,2,-0.5
3.0,musique,0.0,3.0,tie,2hop__124933_653666,Who is the mother of the father of Julia Murdock Smith?,,already_solved,2,0.0
3.0,musique,0.0,3.0,tie,2hop__126188_396277,The author of Abel's Island wrote what 1982 book featuring a mouse-dentist?,,already_solved,2,0.0
3.0,musique,0.0,2.0,tie,2hop__126299_396277,What other notable work did the person who illustrated Shrek work on?,,anchor_failure,2,0.0
3.0,musique,0.0,3.0,tie,2hop__128945_47686,From where do buses leave the city CKIS-FM serves?,,rescuable,2,0.0
2.0,musique,0.0,2.0,tie,2hop__129721_40482,From whom did the Huguenots in the state encompassing Zubly Cemetery purchase land from?,,already_solved,2,0.0
3.0,musique,0.0,3.0,tie,2hop__130404_59180,What date saw the writing of the song where the devil went down to the state where WDXQ is located?,,already_solved,2,0.0
3.0,musique,0.0,3.0,tie,2hop__130508_32379,What is the oldest college in the state that contains Borough House Plantation?,,unreachable,2,0.0
3.0,musique,0.0,2.0,tie,2hop__130867_54221,What time of day can you start purchasing alcohol in the state that includes Narraguagus High School?,,already_solved,2,0.0
3.0,musique,0.0,3.0,tie,2hop__131818_161450,Where is the Voshmgir District located?,,rescuable,2,0.0
3.0,musique,0.0,3.0,tie,2hop__132472_120537,When was the company that makes ALARM abolished?,,unreachable,2,0.0
2.0,musique,0.0,2.0,tie,2hop__132854_417697,Mohammed Atta has what kind of model of the company that makes Datsun Type 12?,,unreachable,2,0.0
3.0,musique,0.0,3.0,tie,2hop__133102_417697,What is the model of the vehicle of Mohammed Atta from the company that makes Datsun DC-3?,,unreachable,2,0.0
3.0,musique,1.0,2.0,win,2hop__133241_33564,In what era was the company known as the manufacturer of Agni-V founded?,,rescuable,2,0.5
3.0,musique,0.0,3.0,tie,2hop__13353_85402,What is the capitol of the country where the Prunus spinosa leaves much sooner?,,rescuable,2,0.0
3.0,musique,0.0,3.0,tie,2hop__135029_712629,"Who is the spouse of Prince Edward, Earl of Wessex's mother?",,unreachable,2,0.0
3.0,musique,0.0,3.0,tie,2hop__13548_13529,When was the person who Messi's goals in Copa del Rey compared to get signed by Barcelona?,,already_solved,2,0.0
3.0,musique,1.0,2.0,win,2hop__135652_669373,Who is the employer of the physicist who Mach number is named after?,,rescuable,2,0.5
3.0,musique,1.0,2.0,win,2hop__135653_669373,Who is the employer of the person Mach's principle was named after?,,rescuable,2,0.5
3.0,musique,0.0,3.0,tie,2hop__13592_85544,How many games do team in the league where Barcelona won titles in 1948 and 1949 play?,,anchor_failure,2,0.0
3.0,musique,0.0,3.0,tie,2hop__135963_486257,The scientist that the GHZ experiment is named for is in what field of work?,,already_solved,2,0.0
3.0,musique,0.0,3.0,tie,2hop__135993_160249,In which years did the war with the person who the Ioannina National Airport is name after occur?,,unreachable,2,0.0
3.0,musique,0.0,3.0,tie,2hop__136214_483189,The person whom Sikyona is named after is part of what?,,already_solved,2,0.0
3.0,musique,1.0,2.0,win,2hop__13986_161674,What month did the person with whom Henry fought a short war in 1183 go away from the holy land?,,rescuable,2,0.5
3.0,musique,0.0,3.0,tie,2hop__14078_49084,Who plays the person with the same name as he who was caught by surprise in Once Upon a Time?,,anchor_failure,2,0.0
1.0,musique,0.0,1.0,tie,2hop__142198_152093,The Live Life Loud album's band signed to which label?,,unreachable,2,0.0
3.0,musique,0.0,3.0,tie,2hop__142881_127399,"When was the performer of the album From Them, Through Us, to You formed?",,already_solved,2,0.0
3.0,musique,1.0,2.0,win,2hop__143650_152023,What label was responsible for who sang or played Delta Hardware?,,rescuable,2,0.5
3.0,musique,1.0,2.0,win,2hop__144150_82341,In what part of Florida is Tom Denney's birthplace located?,,rescuable,2,0.5
3.0,musique,0.0,3.0,tie,2hop__144658_599630,What county was Ye Rongguang born in?,,rescuable,2,0.0
3.0,musique,0.0,3.0,tie,2hop__144763_599630,In which county was Zhu Qinan born?,,rescuable,2,0.0
3.0,musique,1.0,2.0,win,2hop__144784_623159,The city where Dmitry Borisovich was born is located where in Russia?,,rescuable,2,0.5
3.0,musique,0.0,3.0,tie,2hop__147171_27537,Why did Roncalli leave the place where Francesco Fontebasso resided when he died?,,already_solved,2,0.0
3.0,musique,-1.0,3.0,loss,2hop__150866_11402,"According to the agency that published U.S. and World Population Clock, what is the total area in square miles?",,already_solved,2,-0.5
0.0,musique,0.0,0.0,tie,2hop__151705_141308,What company is I Dig Love's record label a part of?,,anchor_failure,2,0.0
3.0,musique,1.0,2.0,win,2hop__152052_141308,What company is the label responsible for Don't Let Me Wait Too Long a part of?,,rescuable,2,0.5
3.0,musique,1.0,2.0,win,2hop__15258_54866,What actress plays the princess who England proposed to affiliate with Wales to quell a rebellion?,,rescuable,2,0.5
3.0,musique,1.0,2.0,win,2hop__152700_141308,"What company is the record label for Oh Woman, Oh Why a part of?",,rescuable,2,0.5
3.0,musique,1.0,2.0,win,2hop__153573_109006,Who developed the eponymous character from the series that contains Mickey's Safari in Letterland?,,rescuable,2,0.5
3.0,musique,-1.0,3.0,loss,2hop__15368_17873,What happened to Buckingham palace after the queen Elizabeth surpassed as the longest lived British monarch left?,,already_solved,2,-0.5
3.0,musique,1.0,2.0,win,2hop__156700_63853,What is the source of the river of which Kraai River is a tributary?,,rescuable,2,0.5
3.0,musique,0.0,3.0,tie,2hop__156702_51769,What is the life expectancy of the type of retriever named after the body of water the Patuxent River turns into?,,unreachable,2,0.0
3.0,musique,0.0,3.0,tie,2hop__157251_556157,What river does the system containing Umchabezi River serve as the mouth of?,,already_solved,2,0.0
3.0,musique,1.0,2.0,win,2hop__157498_127908,What league does the team that uses Dick's Sporting Goods Park play for?,,rescuable,2,0.5
3.0,musique,1.0,2.0,win,2hop__157602_21567,"In the 14th century, who introduced a system of musical notation used in the area where 3% of Turkey is located?",,rescuable,2,0.5
1.0,musique,0.0,1.0,tie,2hop__159741_161674,What month did the person who retained trust in Longchamp go away to the Holy Land?,,unreachable,2,0.0
1.0,musique,0.0,1.0,tie,2hop__159903_154896,In what year did the insurgency start in the part of the country it is about?,,unreachable,2,0.0
3.0,musique,0.0,3.0,tie,2hop__159903_419949,What is the capital of the country it is about?,,anchor_failure,2,0.0
3.0,musique,-1.0,3.0,loss,2hop__161872_21567,Who in the14th century introduced musical notation used where Jack later participated in a covert mission?,,already_solved,2,-0.5
1.0,musique,0.0,1.0,tie,2hop__1667_40501,How many refugees emigrated to the nation that founded New Amsterdam?,,unreachable,2,0.0
3.0,musique,1.0,2.0,win,2hop__166824_185403,What league does the team that plays in Stadio Ciro Vigorito play for?,,rescuable,2,0.5
2.0,musique,0.0,2.0,tie,2hop__167577_31122,What century did the author of A Treatise Concerning the Principles of Human Knowledge live in?,,unreachable,2,0.0
3.0,musique,0.0,3.0,tie,2hop__16844_20510,When was the entity that was dissolved after the Indian Rebellion in 1857 chartered?,,unreachable,2,0.0
3.0,musique,0.0,3.0,tie,2hop__171254_383727,Who fathered the father of Alice Clere?,,rescuable,2,0.0
3.0,musique,0.0,3.0,tie,2hop__17854_17873,What happened to Buckingham Palace after the first monarch to reside there left?,,already_solved,2,0.0
2.0,musique,0.0,2.0,tie,2hop__178922_5385,How many people work in the publisher of World Literature Today?,,unreachable,2,0.0
3.0,musique,1.0,2.0,win,2hop__189094_612080,What league does the team that occupies the Rabat Ajax Football Ground belong to?,,rescuable,2,0.5
3.0,musique,0.0,3.0,tie,2hop__19007_60935,Who was the first person to do a full translation of the Bible into the script in which Hokkien is sometimes written?,,unreachable,2,0.0
3.0,musique,0.0,2.0,tie,2hop__194469_83289,Who is the guy in the One Last Time video by the participant in The Listening Sessions?,,already_solved,2,0.0
3.0,musique,0.0,3.0,loss,2hop__196348_150107,Who published Communications of the organization that Andries van Dam is a member of?,,anchor_failure,2,-0.5
3.0,musique,0.0,3.0,tie,2hop__198650_84856,When does the new season start for the show starring the author of True Story: A Novel?,,rescuable,2,0.0
3.0,musique,0.0,3.0,tie,2hop__199513_13732,How old was Mary when engaged to the person from whom São José dos Campos takes it's name?,,already_solved,2,0.0
3.0,musique,0.0,3.0,tie,2hop__199513_801817,What is the birthplace of the person after whom São José dos Campos was named?,,unreachable,2,0.0
3.0,musique,0.0,3.0,tie,2hop__20059_236755,What is a notable work from the person who said the term 'intellectual property' operates as a catch-all,,rescuable,2,0.0
3.0,musique,0.0,3.0,tie,2hop__20433_157939,What year was the waterfowl character with his own series of satirical comic books created?,,anchor_failure,2,0.0
3.0,musique,0.0,3.0,tie,2hop__207476_625987,"Who is the grandmother of Philippe, Duke of Orléans?",,unreachable,2,0.0
3.0,musique,0.0,3.0,loss,2hop__207597_63853,What is the source of the river that is the mouth of the Caledon River?,,anchor_failure,2,-0.5
3.0,musique,0.0,3.0,tie,2hop__21104_16254,"By 1931, what percentage of the world's Jews were the group that represents at least 70% of Jews worldwide?",,already_solved,2,0.0
3.0,musique,0.0,3.0,tie,2hop__21104_16334,The 2010 study found that what modern population is most closely related to the group that represents at least 70% of Jews worldwide?,,already_solved,2,0.0
3.0,musique,0.0,3.0,tie,2hop__21104_16335,The group representing at least 70% of Jews worldwide and Italians may be genetically similar due to what two factors?,,already_solved,2,0.0
3.0,musique,0.0,3.0,loss,2hop__2150_78851,Which professional sports team would you not see play a home game in where the Amateur Boxing Golden Gloves takes place?,,anchor_failure,2,-0.5
3.0,musique,0.0,3.0,tie,2hop__215124_83837,Who sings Home Alone Tonight with the Rain is a Good Thing singer?,,already_solved,2,0.0
3.0,musique,0.0,2.0,tie,2hop__215896_460425,What is the location of formation of the film company distributing The Boss?,,already_solved,2,0.0
2.0,musique,1.0,1.0,win,2hop__216959_204037,Who is part of the band which performed Cherchez le Garçon?,,rescuable,2,0.5
3.0,musique,0.0,3.0,tie,2hop__217011_80026,Who played the character in Willy Wonka and the Chocolate Factory that the performer of Victrola was named after?,,anchor_failure,2,0.0
3.0,musique,0.0,3.0,tie,2hop__219456_87295,What character in Princess Diaries does the actress play who was also a cast member in On Golden Pond?,,already_solved,2,0.0
3.0,musique,0.0,2.0,tie,2hop__21991_43945,"Why was Common Sense, written by the same author as The Rights of Man, an important work?",,already_solved,2,0.0
1.0,musique,0.0,1.0,tie,2hop__223655_463572,"What record label released the debut album of the artist behind the 1993 album ""Let There be Love"".",,already_solved,2,0.0
3.0,musique,1.0,2.0,win,2hop__226204_69048,Who is the chief judge of Friday Osanebi's birthplace?,,rescuable,2,0.5
1.0,musique,0.0,1.0,tie,2hop__227791_75487,Who is the federal leader of the political party Ken Epp belongs to?,,already_solved,2,0.0
3.0,musique,0.0,3.0,tie,2hop__22885_36240,"What specific part of the religious scripture that can be fit into a large, loose definition of legal literature does this document reference for Mary?",,anchor_failure,2,0.0
1.0,musique,0.0,1.0,tie,2hop__22930_23241,What percent of Nigerians in 2010 were the same religion as Avicenna?,,already_solved,2,0.0
3.0,musique,0.0,3.0,tie,2hop__230022_68489,Who did the actor who played Michael Knight play on Young and Restless?,,rescuable,2,0.0
1.0,musique,0.0,1.0,tie,2hop__23297_23366,Why did the leader who broke the Molotov–Ribbentrop Pact by invading Bukovina first sign it?,,unreachable,2,0.0
1.0,musique,0.0,1.0,tie,2hop__233551_746883,Who does William Clito's father follow?,,anchor_failure,2,0.0
3.0,musique,1.0,1.0,win,2hop__23459_22946,Who said that the most influential figure in Islamic philosophy was one of the greatest thinkers?,,anchor_failure,2,0.5
1.0,musique,0.0,1.0,tie,2hop__238499_431914,What administrative territorial entity includes the arrondissement that contains the Digne Cathedral?,,already_solved,2,0.0
3.0,musique,0.0,3.0,loss,2hop__2416_53663,Where is the river that the engine pumped water from located in the world?,,anchor_failure,2,-0.5
1.0,musique,0.0,1.0,tie,2hop__242045_2684,What law was passed by Maria Shriver's husband?,,anchor_failure,2,0.0
2.0,musique,1.0,1.0,win,2hop__243084_523417,What is the anime that has Seta Sōjirō an instance of?,,rescuable,2,0.5
1.0,musique,0.0,1.0,tie,2hop__244193_461106,What movement does the creator of the Washington Monument belong to?,,unreachable,2,0.0
3.0,musique,1.0,2.0,win,2hop__245835_762148,Who is part of the group performing Ask the Fish?,,rescuable,2,0.5
3.0,musique,0.0,2.0,tie,2hop__24661_81961,When does the regular season begin for the league the Carolina Hurricanes belong to?,,anchor_failure,2,0.0
3.0,musique,1.0,2.0,win,2hop__25344_88628,"In True Grit, who did the star play?",,rescuable,2,0.5
1.0,musique,0.0,1.0,tie,2hop__25396_593388,Who was the father of the person who issued the Tamworth manifesto?,,anchor_failure,2,0.0
3.0,musique,1.0,2.0,win,2hop__256336_714772,Who is the spouse of a cast member from King of the Mountain?,,rescuable,2,0.5
3.0,musique,0.0,3.0,tie,2hop__256553_617289,Who is the uncle of Liu Bin?,,anchor_failure,2,0.0
3.0,musique,0.0,3.0,tie,2hop__257831_123283,Where did the producer of Julius Caesar study or work?,,rescuable,2,0.0
3.0,musique,0.0,3.0,tie,2hop__25788_990,In which generation did iPod start providing compatibility with the object designed to standardize connection of computer peripherals?,,already_solved,2,0.0
3.0,musique,0.0,3.0,tie,2hop__25797_990,Which iPod generation introduced compatibility with the industry standard connection that was first widely used at version 1.1?,,already_solved,2,0.0
3.0,musique,1.0,2.0,win,2hop__259267_22402,How many students attend where Rudolf Wolf was educated?,,rescuable,2,0.5
3.0,musique,1.0,2.0,win,2hop__265989_531490,Who is the mother of the screenwriter of WarGames?,,rescuable,2,0.5
3.0,musique,0.0,3.0,tie,2hop__26642_81961,When does the regular season for the league which the Buffalo Sabres Alumni Hockey Team had most of its members from begin?,,already_solved,2,0.0
1.0,musique,0.0,1.0,tie,2hop__267938_92763,What is the enrollment at Jack Clay's employer?,,unreachable,2,0.0
3.0,musique,0.0,3.0,tie,2hop__2682_577502,Who is the spouse of the famous governor signing legislation in honor of Donda West's death?,,rescuable,2,0.0
1.0,musique,0.0,1.0,tie,2hop__269076_449113,Where is the headquarters of the operator of Operation Entebbe?,,unreachable,2,0.0
3.0,musique,0.0,3.0,tie,2hop__274110_413723,In which district was Ernie Watts born?,,unreachable,2,0.0
0.0,musique,0.0,0.0,tie,2hop__274529_5385,How many people work in the school where Ross Porter was educated?,,unreachable,2,0.0
3.0,musique,1.0,2.0,win,2hop__276637_126089,Who was in charge of the area where Pavilion Welgelegen is located?,,rescuable,2,0.5
3.0,musique,0.0,3.0,tie,2hop__278022_71701,what year did the Japanese get to city where Wang Yue died and the rest of Guangdong province?,,already_solved,2,0.0
3.0,musique,0.0,3.0,tie,2hop__279729_20057,Who founded what Robert J Chassell is a member of?,,rescuable,2,0.0
3.0,musique,1.0,2.0,win,2hop__286621_67370,When does the show of the cast member of Politically Incorrect start again in 2018?,,rescuable,2,0.5
3.0,musique,0.0,3.0,tie,2hop__286_574195,From where did the man who said Beyoncé is the heir-apparent diva of the United States graduate?,,unreachable,2,0.0
3.0,musique,0.0,3.0,tie,2hop__29191_59955,What country is between Lithuania and Frederic Chopin's home country?,,anchor_failure,2,0.0
2.0,musique,0.0,2.0,tie,2hop__29339_40482,Who did the Huguenots in the state primary Edwards won outside of Georgia buy land from?,,anchor_failure,2,0.0
3.0,musique,-1.0,3.0,loss,2hop__29368_29376,What event caused the founder of Australia's liberal party to become Prime Minister?,,already_solved,2,-0.5
3.0,musique,0.0,3.0,tie,2hop__29893_29898,Which affiliate left the company that owns and operates most of the CBC television stations due to an agreement with CHBC?,,already_solved,2,0.0
3.0,musique,0.0,3.0,tie,2hop__29893_29905,How many mandatory transmitters of the owner and operator of most CBC TV stations were updated before the deadline?,,rescuable,2,0.0
3.0,musique,0.0,3.0,tie,2hop__30032_46621,When was the celestial body that transforms nuclear potential energy to other forms of energy discovered to be the center of the solar system?,,unreachable,2,0.0
3.0,musique,0.0,3.0,tie,2hop__301587_233146,Who is the grandfather of James Mayer de Rothschild?,,unreachable,2,0.0
3.0,musique,1.0,2.0,win,2hop__304852_758385,What administrative territorial entity contains the place where KPRM is licensed to broadcast to?,,rescuable,2,0.5
3.0,musique,0.0,3.0,tie,2hop__307719_121900,What college did the 2011 Australian Open - Men's Doubles winner go to?,,rescuable,2,0.0
2.0,musique,0.0,2.0,tie,2hop__31085_23241,"According to Pew, in 2010 what percent of Nigeria's population was the same religion as Ibn Tufail?",,unreachable,2,0.0
2.0,musique,0.0,2.0,tie,2hop__31091_31122,"What century did the author of ""Treatise Concerning the Principles of Human Knowldege"" live in?",,unreachable,2,0.0
3.0,musique,0.0,3.0,tie,2hop__31094_31122,The author of Alciphron lived in what century?,,anchor_failure,2,0.0
3.0,musique,1.0,2.0,win,2hop__311694_129669,In which state is Vera Barbosa's place of birth located?,,rescuable,2,0.5
3.0,musique,1.0,2.0,win,2hop__312223_144857,What city was the author of What We Talk About When We Talk About love born in?,,rescuable,2,0.5
3.0,musique,1.0,1.0,win,2hop__3131_3300,Which season was the runner up of the third season of American Idol on?,,anchor_failure,2,1.0
3.0,musique,0.0,2.0,tie,2hop__31326_31270,What is the distance in miles from Nashville to the place where Hemlock Semiconductor produces electronic components?,,already_solved,2,0.0
3.0,musique,1.0,2.0,win,2hop__316374_82341,In what part of Florida is Bob Steele's place of death located?,,rescuable,2,0.5
2.0,musique,0.0,2.0,tie,2hop__31995_8583,Who did the Slavs have contact with in the country that Steven Spielberg's grandparents were from?,,already_solved,2,0.0
3.0,musique,1.0,2.0,win,2hop__323534_810083,Where was the author of Marcinkus born?,,rescuable,2,0.5
3.0,musique,0.0,2.0,tie,2hop__32441_178460,"Who was the sibling of the president, other than Taft, that the Jenkins Orphanage played for?",,anchor_failure,2,0.0
3.0,musique,1.0,2.0,win,2hop__326404_120065,When did Charles Frederick II's birthplace fall?,,rescuable,2,0.5
3.0,musique,0.0,3.0,tie,2hop__327688_56873,When did the sports team that Craig Westcarr played for win the fa cup?,,rescuable,2,0.0
3.0,musique,1.0,2.0,win,2hop__333020_69048,Who is the Chief Judge of the place where Orezi was born?,,rescuable,2,0.5
3.0,musique,0.0,3.0,tie,2hop__34495_85544,How many games does the team play that had the most champion league wins between 1992 and 2013?,,unreachable,2,0.0
3.0,musique,0.0,3.0,tie,2hop__34594_160249,Between which years was the war with the person who suffered a great amount of losses battling the Roman army?,,unreachable,2,0.0
1.0,musique,0.0,1.0,tie,2hop__34595_160249,In which years did the war with the military leader from which the term Pyrrhic victory comes occur?,,unreachable,2,0.0
1.0,musique,0.0,1.0,tie,2hop__347686_127399,In what year was the group who performed Attics To Eden formed?,,unreachable,2,0.0
3.0,musique,0.0,3.0,tie,2hop__347_59409,Who was the person who acquired the parent company of the music service Beyonce owns part of talking about in the song Cry?,,already_solved,2,0.0
3.0,musique,0.0,3.0,tie,2hop__351045_47134,What is the mascot of the operator of RV Wecoma?,,already_solved,2,0.0
1.0,musique,0.0,1.0,tie,2hop__351275_75487,Who is the federal leader of Leon Benoit's political party?,,already_solved,2,0.0
3.0,musique,0.0,3.0,tie,2hop__35173_17335,When did the person who ended the Archaemenid Empire by conquest in 330 BC die?,,anchor_failure,2,0.0
3.0,musique,0.0,3.0,tie,2hop__35566_17873,What happened to Buckingham after the departure of the queen who Martha Ann Ricks presented the famed Liberian coffee tree to?,,already_solved,2,0.0
3.0,musique,0.0,3.0,tie,2hop__358270_108549,Who wrote the TV Series containing the Finale episodes?,,rescuable,2,0.0
3.0,musique,0.0,2.0,tie,2hop__35989_623159,In what oblast is the oldest city in the northeast located?,,already_solved,2,0.0
3.0,musique,0.0,3.0,tie,2hop__36269_63853,What is the source of the river Orlam clans crossed to migrate to Namibia?,,already_solved,2,0.0
3.0,musique,1.0,2.0,win,2hop__362912_97805,Which was did the operator of the Jurmo class landing craft serve in?,,rescuable,2,0.5
3.0,musique,1.0,2.0,win,2hop__363214_590899,The city that Psycho Donuts is located in is in which county?,,rescuable,2,0.5
1.0,musique,0.0,1.0,tie,2hop__367336_97805,Which war did the operator of the Finnish coastal defence ship Ilmarinen serve in?,,already_solved,2,0.0
3.0,musique,-1.0,3.0,loss,2hop__370564_71701,What year did the japanese get to the current administrative territorial entity of the Century Lotus Stadium and the rest of the guangdong province?,,already_solved,2,-0.5
3.0,musique,0.0,3.0,tie,2hop__37097_53663,Where is the river where the majority of Egyptians lived located in the world?,,unreachable,2,0.0
3.0,musique,0.0,3.0,tie,2hop__37097_86208,When does the river that the majority of Egyptians live near flood each year?,,already_solved,2,0.0
3.0,musique,0.0,2.0,tie,2hop__3739_13529,When was the football star who backed out due to relay controversy signed by Barcelona?,,already_solved,2,0.0
3.0,musique,0.0,3.0,tie,2hop__374495_68633,Who is the president of the organization that Avery Brundage is a member of?,,rescuable,2,0.0
3.0,musique,1.0,2.0,win,2hop__374767_152023,What label is responsible for the performer of One Night in America?,,rescuable,2,0.5
3.0,musique,0.0,3.0,tie,2hop__37656_36240,What specific part of the document that is the highest authority in Protestantism for morals reference Mary?,,unreachable,2,0.0
2.0,musique,0.0,2.0,tie,2hop__386236_350892,Where was Osbert Sitwell's sibling educated?,,already_solved,2,0.0
0.0,musique,0.0,0.0,tie,2hop__38828_89399,Who voices the character in Spongebob Squarepants who is named after a glowing species found in some beaches in Portugal?,,already_solved,2,0.0
3.0,musique,0.0,2.0,tie,2hop__390055_82341,Where in florida did Rosalie King die?,,already_solved,2,0.0
3.0,musique,0.0,3.0,tie,2hop__391258_161450,Where is the province that contains Maraveh Tappeh County located?,,rescuable,2,0.0
3.0,musique,1.0,2.0,win,2hop__391857_162018,What year did the author of Prince Prigio die?,,rescuable,2,0.5
3.0,musique,0.0,3.0,tie,2hop__391873_88622,Who is the head of the agency that created MYSTIC?,,rescuable,2,0.0
3.0,musique,0.0,3.0,tie,2hop__39231_17335,When did the person who took over the territory and made it part of their empire die?,,anchor_failure,2,0.0
3.0,musique,0.0,3.0,tie,2hop__394720_120259,When was the kingdom that Heptarchy was part of abolished?,,unreachable,2,0.0
3.0,musique,1.0,2.0,win,2hop__398344_85513,When is the next episode of the series that Steven the Sword Fighter is a part of being released?,,rescuable,2,0.5
3.0,musique,0.0,2.0,tie,2hop__39954_65371,Who is the permanent representative to the united nations of the country where it is estimated that a hunter spends fifty to one hundred times that of the average ecotourist?,,already_solved,2,0.0
2.0,musique,0.0,1.0,tie,2hop__39954_80303,What is the name of the game reserve in the country where hunters spend 50 to 100 times more than the average ecotourist?,,already_solved,2,0.0
2.0,musique,1.0,1.0,win,2hop__402530_774333,What other county does the county where Imperial is located share a border with?,,rescuable,2,0.5
3.0,musique,0.0,2.0,tie,2hop__403060_92763,What is the enrollment at the school that owns the Miami Hurricane?,,already_solved,2,0.0
3.0,musique,0.0,2.0,tie,2hop__403580_37168,"According to QS World University Rankings, what is the ranking of the place that employed Said Ashour?",,already_solved,2,0.0
3.0,musique,0.0,2.0,tie,2hop__403712_793210,"Who is the father of Edward Baring, 1st Baron Revelstoke's father?",,already_solved,2,0.0
1.0,musique,-1.0,1.0,loss,2hop__40485_40502,What was the population of the European country the Huguenots felt kinship for emigration to before this emigration?,,already_solved,2,-0.5
3.0,musique,0.0,3.0,tie,2hop__409166_152023,"What record label is responsible for the performer of ""Sanctuary""?",,rescuable,2,0.0
3.0,musique,0.0,3.0,tie,2hop__409884_83837,Who sings Home Alone Tonight with the Country Girl (Shake It for Me) performer?,,already_solved,2,0.0
3.0,musique,0.0,3.0,tie,2hop__41158_35123,What was the lifespan of the person who proposed explanations for the origins of earthquakes and the formation of mountains?,,rescuable,2,0.0
3.0,musique,1.0,2.0,win,2hop__414193_176917,Who is married to the cast member of Carolina Moon?,,rescuable,2,0.5
3.0,musique,1.0,2.0,win,2hop__418360_67370,When does real time with the author of The New New Rules start again in 2018,,rescuable,2,0.5
3.0,musique,0.0,2.0,tie,2hop__423972_540249,Who was the sibling of Nannina de' Medici?,,already_solved,2,0.0
3.0,musique,1.0,2.0,win,2hop__42464_718451,The field of work of the physicist making the first to measure value of the Newton Universal Gravitation Constant is what?,,rescuable,2,0.5
3.0,musique,1.0,2.0,win,2hop__424908_500483,"What shares a border with the administrative district where Bieliny, Świętokrzyskie Voivodeship is the capital?",,rescuable,2,0.5
1.0,musique,0.0,1.0,tie,2hop__42578_55840,Who played the monarch at the end of WW2 in The King's Speech?,,unreachable,2,0.0
3.0,musique,0.0,3.0,tie,2hop__42747_83837,Who sings Home Alone Tonight with the singer of Light It Up?,,already_solved,2,0.0
3.0,musique,0.0,3.0,tie,2hop__428940_135373,After what is the body of water Partridge Lake is part of named?,,rescuable,2,0.0
3.0,musique,0.0,2.0,tie,2hop__431934_30351,Who did Hayek work for after being hired by the author of Human Action?,,already_solved,2,0.0
3.0,musique,0.0,2.0,tie,2hop__43283_86694,Who has the most wins in the league that wins the All Star Game more often?,,anchor_failure,2,0.0
3.0,musique,0.0,3.0,tie,2hop__433694_20273,In what year did Margaret Knox's spouse pass away?,,unreachable,2,0.0
3.0,musique,1.0,2.0,win,2hop__435087_55984,Who wrote the song sung by the performer of The Story?,,rescuable,2,0.5
3.0,musique,0.0,3.0,tie,2hop__43579_289940,What sports team is the person who had the most sacks in the NFL this season a member of?,,anchor_failure,2,0.0
3.0,musique,1.0,2.0,win,2hop__439614_349102,What type of animal is Xiao Liwu's mother?,,rescuable,2,0.5
3.0,musique,1.0,2.0,win,2hop__44259_747874,Who is the sibling of the player who won the 2012 U.S. Open Men's Singles final?,,rescuable,2,0.5
3.0,musique,1.0,2.0,win,2hop__444265_82341,In what part of Florida is Tom Denney's birthplace located?,,rescuable,2,0.5
3.0,musique,0.0,2.0,tie,2hop__44522_58556,The food safety system of the agency that has the authority to decide if a drug is marketed otc or prescription is known as?,,already_solved,2,0.0
1.0,musique,0.0,1.0,tie,2hop__44815_494136,Who is the spouse of the actor of Ethan in A Dog's Purpose?,,unreachable,2,0.0
3.0,musique,0.0,3.0,tie,2hop__449673_91104,What is the experimental satellite which was the forerunner to the communication satellite of the operator of the RESOURCESAT-2 called?,,already_solved,2,0.0
3.0,musique,1.0,2.0,win,2hop__451574_120065,What year did Ludwig Friedrich Otto Baumgarten-Crusius's birthplace end?,,rescuable,2,0.5
3.0,musique,0.0,3.0,tie,2hop__45296_83837,Who duets with the singer of Someone Else Calling You Baby on the song Home Alone Tonight?,,already_solved,2,0.0
3.0,musique,0.0,3.0,tie,2hop__46065_417697,Mohamed Atta's car made by the car manufacturer owning the naming rights to titans stadium is a type of what?,,already_solved,2,0.0
3.0,musique,1.0,2.0,win,2hop__461639_83837,"Who sing ""Home Alone Tonight"" with the performer of ""country Man""?",,rescuable,2,0.5
3.0,musique,0.0,3.0,tie,2hop__46213_494136,The actor who plays the father in I Can Only Imagine has a wife played by who in another film?,,rescuable,2,0.0
3.0,musique,1.0,2.0,win,2hop__462179_643013,"What shares a border with the administrative territorial entity Radwanice, Polkowice County is located in?",,rescuable,2,0.5
3.0,musique,0.0,3.0,tie,2hop__463353_80420,Who was the first African American student to attend the school that owns Swayze Field?,,already_solved,2,0.0
3.0,musique,0.0,3.0,tie,2hop__46376_158105,Which two features were played up by the highest paid person in the world?,,anchor_failure,2,0.0
3.0,musique,0.0,2.0,tie,2hop__466700_214359,"Who is one of the members of the music group that performed ""Good Little Girls""?",,already_solved,2,0.0
3.0,musique,0.0,3.0,tie,2hop__46862_68042,"When did the political party that favored harsh punishment of southern states after the Civil War, gain control of the House?",,anchor_failure,2,0.0
3.0,musique,0.0,2.0,tie,2hop__468778_88165,Who did the spouse of Hagar marry after the death of Sarah?,,already_solved,2,0.0
3.0,musique,0.0,3.0,tie,2hop__474885_22402,How many students attend the school that granted Francis Travis a Ph.D.?,,rescuable,2,0.0
1.0,musique,0.0,1.0,tie,2hop__475070_532404,Where was the spouse of Frances Tupper born?,,unreachable,2,0.0
3.0,musique,0.0,2.0,tie,2hop__475808_71302,"In The Godfather, who does the producer of Mistress play?",,already_solved,2,0.0
3.0,musique,0.0,2.0,tie,2hop__47712_25719,At the end of which year did tribes from the place where the Celts are said to have migrated from invade the Roman empire?,,anchor_failure,2,0.0
2.0,musique,0.0,2.0,tie,2hop__481809_184805,Who is the child of the horse who also fathered Tompion?,,already_solved,2,0.0
3.0,musique,1.0,2.0,win,2hop__485221_544917,What body of water includes the terrain feature where Coffee Swamp is located?,,rescuable,2,0.5
3.0,musique,1.0,2.0,win,2hop__487706_40501,How many refugees emigrated to the participant of Battle of Kentish Knock?,,rescuable,2,0.5
1.0,musique,0.0,1.0,tie,2hop__48784_70131,Who constituted the free crops in the location where the democratic government set up in Germany in 1919?,,anchor_failure,2,0.0
3.0,musique,0.0,3.0,tie,2hop__488811_30078,What military overran much of Erich Zakowski's place of birth?,,rescuable,2,0.0
3.0,musique,0.0,3.0,tie,2hop__494659_5385,How many people work at the school that holds the Julian P. Kanter Political Commercial Archive?,,rescuable,2,0.0
3.0,musique,1.0,2.0,win,2hop__496792_392646,A participant of the Battle of Brechin is an instance of?,,rescuable,2,0.5
3.0,musique,0.0,3.0,tie,2hop__498061_88622,Who's the head of the owner of ThinThread?,,unreachable,2,0.0
3.0,musique,0.0,3.0,tie,2hop__498251_126089,Who was in charge of the area where Laren is located?,,rescuable,2,0.0
3.0,musique,0.0,2.0,tie,2hop__500379_126537,When did Burroughs Corporation merge to form a new corporation?,,already_solved,2,0.0
0.0,musique,0.0,0.0,tie,2hop__504464_708278,Who was the company preceding Metalmark Capital named after?,,unreachable,2,0.0
3.0,musique,1.0,2.0,win,2hop__506035_325512,In which county was Larkin I. Smith born?,,rescuable,2,0.5
3.0,musique,1.0,2.0,win,2hop__507722_124896,Who is the father of the author of Novum Organum?,,rescuable,2,0.5
3.0,musique,0.0,2.0,tie,2hop__50936_90973,Who did the original voice of the character that Mila Kunis plays in Family Guy?,,already_solved,2,0.0
3.0,musique,0.0,3.0,tie,2hop__510679_57816,What is the U.S. News ranking of the law school at Abraham Lavender's employer?,,unreachable,2,0.0
3.0,musique,0.0,3.0,tie,2hop__51113_84616,What did the actress whom mercer and mancini wrote the song moon river for win a tony for?,,rescuable,2,0.0
3.0,musique,0.0,3.0,tie,2hop__51261_87295,Who does the actress that played mary poppins in the 1964 film play in princess diaries?,,already_solved,2,0.0
3.0,musique,1.0,2.0,win,2hop__517145_367341,Who is the child of the cast member of Green Ice?,,rescuable,2,0.5
3.0,musique,0.0,3.0,tie,2hop__51760_602275,Who was the child of the person that Mel Brooks played in Mr. Peabody and Sherman?,,rescuable,2,0.0
1.0,musique,0.0,1.0,tie,2hop__518354_67465,When did the performer of Blue Slide Park release Best Day Ever?,,already_solved,2,0.0
3.0,musique,0.0,3.0,tie,2hop__51965_165532,Who is the spouse of the actor who plays Paul in Breakfast at Tiffany's?,,rescuable,2,0.0
3.0,musique,0.0,3.0,tie,2hop__52283_75184,Who play's Marty's girlfriend in back to the future?,,already_solved,2,0.0
3.0,musique,0.0,3.0,tie,2hop__524623_82341,Where is Chris Meffert's birth place in the state of Florida?,,unreachable,2,0.0
3.0,musique,0.0,3.0,tie,2hop__525242_52835,"Who wrote ""Turn Me On"" by performer of ""Happy Pills""?",,already_solved,2,0.0
3.0,musique,1.0,2.0,win,2hop__538735_3296,What former contestant did the performer of Addicted ask to marry him?,,rescuable,2,0.5
3.0,musique,0.0,3.0,tie,2hop__53937_92673,Where is the place where Rudolph the red-nosed reindeer lives on the world map?,,rescuable,2,0.0
3.0,musique,0.0,3.0,tie,2hop__542569_87295,Who does the performer of A Spoonful of Sugar play in Princess Diaries?,,already_solved,2,0.0
2.0,musique,0.0,2.0,tie,2hop__543853_124498,Who is the father of the Labo M performer?,,unreachable,2,0.0
3.0,musique,0.0,2.0,tie,2hop__544760_35739,When was the version of the browser that GNU IceCat is based on made accessible on Windows 8?,,already_solved,2,0.0
3.0,musique,0.0,3.0,tie,2hop__54651_169233,What award did the singer of Never Had a Friend Like Me in Aladdin receive?,,rescuable,2,0.0
1.0,musique,0.0,1.0,tie,2hop__547045_131879,What body of water is by the headquarters location of Wipac?,,unreachable,2,0.0
2.0,musique,0.0,1.0,tie,2hop__55032_786853,Who is the spouse of the actor who voices Batman in the Lego Batman movie?,,anchor_failure,2,0.0
3.0,musique,1.0,2.0,win,2hop__554145_88622,Who is the head of the main subject of NSA in popular culture?,,rescuable,2,0.5
3.0,musique,1.0,2.0,win,2hop__55463_19033,Where did the wrestler who has won the most intercontinental championships win in 2008?,,rescuable,2,0.5
3.0,musique,0.0,3.0,tie,2hop__557496_57594,What gun does Amy Madigan's spouse used in westworld?,,anchor_failure,2,0.0
3.0,musique,0.0,2.0,tie,2hop__559076_55984,Who wrote the song The Story sung by the performer of Give Up the Ghost?,,already_solved,2,0.0
3.0,musique,0.0,3.0,tie,2hop__55966_162341,What kind of recognition did the actor who played the game maker in hunger games receive?,,anchor_failure,2,0.0
3.0,musique,1.0,2.0,win,2hop__560534_91104,What is the name of the experimental satellite that was the forerunner to the communication satellite of IRS-P3's operator?,,rescuable,2,0.5
3.0,musique,0.0,3.0,tie,2hop__5658_161105,By how many votes did the signer of the decree suspending the Communist Party of the Russian SFSR survive impeachment?,,already_solved,2,0.0
3.0,musique,1.0,2.0,win,2hop__567471_123283,Where did the producer of On Dangerous Ground study or work?,,rescuable,2,0.5
3.0,musique,1.0,2.0,win,2hop__56806_7298,What pop artist started his career on adult contemporary radio along with the subject of the song The One That Got Away?,,anchor_failure,2,0.5
3.0,musique,0.0,3.0,tie,2hop__580458_139390,What was the cast member of The Bad Man nominated for?,,rescuable,2,0.0
2.0,musique,0.0,2.0,tie,2hop__58168_1783,Who was the mayor of New York during the time when the US had its highest unemployment rate?,,unreachable,2,0.0
3.0,musique,0.0,3.0,tie,2hop__58168_38663,What was the percentage that the Dow Jones fell when the US had the highest unemployment rate?,,already_solved,2,0.0
2.0,musique,0.0,2.0,tie,2hop__58691_192417,The league playing in the Thursday night football game is a type of what?,,unreachable,2,0.0
3.0,musique,0.0,2.0,tie,2hop__58939_189318,Where was Obama's opponent in his first election educated?,,anchor_failure,2,0.0
3.0,musique,0.0,2.0,tie,2hop__58939_213732,Who is the child of Obama's opponent in his first election?,,anchor_failure,2,0.0
3.0,musique,0.0,3.0,tie,2hop__59274_461854,Who was the spouse of the actor who played Scarlett in Gone With the Wind?,,anchor_failure,2,0.0
3.0,musique,0.0,3.0,tie,2hop__593866_80026,"In Willy Wonka and the Chocolate Factory, who played the character that the group who performs MMXIV was named after?",,anchor_failure,2,0.0
2.0,musique,0.0,2.0,tie,2hop__595747_31270,How many miles is Sloan Thomas' birthplace from Nashville?,,already_solved,2,0.0
3.0,musique,0.0,2.0,tie,2hop__59612_42429,When did the French and Indian War end on the continent where London Broil comes from?,,already_solved,2,0.0
3.0,musique,0.0,2.0,tie,2hop__60229_38663,What was the percentage the Dow Jones fell during the time the first cake mix come out?,,already_solved,2,0.0
3.0,musique,1.0,2.0,win,2hop__603365_120259,When was a participant in the Battle of Maserfield abolished?,,rescuable,2,0.5
3.0,musique,0.0,3.0,tie,2hop__603598_25719,At the end of what year did the tribes from the place where the Rossen culture is located invade the Roman Empire?,,anchor_failure,2,0.0
3.0,musique,0.0,3.0,tie,2hop__60686_229757,Who is the spouse of the actress that plays leslie knope on parks and recreation?,,rescuable,2,0.0
3.0,musique,1.0,2.0,win,2hop__607517_161450,Where is the province containing Bandar-e Gaz County located?,,rescuable,2,0.5
3.0,musique,0.0,3.0,tie,2hop__60880_87295,Who does the actor who plays Nanny in Eloise at Christmastime play in Princess Diaries?,,already_solved,2,0.0
3.0,musique,0.0,2.0,tie,2hop__609313_20273,What year did the author of History of the Reformation in Scotland die?,,already_solved,2,0.0
3.0,musique,0.0,3.0,tie,2hop__611178_131968,Which is the body of water by the village which borders Long Ditton?,,already_solved,2,0.0
3.0,musique,0.0,3.0,tie,2hop__61143_165532,Who is the spouse of the actor who played hannibal smith in the a team?,,rescuable,2,0.0
3.0,musique,0.0,3.0,tie,2hop__61924_712629,Who is the spouse of the current queen of England?,,anchor_failure,2,0.0
3.0,musique,1.0,2.0,win,2hop__619265_45326,How many episodes are in season 5 of the series with The Bag or the Bat?,,rescuable,2,0.5
2.0,musique,0.0,2.0,tie,2hop__623931_656446,Who is the spouse of a cast member of Secrets of a Windmill Girl?,,unreachable,2,0.0
3.0,musique,0.0,3.0,tie,2hop__6265_718451,What field of work did the person who first recognized that hydrogen was a discrete substance work in?,,rescuable,2,0.0
3.0,musique,1.0,2.0,win,2hop__628752_538661,Where are the headquarters for the publisher of In the Shadow of Greatness?,,rescuable,2,0.5
3.0,musique,1.0,2.0,win,2hop__632161_643449,Who is the child of the cast member of Ice Bound: A Woman's Survival at the South Pole?,,rescuable,2,0.5
0.0,musique,0.0,0.0,tie,2hop__632870_22402,How many students attend where Andre Dreiding is employed?,,unreachable,2,0.0
1.0,musique,0.0,1.0,tie,2hop__635185_141338,What company is the employer of Marie Rutkoski part of?,,rescuable,2,0.0
2.0,musique,1.0,1.0,win,2hop__636597_480615,What city is located in the county containing Qiantong?,,rescuable,2,0.5
3.0,musique,0.0,3.0,tie,2hop__63982_768138,Who is the sibling of the actor who played Joey on Gimme a Break?,,unreachable,2,0.0
3.0,musique,0.0,3.0,tie,2hop__644898_64046,Who plays the prison warden in the second movie in the series with the same name as the place where James Trainer died?,,anchor_failure,2,0.0
3.0,musique,0.0,2.0,tie,2hop__64537_482364,Who is the father of the man with the same name as the Big Brother hot dog challenge winner?,,anchor_failure,2,0.0
3.0,musique,0.0,3.0,tie,2hop__645448_77615,When did military instruction start at the place where Larry Alcala was educated?,,already_solved,2,0.0
1.0,musique,0.0,1.0,tie,2hop__646493_5385,How many people work in the school where Taylor Mokate was educated?,,rescuable,2,0.0
3.0,musique,0.0,2.0,tie,2hop__646573_83769,"Who did the creator of Push, Nevada play in Dazed and Confused?",,already_solved,2,0.0
3.0,musique,0.0,3.0,tie,2hop__65202_712629,Who is the spouse of the owner of the British Virgin Islands?,,unreachable,2,0.0
1.0,musique,0.0,1.0,tie,2hop__656411_345851,"The singer, who starred in Shake It Up, signed to which record label?",,already_solved,2,0.0
3.0,musique,0.0,3.0,tie,2hop__66167_615257,What team does the player with the most points in a NBA season play for?,,anchor_failure,2,0.0
1.0,musique,0.0,1.0,tie,2hop__66167_72467,Where did the player who scored the most points in a NBA season go in the NBA Draft?,,anchor_failure,2,0.0
1.0,musique,0.0,1.0,tie,2hop__66167_88526,Who was picked before the player who has the most points in an NBA season in the NBA draft?,,anchor_failure,2,0.0
3.0,musique,1.0,2.0,win,2hop__66843_494136,Who is the spouse of the actor portraying Jerry Lee Lewis in Great Balls of Fire?,,rescuable,2,0.5
3.0,musique,0.0,3.0,tie,2hop__66_59409,"Who was the artist that was featured in Beyonce's first solo album's lead single talking about in the song ""Cry""?",,already_solved,2,0.0
3.0,musique,1.0,2.0,win,2hop__671664_646310,What city is in the county where the Red Cross is located?,,rescuable,2,0.5
0.0,musique,0.0,0.0,tie,2hop__6736_6733,To what division does the place where the most speakers are found belong?,,anchor_failure,2,0.0
3.0,musique,1.0,1.0,win,2hop__6744_6731,What two dialects are included in the other pattern other vowels follow?,,anchor_failure,2,0.5
3.0,musique,0.0,3.0,tie,2hop__676045_7292,"Besides Kenny G and the artist behind A Smooth Jazz Christmas, who else had crossover hits played on smooth jazz stations?",,already_solved,2,0.0
3.0,musique,1.0,2.0,win,2hop__6827_88924,Who is the chairman of the company that bought FleetBoston Financial?,,rescuable,2,0.5
3.0,musique,0.0,2.0,tie,2hop__683203_72813,Who does the performer of Don't Be Cruel play in the wire?,,already_solved,2,0.0
3.0,musique,0.0,2.0,tie,2hop__68322_510545,Who is the spouse of the actor that plays Jarvis in the Avengers Age of Ultron?,,anchor_failure,2,0.0
3.0,musique,1.0,2.0,win,2hop__683835_709167,What award did the author of The Red Tree receive?,,rescuable,2,0.5
3.0,musique,0.0,3.0,tie,2hop__68590_27619,Where is the mission for the agency that controls the monetary policy of the EU found?,,anchor_failure,2,0.0
3.0,musique,0.0,3.0,tie,2hop__6870_16335,What two factors might lead to genetic similarity between Ashkenazi Jews and the city's second largest ethnic group?,,unreachable,2,0.0
3.0,musique,1.0,2.0,win,2hop__693444_220151,Who is the spouse of Young Man Luther's author?,,rescuable,2,0.5
2.0,musique,0.0,2.0,tie,2hop__695432_18803,The operator of Brent field announced it was in the process of doing what in April 2010?,,already_solved,2,0.0
3.0,musique,0.0,3.0,tie,2hop__6956_192417,The league the New England Patriots belongs to is an example of what?,,anchor_failure,2,0.0
3.0,musique,0.0,3.0,tie,2hop__69765_43945,"Why is Common Sense, which was written by an author who encouraged revolt, an important work?",,already_solved,2,0.0
3.0,musique,0.0,3.0,tie,2hop__70338_36240,"What specific part of the book where the quote ""by the skin of your teeth"" comes from document reference for Mary?",,rescuable,2,0.0
3.0,musique,0.0,2.0,tie,2hop__703767_37168,Where does the employer of Hasan Hanafi rank according to QS World University Rankings?,,already_solved,2,0.0
3.0,musique,0.0,2.0,tie,2hop__7046_44085,What was the old show that was named after a character that Walt Disney created in 1928 called?,,already_solved,2,0.0
3.0,musique,0.0,3.0,tie,2hop__70584_198548,Who is the spouse of the person who played the sergeant major in We Were Soldiers?,,anchor_failure,2,0.0
3.0,musique,0.0,3.0,tie,2hop__706637_93362,"What is the movie starring Preity Zinta, Madhuri Dixit and the spouse of Kajol?",,unreachable,2,0.0
3.0,musique,1.0,2.0,win,2hop__708145_30351,Who did Hayek work for upon being hired by the author of Bureaucracy?,,rescuable,2,0.5
1.0,musique,0.0,1.0,tie,2hop__711639_110949,What is the Sarah performer's birth date?,,anchor_failure,2,0.0
3.0,musique,0.0,3.0,tie,2hop__71336_604644,Which record label does the band who sang hey now you're an allstar belong to?,,anchor_failure,2,0.0
3.0,musique,0.0,3.0,tie,2hop__71755_463572,What is the record label for the singer who originally sang You Belong To Me.,,unreachable,2,0.0
3.0,musique,0.0,3.0,tie,2hop__71900_712629,Who is the spouse of the longest reigning British monarch?,,unreachable,2,0.0
3.0,musique,0.0,3.0,tie,2hop__72118_83769,Who did the person portraying Batman in the Justice League movie play in Dazed and Confused?,,rescuable,2,0.0
1.0,musique,0.0,1.0,tie,2hop__72660_319330,Who is the child of the first person who gave in person state of the union?,,unreachable,2,0.0
1.0,musique,-1.0,1.0,loss,2hop__730788_72813,Who does the Girlfriend performer play in The Wire?,,already_solved,2,-0.5
3.0,musique,1.0,2.0,win,2hop__731584_700117,In which county is the city to which KKVU is licensed to broadcast?,,rescuable,2,0.5
3.0,musique,0.0,3.0,tie,2hop__74084_75184,Who played the girlfriend of Chance's voice actor in Homeward Bound in Back to the Future?,,already_solved,2,0.0
3.0,musique,1.0,2.0,win,2hop__747306_72813,"In The Wire, who is played by the Go for Broke cast member?",,rescuable,2,0.5
3.0,musique,0.0,2.0,tie,2hop__747758_58067,Who was honored with the award Dhondo Keshav Karve received prior to becoming president of India?,,anchor_failure,2,0.0
3.0,musique,0.0,3.0,tie,2hop__749997_96912,Who gives out the prize named after the author of Lectures on Jurisprudence?,,already_solved,2,0.0
3.0,musique,0.0,2.0,tie,2hop__75169_92673,Where is the starting meridian for the longitude system on the world map?,,anchor_failure,2,0.0
3.0,musique,0.0,3.0,tie,2hop__75207_46837,When does the winter season begin in the place where fuser and alberto meet the indigenous couple who were traveling for work?,,rescuable,2,0.0
3.0,musique,0.0,3.0,tie,2hop__752214_639679,Who is the spouse of the author of Queen of the Elephants?,,unreachable,2,0.0
3.0,musique,1.0,2.0,win,2hop__753260_71701,When did the Japanese get to Liang Jiahong's birthplace and the rest of Guangdong?,,rescuable,2,0.5
3.0,musique,0.0,3.0,tie,2hop__753715_51329,with what movie did Mary Philips' husband win his only oscar?,,anchor_failure,2,0.0
3.0,musique,1.0,2.0,win,2hop__754021_20057,Who started the organization that founded Defective by Design?,,rescuable,2,0.5
3.0,musique,0.0,3.0,tie,2hop__75714_21969,When was the first governor general of India impeached?,,rescuable,2,0.0
3.0,musique,0.0,3.0,tie,2hop__75781_512508,What was the person who provided evidence to suggest the existence of the neutron a participant of?,,rescuable,2,0.0
2.0,musique,0.0,2.0,tie,2hop__765678_310556,Who was married to the star of No Escape?,,unreachable,2,0.0
3.0,musique,1.0,2.0,win,2hop__766973_770570,What county is Erik Hort's birthplace a part of?,,rescuable,2,0.5
3.0,musique,0.0,2.0,tie,2hop__77134_88165,Who did the person Sarah married to in the bible marry after the death of Sarah?,,already_solved,2,0.0
3.0,musique,0.0,3.0,tie,2hop__771477_149987,Which mythological tradition has the group of heroes that includes Aegialeus?,,already_solved,2,0.0
3.0,musique,0.0,3.0,tie,2hop__771727_93362,What preity zinta and madhuri dixit movie had a cast member from U Me Aur Hum ?,,already_solved,2,0.0
3.0,musique,0.0,3.0,tie,2hop__77601_814677,What pantheon is the God of the underworld in ancient Egypt a part of?,,already_solved,2,0.0
3.0,musique,1.0,2.0,win,2hop__776377_857193,What is the mouth of watercourse for the body of water where Bartram's Covered Bridge is located?,,rescuable,2,0.5
3.0,musique,1.0,2.0,win,2hop__77878_189357,Where was the first woman appointed to the Supreme Court educated?,,rescuable,2,0.5
1.0,musique,0.0,1.0,tie,2hop__779424_75487,Who is the federal leader of the party that Pierre-Hugues Boisvenu is a member of?,,already_solved,2,0.0
3.0,musique,0.0,3.0,tie,2hop__78401_158262,When did the person chosen to be president of the confederacy end his fight in the Mexican-American war?,,anchor_failure,2,0.0
3.0,musique,0.0,3.0,tie,2hop__7855_7794,What is the population in 2010 of they city popular with tourists?,,anchor_failure,2,0.0
3.0,musique,0.0,2.0,tie,2hop__787538_31270,How many miles between the city where West Creek High School is located in TN and Nashville?,,already_solved,2,0.0
3.0,musique,0.0,3.0,tie,2hop__78756_198548,Who is the spouse of the person who voices Smokey the bear?,,rescuable,2,0.0
3.0,musique,0.0,3.0,tie,2hop__789398_74735,What song did Paul McCartney write for the performer of Valotte?,,unreachable,2,0.0
3.0,musique,1.0,2.0,win,2hop__789565_416401,Who is the child of Empress Dowager Huang's child?,,rescuable,2,0.5
2.0,musique,0.0,2.0,tie,2hop__797443_120537,When was the organization that manufactured BAe 146 abolished?,,already_solved,2,0.0
3.0,musique,0.0,3.0,tie,2hop__799936_20273,What year did the author of The First Blast of the Trumpet Against the Monstruous Regiment of Women die?,,rescuable,2,0.0
3.0,musique,0.0,3.0,tie,2hop__800166_156034,What is the river where Long Spruce Generating Station is located a tributary of?,,rescuable,2,0.0
2.0,musique,1.0,1.0,win,2hop__802991_443552,What is the capital of the county where Fort Deposit is located?,,rescuable,2,0.5
3.0,musique,0.0,3.0,tie,2hop__804417_126089,Who was in charge of the place where Bergen is located?,,unreachable,2,0.0
3.0,musique,0.0,3.0,tie,2hop__806869_56873,When did Andrea Silenzi's team win the FA cup?,,anchor_failure,2,0.0
3.0,musique,0.0,2.0,tie,2hop__808562_72813,Who does the performer of Don't Be Cruel play in the wire?,,already_solved,2,0.0
2.0,musique,-1.0,2.0,loss,2hop__809096_491515,Where did William Beckford's child die?,,already_solved,2,-0.5
3.0,musique,1.0,2.0,win,2hop__810411_159673,"What other film is the cast member of Now You See Him, Now You Don't a character for?",,rescuable,2,0.5
3.0,musique,0.0,3.0,tie,2hop__810884_22402,How many students attend the university that Edith Humphrey was educated?,,unreachable,2,0.0
3.0,musique,-1.0,3.0,loss,2hop__81268_85407,What was the 2018 population of the Italian city that's underwater?,,already_solved,2,-0.5
3.0,musique,0.0,2.0,tie,2hop__813461_31270,How many miles are there between Nashville and the place in Tennessee where Mark Day was born?,,already_solved,2,0.0
3.0,musique,0.0,3.0,tie,2hop__814671_82341,In what region of Florida is WMOP located?,,rescuable,2,0.0
3.0,musique,0.0,3.0,tie,2hop__816977_6455,The developer of Mozilla Sunbird created which browser?,,already_solved,2,0.0
3.0,musique,0.0,3.0,tie,2hop__818302_25719,At the end of which year did the tribes from the location of the Lusatia invade the Roman Empire?,,already_solved,2,0.0
2.0,musique,0.0,2.0,tie,2hop__818692_113442,What date did the creator of Autumn Leaves die?,,unreachable,2,0.0
3.0,musique,1.0,2.0,win,2hop__819974_129669,In which state is Póvoa de Santa Iria's municipality located?,,rescuable,2,0.5
3.0,musique,0.0,2.0,tie,2hop__82051_7298,"Along with the subject of The One That Got Away, what notable pop artist started out his career on adult contemporary radio?",,anchor_failure,2,0.0
2.0,musique,1.0,1.0,win,2hop__822965_165304,Who is the child of the actor who is a cast member of Love in Pawn?,,rescuable,2,0.5
3.0,musique,0.0,2.0,tie,2hop__82713_84616,What did the actress in My Fair Lady win a Tony for?,,anchor_failure,2,0.0
3.0,musique,1.0,2.0,win,2hop__8347_8311,When did the crowning of the person under whom the Chapter House was built happen?,,rescuable,2,0.5
3.0,musique,0.0,3.0,tie,2hop__835710_7298,"Along with the Closer performer, what notable pop artist started out his career on adult contemporary radio?",,unreachable,2,0.0
3.0,musique,0.0,3.0,tie,2hop__83938_5666,Who was the first president in the country where the Kamchatka Peninsula is located?,,rescuable,2,0.0
3.0,musique,0.0,2.0,win,2hop__84103_345851,The actor who plays the girl in Spiderman Homecoming is signed to which record label?,,anchor_failure,2,0.5
3.0,musique,0.0,3.0,tie,2hop__84172_198548,Who is the spouse of the person who does the voice for Smokey the Bear?,,rescuable,2,0.0
3.0,musique,1.0,2.0,win,2hop__84439_482364,Who is the father of the person who fulfilled the warning beware the man with one sandal?,,rescuable,2,0.5
3.0,musique,0.0,3.0,tie,2hop__847433_11402,"According to the organization that creates census county division, what is the total area in square miles?",,rescuable,2,0.0
3.0,musique,0.0,3.0,tie,2hop__847760_80026,Who played Seether's performer in willy wonka and the chocolate factory?,,anchor_failure,2,0.0
3.0,musique,0.0,3.0,tie,2hop__84847_21969,When was the 1st governor general of India impeached?,,anchor_failure,2,0.0
1.0,musique,0.0,1.0,tie,2hop__852122_150107,Who published Communications of the agency that Michael Schroeder is a member of ?,,already_solved,2,0.0
2.0,musique,0.0,2.0,tie,2hop__852657_155922,Into what harbour does the river Lennox Bridge in Parramatta crosses flow?,,already_solved,2,0.0
3.0,musique,0.0,2.0,tie,2hop__85325_88165,Who did the person who married their half sister in the bible marry after the death of sarah?,,already_solved,2,0.0
3.0,musique,0.0,3.0,tie,2hop__857493_17335,When did the spouse of Parysatis II die?,,rescuable,2,0.0
3.0,musique,0.0,2.0,tie,2hop__85753_64503,How deep is the Riverwalk in San Antonio in the state that still uses electric chair?,,anchor_failure,2,0.0
3.0,musique,1.0,2.0,win,2hop__859431_18803,"In April 2010, what did the company owned by MV Macoma announce it was in the process of doing?",,rescuable,2,0.5
3.0,musique,0.0,2.0,tie,2hop__85958_87295,What character does the person who played Eliza Doolittle in My Fair Lady play in The Princess Diaries?,,already_solved,2,0.0
1.0,musique,0.0,1.0,tie,2hop__860241_766393,What award was received by the person who authored Missing Person?,,unreachable,2,0.0
3.0,musique,1.0,2.0,win,2hop__861047_110949,What is the date of birth for the performer of Beat Hotel?,,rescuable,2,0.5
1.0,musique,0.0,1.0,tie,2hop__86689_728109,What team drafted the winner of the NBA scoring title this year?,,anchor_failure,2,0.0
3.0,musique,0.0,2.0,tie,2hop__87580_7298,"Along with the person who played Andy's brother in The Office, what notable pop artist started his career in adult contemporary radio?",,anchor_failure,2,0.0
3.0,musique,0.0,2.0,tie,2hop__87589_362941,Where was the founder of the National Women's Party born?,,already_solved,2,0.0
3.0,musique,0.0,3.0,tie,2hop__88149_807969,The all time top goal scorer in premier league in one season is a member of what team?,,anchor_failure,2,0.0
3.0,musique,1.0,2.0,win,2hop__88834_425488,Who is the mother of the person who plays Nim in Return to Nim's Island?,,rescuable,2,0.5
3.0,musique,0.0,3.0,tie,2hop__88953_64006,How much did the Black Death reduce the population of the region offered aid by the marshall plan?,,already_solved,2,0.0
3.0,musique,0.0,3.0,tie,2hop__89403_122023,Which university educated the scientist who developed an explanation for the photoelectric effect?,,rescuable,2,0.0
3.0,musique,0.0,3.0,tie,2hop__9014_679424,The Socialist Autonomous Province of the city where there were mass executions of Danube Swabian population are located in where?,,unreachable,2,0.0
1.0,musique,0.0,1.0,tie,2hop__90773_715759,What was the inventor of the atomic bomb trigger a participant in?,,anchor_failure,2,0.0
3.0,musique,0.0,2.0,tie,2hop__91021_19033,Where did the wrestler who has held the intercontinental championship the most times win in 2008?,,already_solved,2,0.0
3.0,musique,0.0,2.0,tie,2hop__91211_90973,Who did the original voice of the character played by mila kunis in the cleveland show?,,anchor_failure,2,0.0
3.0,musique,0.0,3.0,tie,2hop__91713_289940,What team is the player who led the league in sacks in 2017 a member of?,,rescuable,2,0.0
3.0,musique,1.0,2.0,win,2hop__9174_9237,When did the first mosque in the capital of the Marshall Islands open?,,rescuable,2,0.5
1.0,musique,0.0,1.0,tie,2hop__92716_319330,Who was the child of the person who started the State of the Union address?,,unreachable,2,0.0
3.0,musique,0.0,3.0,tie,2hop__93230_319887,What institute did the actor playing the voice of John Smith in Pocahontas attend?,,rescuable,2,0.0
3.0,musique,0.0,3.0,tie,2hop__95687_2684,What was the name of the law passed by who was featured in the film the 6th Day?,,rescuable,2,0.0
3.0,musique,1.0,2.0,win,2hop__95773_51329,What movie did the person who acted in the comedy film Crime School win his only Oscar for?,,rescuable,2,0.5
3.0,musique,0.0,3.0,tie,2hop__96062_159673,What other movie did the cast member of Escape from L.A. play a character in?,,rescuable,2,0.0
3.0,musique,0.0,3.0,tie,2hop__96137_121319,Where did the actor in The Woman in the Window study or work?,,rescuable,2,0.0
3.0,musique,1.0,2.0,win,2hop__96137_62765,Who did the cast member of The Woman in the Window play in the Ten Commendments?,,rescuable,2,0.5
3.0,musique,0.0,1.0,tie,2hop__96414_47902,Who is the actor who plays the title character of The Bourne Ultimatum?,,already_solved,2,0.0
3.0,musique,0.0,3.0,tie,2hop__96812_130869,The Small Cowper Madonna painting is displayed in what state?,,rescuable,2,0.0
3.0,musique,-1.0,3.0,loss,2hop__998_25855,What does dell call the feature letting the interface replacing FireWire in later iterations of the iPod drives to remain powered when the computer is off?,,already_solved,2,-0.5
0.0,musique,0.0,0.0,tie,3hop1__102087_214799_259594,"What is the three letter abbreviation for the country, which maintains border troops, that claims Bernd Baumgart as a citizen?",,rescuable,3,0.0
3.0,musique,0.0,2.0,tie,3hop1__102461_24918_24991,What went down after the Soviet President visiting the the birth country of Andrey Dashkov while the protests were taking place departed from the Kremlin?,,rescuable,3,0.0
2.0,musique,0.0,2.0,tie,3hop1__103180_214799_259594,What is the country of the border troops of the country of the literature of the country Wilfried Grobner was in?,,unreachable,3,0.0
1.0,musique,0.0,1.0,tie,3hop1__103662_443779_52195,Who is the president of the newly declared independent country that is part of the Commission of Truth and Friendship with Radiansyah's birth country?,,unreachable,3,0.0
2.0,musique,0.0,2.0,tie,3hop1__103881_443779_52195,Who is the president of the newly declared independent country that is part of the Commission of Truth and Friendship with the country that Tony Gunawan is from?,,unreachable,3,0.0
1.0,musique,0.0,1.0,tie,3hop1__104237_214799_259594,What is the abbreviated form of the name of the country where Alfred Kurella hails from?,,rescuable,3,0.0
3.0,musique,1.0,1.0,win,3hop1__104762_24918_24991,What went down after the Soviet president visiting the country of citizenship of Yasyn Khamid while the protests were taking place departed from the Kremlin?,,anchor_failure,3,0.33333333333333337
2.0,musique,0.0,2.0,tie,3hop1__105126_443779_52195,Who is the president of the newly declared independent country part of the Commission of Truth and Friendship with the country where Gado-gado is found?,,unreachable,3,0.0
1.0,musique,0.0,1.0,tie,3hop1__105767_443779_52195,Who is the president of the newly declared independent country that is part of the commission of truth and friendship with the country that eats Kemplang?,,unreachable,3,0.0
3.0,musique,0.0,3.0,tie,3hop1__105837_160713_77246,what is meaning of the word that is a majority religion of the area that became India when the country origin of Mizraab was created in Arabic dictionary?,,rescuable,3,0.0
3.0,musique,0.0,3.0,tie,3hop1__106042_64399_52278,Who controlled the holy land where the brand of Christianity practiced in the country where Vasilopita is lasted up until the 7th century?,,anchor_failure,3,0.0
3.0,musique,0.0,2.0,tie,3hop1__106239_650651_7262,Who was a prominent figure at the radio division of the broadcast company that created the version of The Biggest Loser set in the country where Kelupis originated?,,anchor_failure,3,0.0
2.0,musique,0.0,2.0,tie,3hop1__106313_443779_52195,Who is president of the newly declared independent country that is part of the Commission of Truth and Friendship with the country where Opor originated?,,unreachable,3,0.0
3.0,musique,0.0,2.0,tie,3hop1__106688_160713_77246,"What is the Arabic dictionary meaning, of the word for the majority religion in the part of British India, that became India when the country that released Mushkil was created?",,anchor_failure,3,0.0
3.0,musique,0.0,3.0,loss,3hop1__106845_5188_86687,"When did the country the top-ranking Warsaw Pact operatives came from, despite it being headquartered in the country where A Generation is set, agree to a unified Germany inside NATO?",,anchor_failure,3,-0.3333333333333333
3.0,musique,0.0,2.0,tie,3hop1__106847_160713_77246,What is the meaning in the arabic dictionary of the majority religion in the area of British India that become India when the country for A Music Fairy was created?,,anchor_failure,3,0.0
3.0,musique,0.0,3.0,tie,3hop1__106864_160713_77246,What is the meaning in the Arabic Dictionary of the word for the majority religion in the area of British India that became India when Bedari's country was created?,,rescuable,3,0.0
3.0,musique,0.0,3.0,tie,3hop1__107195_160713_77246,What is the meaning in the Arabic dictionary of the word which also refers to the majority religion of what became India when the country whose business news is covered by Corporate Corridor was created?,,rescuable,3,0.0
3.0,musique,0.0,3.0,tie,3hop1__108062_720914_27537,Why did Roncalli leave the city where La Bella's creator died?,,unreachable,3,0.0
3.0,musique,0.0,3.0,tie,3hop1__108833_720914_41132,How many times did the plague occur in the city where the painter of The Bacchanal of the Andrians died?,,unreachable,3,0.0
3.0,musique,0.0,3.0,tie,3hop1__108881_720914_41132,How many times did plague occur in the place where the creator of The Worship of Venus died?,,unreachable,3,0.0
3.0,musique,0.0,3.0,tie,3hop1__109113_720914_27537,Why did Roncalli leave the city where the painter of Venus with a Mirror died?,,rescuable,3,0.0
3.0,musique,0.0,3.0,tie,3hop1__109113_720914_41132,How many times did plague occur in the place where Venus with a Mirror's creator died?,,unreachable,3,0.0
1.0,musique,0.0,1.0,tie,3hop1__109422_720914_27537,Why did Roncalli leave the place of death of The Punishment of Tythus' creator?,,unreachable,3,0.0
3.0,musique,0.0,3.0,tie,3hop1__109422_720914_41132,How many times did the plague occur in the place of death of the creator of The Punishment of Tythus?,,rescuable,3,0.0
3.0,musique,0.0,3.0,tie,3hop1__120881_2053_5289,"What label was bought in the UK by the other major New York broadcast that is in addition to ABC, and the one who released Stand Against Fear?",,already_solved,3,0.0
3.0,musique,0.0,3.0,tie,3hop1__120881_2053_52946,"When is Celebrity Big Brother coming to the network which, along with ABC and the network which released Stand Against Fear, is the other major broadcaster based in NY?",,rescuable,3,0.0
3.0,musique,0.0,3.0,tie,3hop1__127716_157828_239539,Where is the headquarter of the Radio Television of the country whose co-official language is the same as the one Politika is written in?,,unreachable,3,0.0
3.0,musique,0.0,2.0,tie,3hop1__127821_157828_239539,Where is the headquarters of Radio Television of this country that has a co-official language that is the same as the language of Olivera Markovic?,,rescuable,3,0.0
3.0,musique,0.0,3.0,loss,3hop1__128554_39743_24526,"What is the average winter daytime temperature in the region where Richmond is found, in the state where WIRR operates?",,anchor_failure,3,-0.6666666666666666
3.0,musique,0.0,3.0,loss,3hop1__129499_33897_81096,Who won the 1993 Indy Car race in the city with the largest population in the state where Poachie Range is located?,,rescuable,3,-0.3333333333333333
3.0,musique,0.0,3.0,loss,3hop1__131110_39743_24526,"In the state that includes Walnut Spring, what's the typical winter daytime temperature range in the region of Richmond?",,rescuable,3,-0.3333333333333333
3.0,musique,0.0,2.0,tie,3hop1__131783_131926_90707,Where does the body of water by the city where The Minikahda Club is located and the Ohio River meet?,,rescuable,3,0.0
2.0,musique,0.0,1.0,win,3hop1__131820_59747_60748,The largest city in the state where WEKL broadcasts had an historic battle that was fought when?,,anchor_failure,3,0.3333333333333333
3.0,musique,0.0,3.0,tie,3hop1__131820_59747_90139,"Which star of the Real Housewives show, set in the largest city by population in the state where WEKL is located, is married to an NFL player?",,rescuable,3,0.0
3.0,musique,0.0,3.0,tie,3hop1__131829_39743_24526,"What is the average winter daytime temperature in the region containing Richmond, in the state where WXBX is located?",,anchor_failure,3,0.0
3.0,musique,0.0,3.0,tie,3hop1__132795_40769_64047,When did the luxury division of the company that produces TMG EV P001 change the body style of rx 350?,,rescuable,3,0.0
3.0,musique,0.0,3.0,tie,3hop1__132967_40769_64047,When did the rx 350 model of the luxury division of the company that built Daihatsu boon change body style?,,rescuable,3,0.0
2.0,musique,0.0,2.0,tie,3hop1__132968_40769_64047,When did the luxury division of the company that made Daihatsu Charmant change the body style of the rx 350?,,unreachable,3,0.0
3.0,musique,0.0,3.0,tie,3hop1__133264_40769_64047,When did the rx 350 model of the luxury division of the company that manufactures Scion Fuse change body style?,,unreachable,3,0.0
3.0,musique,0.0,2.0,win,3hop1__135392_87694_64412,When did the location of the basilica which is named for the same saint that the Bremen Cathedral is named for become a country?,,rescuable,3,0.3333333333333333
3.0,musique,0.0,3.0,tie,3hop1__135659_87694_124169,"When was the end of the Governor of the city containing the head of Catholicism, and the Basilica named for the saint who the Mantua Cathedral is also named for?",,unreachable,3,0.0
3.0,musique,0.0,3.0,tie,3hop1__135793_87694_64412,When did the location of the basilica named after the same saint at San Pietro in Ciel d'Oro become its own country?,,unreachable,3,0.0
3.0,musique,0.0,3.0,tie,3hop1__136016_87694_124169,On what date did Governor of the location where the basilica named after the same saint as Leeds Minster and the head of the catholic religion end?,,unreachable,3,0.0
3.0,musique,0.0,3.0,tie,3hop1__136083_87694_124169,What was the last year of the Governor post for the city which contains the basilica which is named after the saint who also has the Schleswig Cathedral dedicated to him?,,rescuable,3,0.0
3.0,musique,0.0,3.0,loss,3hop1__136129_87694_124169,What year did the Governor of the city where the basilica named after the same saint as the one that Mantua Cathedral is dedicated to die?,,anchor_failure,3,-0.3333333333333333
3.0,musique,0.0,3.0,tie,3hop1__139773_88110_21193,What compression method is part of the CAB format used by one of the original partners in the TV channel that hosts Rachel Maddow's show?,,unreachable,3,0.0
3.0,musique,0.0,3.0,loss,3hop1__139773_88110_77129,"What was the first OS to support the Hyper-V protocol, developed by the company that the letters MS stand for, in the network where The Rachel Maddow Show is found?",,anchor_failure,3,-0.3333333333333333
3.0,musique,0.0,2.0,tie,3hop1__139787_88110_77129,What was the first OS to support Hyper-V from the company the letters MS stands for in the network that broadcasts Buchanan & Press?,,rescuable,3,0.0
3.0,musique,0.0,3.0,tie,3hop1__139862_2053_52946,"When is Celebrity Big Brother coming to the network which, along with ABC and the network which broadcasted Highway to Heaven, is the other major broadcaster based in NY?",,rescuable,3,0.0
3.0,musique,0.0,2.0,win,3hop1__140554_2053_5289,"What label was bought by the company which, along with ABC and the network which hosts Westinghouse Playhouse, is the other major broadcaster based in NY?",,rescuable,3,0.3333333333333333
3.0,musique,0.0,3.0,tie,3hop1__140554_2053_52946,"When is Celebrity Big Brother coming to the network which, along with ABC and the network which hosts Westinghouse Playhouse, is the other major broadcaster based in NY?",,rescuable,3,0.0
3.0,musique,1.0,2.0,win,3hop1__140786_2053_5289,"What UK label was bought by the major broadcaster that, along with ABC and the network of the show Just Men!?, is based in New York?",,rescuable,3,0.33333333333333337
3.0,musique,0.0,3.0,tie,3hop1__140786_2053_52946,"When is Celebrity Big Brother coming to the broadcast company that, along with the network of Just Men!?, and ABC, is one of the major broadcasters based in New York?",,rescuable,3,0.0
3.0,musique,0.0,3.0,tie,3hop1__140994_2053_52946,"When is Celebrity Big Brother coming to the network which, along with ABC and the network which broadcasted Hello, Larry?, is the other major broadcaster based in NY?",,rescuable,3,0.0
3.0,musique,0.0,3.0,loss,3hop1__141138_2053_52946,"When is Celebrity Big Brother coming to the network which, along with ABC and the network which broadcasted The Chisholms, is the other major broadcaster based in NY?",,rescuable,3,-0.3333333333333333
1.0,musique,0.0,1.0,tie,3hop1__145194_160545_34754,What does the US believe caused this country where Siddhi Savetsila was born in to help Japan?,,rescuable,3,0.0
2.0,musique,0.0,2.0,tie,3hop1__145194_160545_60577,Where did they film The Beach in the country where Siddhi Savetsila was born?,,rescuable,3,0.0
1.0,musique,0.0,1.0,tie,3hop1__145194_160545_62931,The Beach was filmed in what location of the country that contains the birth city of Siddhi Savetsila?,,unreachable,3,0.0
1.0,musique,0.0,1.0,tie,3hop1__145290_443779_52195,Who is the president of the new country who has jointly established a Commission on Truth and Friendship with the birth country of Satyo Husodo?,,unreachable,3,0.0
1.0,musique,0.0,1.0,tie,3hop1__145924_131905_41948,"Besides the Irish Channel and the body of water by the city Caspar Voght died in, what else lowered in the last cold phase?",,unreachable,3,0.0
3.0,musique,0.0,3.0,tie,3hop1__147162_131905_41948,"Besides the body of water by the city where Erwin Speckler died, and the Irish Channel, what else was lowered in the last cold phase?",,unreachable,3,0.0
3.0,musique,0.0,3.0,tie,3hop1__152880_131926_87157,What is the direction of flow of the body of water by the city that Astronautalis is from?,,anchor_failure,3,0.0
3.0,musique,0.0,3.0,tie,3hop1__152880_131926_90707,Where does the body of water by the city Astronautalis is from and the Ohio River meet?,,unreachable,3,0.0
2.0,musique,0.0,2.0,tie,3hop1__158139_19788_15107,What percentage of Eritrea adheres to the religion widely practiced where suicides by females are more common in young than old?,,unreachable,3,0.0
3.0,musique,0.0,3.0,tie,3hop1__158848_66089_86107,Which city of the sea linked to another sea that Theodoric was trying to gain access to by attacking Narbo Martius was the main port of Axum?,,already_solved,3,0.0
3.0,musique,0.0,3.0,tie,3hop1__159728_91191_156667,What was the name of the spouse of the first convert to the most prevalent religion in Jordan?,,rescuable,3,0.0
3.0,musique,0.0,3.0,tie,3hop1__159737_160713_77246,What is the meaning of the word that is also a majority religion in the area that became India when the country that withdrew its forces was created in the Arabic dictionary?,,rescuable,3,0.0
3.0,musique,0.0,3.0,tie,3hop1__160324_131905_41948,"What body of water was dry land during the last ice age, besides the Irish Channel and the sea near the former Atlantic Hotel?",,unreachable,3,0.0
2.0,musique,-1.0,2.0,loss,3hop1__169494_42197_18397,Where did the arguer that Dmitry Okhotsimsky's country of citizenship had become an imperialist power declare he would intervene in the Korean conflict?,,already_solved,3,-0.33333333333333337
3.0,musique,0.0,3.0,loss,3hop1__178435_547811_80702,What is the name of the famous bridge in the birthplace of Gloria in D Major's composer?,,anchor_failure,3,-0.3333333333333333
3.0,musique,0.0,2.0,tie,3hop1__186307_503371_21711,When was the Palau de la Generalitat constructed in the city where Martin from where Jaulin is located died?,,anchor_failure,3,0.0
2.0,musique,-1.0,2.0,loss,3hop1__194006_42197_18397,Where did who argued that the country of citizenship of Yuri Kleschev had itself become an imperialist power declare that he would intervene in the Korean conflict?,,already_solved,3,-0.33333333333333337
3.0,musique,0.0,3.0,tie,3hop1__19768_19788_10117,"Widely practiced in the region having the second largest rain-forest in the world, how long ago did this religion arrive in Zhejiang?",,rescuable,3,0.0
2.0,musique,0.0,2.0,tie,3hop1__19768_19788_15107,What percentage of Eritrea is estimated to adhere to the religion widely practiced in the region with the 2nd largest rain-forest in the world?,,unreachable,3,0.0
2.0,musique,0.0,2.0,tie,3hop1__198276_709625_84283,Who is the owner of the record label of the performer of What Kind of Love?,,unreachable,3,0.0
1.0,musique,0.0,1.0,tie,3hop1__210639_147339_47686,Where do Greyhound buses leave from in the city where the creator of Scene in the Northwest: Portrait of John Henry Lefroy lived when he died?,,unreachable,3,0.0
3.0,musique,0.0,2.0,tie,3hop1__21282_692112_236857,In what country is women's football played in the country where the German chancellor criticized by The Sun held citizenship?,,anchor_failure,3,0.0
2.0,musique,0.0,2.0,tie,3hop1__222380_443779_52195,Who is the president of the newly declared independent country that is part of the Commission of Truth and Friendship with the country where Buru is located?,,unreachable,3,0.0
3.0,musique,0.0,3.0,tie,3hop1__222497_737465_93723,"Who played Spyder, from the ""Once Upon a Time"" film set in the place of death of the composer of Al gran sole carico d'amore?",,rescuable,3,0.0
3.0,musique,1.0,1.0,win,3hop1__228_237521_291682,Who is the wife of the man who produced the documentary of the pop star who influenced Beyonce?,,rescuable,3,0.33333333333333337
3.0,musique,0.0,3.0,tie,3hop1__239036_15840_36002,What were the Genesis's advantages over the platform of Xexys?,,anchor_failure,3,0.0
3.0,musique,0.0,2.0,tie,3hop1__239036_15840_36014,"What was Nintendo's limit on games per developer per year on the platform, also known by a three letter abbreviation, of the video game Xexyz?",,already_solved,3,0.0
3.0,musique,0.0,3.0,tie,3hop1__241001_568433_47686,Where do Greyhound buses leave from in the city where Arna Selznick's employer is headquartered?,,unreachable,3,0.0
3.0,musique,0.0,3.0,tie,3hop1__241001_568433_51423,What is the name of the castle in the headquarters of the company that employs Arna Selznick?,,unreachable,3,0.0
3.0,musique,0.0,3.0,tie,3hop1__248929_160713_77246,What is the meaning of the word that is also a majority religion in the region that became India when the country where Kohat is located was created in the Arabic dictionary?,,rescuable,3,0.0
3.0,musique,0.0,2.0,loss,3hop1__24980_42197_18397,"Where did the leader, who claimed that the republic that was coming to an end had become an imperialist power, declare that he would intervene in the Korean conflict?",,anchor_failure,3,-0.3333333333333333
3.0,musique,0.0,3.0,loss,3hop1__251085_831637_91775,what does seal stand for in the operator of the list of destroyer classes of the operator of the USS Grouse seals?,,unreachable,3,-0.3333333333333333
3.0,musique,0.0,3.0,tie,3hop1__255970_831637_91775,The military unit that operates destroyers and once had a ship named the USS Sanderling has a force called the seals. What does seal stand for?,,unreachable,3,0.0
3.0,musique,1.0,1.0,win,3hop1__268450_503371_21711,When was the Palau de la Generalitat built in the city in which died the man called Martin of the region of Spain where Berdejo is located?,,rescuable,3,0.33333333333333337
3.0,musique,0.0,3.0,tie,3hop1__273571_834494_33939,What was the population in 1900 of the city that shares a county with Summit?,,rescuable,3,0.0
3.0,musique,0.0,3.0,tie,3hop1__273571_834494_34053,What was the wettest year for the city in the same county as Summit?,,rescuable,3,0.0
3.0,musique,0.0,3.0,tie,3hop1__273571_834494_34088,Where does the administrative territorial entity that contains the administrative territorial entity that contains summit hold NASCAR races?,,anchor_failure,3,0.0
1.0,musique,0.0,1.0,tie,3hop1__273571_834494_34099,How long are city council terms in the city in the same county as Summit?,,unreachable,3,0.0
3.0,musique,0.0,3.0,tie,3hop1__273571_834494_34109,What's the PBS station located in the city contained within the county where Summit is also located?,,unreachable,3,0.0
2.0,musique,0.0,2.0,tie,3hop1__275261_443779_52195,Who is the president of the newly declared independent country that formed the Timor Leste Commission of Truth and Friendship with the country where Pantar is found?,,already_solved,3,0.0
3.0,musique,0.0,3.0,loss,3hop1__28841_547811_41132,How many times did the plague occur in the birth place of Concerto in C Major Op 3 6's composer?,,unreachable,3,-0.3333333333333333
3.0,musique,0.0,3.0,loss,3hop1__28841_547811_80702,What is the name of the famous bridge in the place of birth of who composed the Concerto in C Major Op 3 6?,,anchor_failure,3,-0.3333333333333333
3.0,musique,1.0,1.0,win,3hop1__302383_503371_21711,When was the Palau de la Generalitat constructed in the city where Martin from the region where Codo is located died?,,rescuable,3,0.33333333333333337
3.0,musique,0.0,3.0,tie,3hop1__30240_740597_41132,How many times did plague occur in the birthplace of the person who used the spice route that the Ottoman Empire controlled?,,unreachable,3,0.0
2.0,musique,0.0,2.0,tie,3hop1__30390_36635_87083,"Who holds veto power in the organization that the victors of the conflict active when Hayek began ""Abuse of power"" were given permanent seats in.",,unreachable,3,0.0
3.0,musique,0.0,3.0,tie,3hop1__305282_282081_10972,When did the city where Ill's performer was born elect its first black mayor?,,rescuable,3,0.0
3.0,musique,0.0,3.0,tie,3hop1__305566_568433_47686,Where do greyhound buses leave from the in the city where the headquarters of the production company which produced A Cosmic Christmas is located?,,anchor_failure,3,0.0
3.0,musique,0.0,3.0,tie,3hop1__305566_568433_51423,What is the name of the castle in the city where the headquarters of the production company of A Cosmic Christmas is located?,,anchor_failure,3,0.0
3.0,musique,0.0,3.0,loss,3hop1__307152_400692_51423,What is the name of the castle in the city where the performer of Fall was born?,,anchor_failure,3,-0.3333333333333333
3.0,musique,0.0,3.0,tie,3hop1__30885_160713_77246,what is the meaning of the word that is also the majority religion in the area that became India when the country where BCCI is based was created in the Arabic dictionary?,,rescuable,3,0.0
3.0,musique,0.0,3.0,tie,3hop1__313670_42197_18397,Another world leader said that Vladimir Rapoport's country was imperialist. Where did that leader announce that he would intervene in the Korean conflict?,,unreachable,3,0.0
3.0,musique,0.0,3.0,tie,3hop1__320697_547811_41132,How many times did plague occur in the birth city of the composer of Nulla in mundo pax sincera?,,unreachable,3,0.0
2.0,musique,0.0,2.0,loss,3hop1__33845_42197_18397,Where did the arguer that the country Directive 10/2 called for actions against had become an imperialist power declare he would intervene in the Korean conflict?,,anchor_failure,3,-0.3333333333333333
3.0,musique,0.0,2.0,tie,3hop1__346812_15840_36014,What was Nintendo's limit on games per developer per year on the platform that plays Drac's Night Out?,,rescuable,3,0.0
3.0,musique,0.0,3.0,tie,3hop1__351696_42197_18397,Where did the person who argued that the country where Ural Oblast is located had become an imperialist power declare he would intervene in the Korean conflict?,,anchor_failure,3,0.0
3.0,musique,0.0,2.0,win,3hop1__354480_834494_34053,What was the wettest year for the city within the county that houses Eric Marcus Municipal Airport?,,rescuable,3,0.3333333333333333
3.0,musique,0.0,3.0,tie,3hop1__354480_834494_34088,Where do they hold NASCAR races in the city that is in the same county as the Eric Marcus Municipal Airport?,,rescuable,3,0.0
3.0,musique,0.0,3.0,tie,3hop1__358853_339990_54675,"What mountain can you see from Portland, in the state that Raven Creek is located in?",,rescuable,3,0.0
3.0,musique,0.0,3.0,tie,3hop1__36497_73181_68042,When did the party with a majority in the body the President calls on for support of his appointments to the USAF gain control of the House?,,anchor_failure,3,0.0
3.0,musique,0.0,3.0,tie,3hop1__365934_87694_64412,When did the location of the head of the catholic religion with a basilica named after the same saint as Mantua Cathedral become its own country?,,unreachable,3,0.0
3.0,musique,0.0,3.0,tie,3hop1__373866_5189_63702,When did the U.S. and the country in effective control of political and military functions of the group the People's Socialist Republic of Albania was a member of become allies?,,anchor_failure,3,0.0
3.0,musique,0.0,2.0,tie,3hop1__374018_160713_77246,What is the meaning of the word that is also the majority religion in India when the country where Dubbi is located was created in the Arabic dictionary?,,rescuable,3,0.0
3.0,musique,0.0,3.0,tie,3hop1__376309_160713_77246,"In the Arabic dictionary, what's the meaning of the word for the majority religion in the area of British India that became India when Garlat's country was created?",,rescuable,3,0.0
3.0,musique,0.0,2.0,win,3hop1__38426_91850_685675,What team does the person who hit the first home run at the new stadium in South Bronx play for?,,rescuable,3,0.3333333333333333
3.0,musique,0.0,3.0,tie,3hop1__38738_78276_68042,"When did the political party that holds the majority in the political body that passed a bill giving regulators discretion to prohibit proprietary trades, gain control of the House?",,rescuable,3,0.0
3.0,musique,0.0,3.0,tie,3hop1__389955_132457_47686,Where do Greyhound buses leave from in the city where the band that recorded the album I'm Alive and on Fire formed?,,rescuable,3,0.0
3.0,musique,0.0,3.0,tie,3hop1__389955_132457_51423,What is the name of the castle in the city where the performer of I'm Alive and on Fire was formed?,,rescuable,3,0.0
3.0,musique,0.0,2.0,win,3hop1__390489_502967_84283,Who is the owner of the record label of the performer of Flamenco a Go-Go?,,rescuable,3,0.3333333333333333
3.0,musique,1.0,1.0,win,3hop1__395211_503371_21711,When was the Palau de la Generalitat constructed in the city where Martin from where Mianos is located died?,,rescuable,3,0.33333333333333337
3.0,musique,0.0,2.0,tie,3hop1__398232_326948_10972,When did the place of birth of the performer of Mother-in-Law elect its first black Mayor?,,rescuable,3,0.0
2.0,musique,0.0,2.0,tie,3hop1__398232_326948_59893,When were the monuments built in the Mother-in-Law performer's birthplace?,,rescuable,3,0.0
3.0,musique,0.0,2.0,win,3hop1__401538_132457_51423,What is the name of the castle in the city where the performer of We Sweat Blood formed?,,rescuable,3,0.3333333333333333
3.0,musique,0.0,2.0,win,3hop1__404541_629431_124169,When did the Governorship end of the city where the author of Paenitentiam Agere died?,,rescuable,3,0.3333333333333333
3.0,musique,0.0,3.0,tie,3hop1__418091_15840_36002,What were Genesis's advantages over the platform that plays Bigfoot?,,rescuable,3,0.0
3.0,musique,0.0,2.0,tie,3hop1__423001_503371_21711,When was the Palau de la Generalitat constructed in the city where Martin of the region of Pedrola died?,,rescuable,3,0.0
3.0,musique,0.0,3.0,loss,3hop1__433054_831637_91775,What does seal stand for in who is the operator of destroyer class of the operator of the USS Venus seals?,,unreachable,3,-0.3333333333333333
1.0,musique,0.0,1.0,tie,3hop1__446612_160545_34754,What does the US believe caused the country where Ercole Manfredi died to help Japan?,,unreachable,3,0.0
3.0,musique,0.0,2.0,win,3hop1__45612_502967_84283,Who is the owner of the record label of the guitarist who performed on the Top Gun theme?,,rescuable,3,0.3333333333333333
3.0,musique,0.0,3.0,tie,3hop1__458916_665330_47686,Where do greyhound buses leave from in the city where the performer of Spirit If... was formed?,,unreachable,3,0.0
3.0,musique,0.0,2.0,win,3hop1__458916_665330_51423,What is the name of the castle in the city where the performers of Spirit If.. became a band?,,rescuable,3,0.3333333333333333
1.0,musique,0.0,1.0,tie,3hop1__459153_544076_84283,Who is the owner of the record label that Seventeen's performer belongs to?,,anchor_failure,3,0.0
3.0,musique,0.0,3.0,tie,3hop1__462125_538202_84283,Who is the owner of the record label that the performer of Days of Our Lives is on?,,rescuable,3,0.0
3.0,musique,0.0,2.0,tie,3hop1__462960_160545_34751,What year did the country where Pao Sarasin was born form an alliance with Japan?,,rescuable,3,0.0
3.0,musique,0.0,3.0,tie,3hop1__462960_160545_34754,What does the US believe caused the country of the birthplace of Pao Sarasin to help Japan?,,rescuable,3,0.0
2.0,musique,0.0,2.0,tie,3hop1__462960_160545_62931,Where was the film The Beach filmed in the country where Pao Sarasin was born?,,rescuable,3,0.0
3.0,musique,0.0,3.0,tie,3hop1__465684_160545_34751,What year did the country that includes the birth city of Bodindecha form an alliance with Japan?,,unreachable,3,0.0
1.0,musique,0.0,1.0,tie,3hop1__465684_160545_60577,Where did they film The Beach in the country where Bodindecha died?,,anchor_failure,3,0.0
1.0,musique,0.0,1.0,tie,3hop1__465684_160545_62931,Where in the country where Bodindecha was born was The Beach filmed?,,unreachable,3,0.0
3.0,musique,0.0,3.0,tie,3hop1__469478_15840_36014,What was Nintendo's limit on games per developer per year for the platform with an abbreviated name that had the game Sunman?,,rescuable,3,0.0
3.0,musique,0.0,3.0,tie,3hop1__475351_160713_77246,"In the Arabic dictionary, what's the meaning of the word for the majority religion in the area of British India that became India when Dourkhan's country was created?",,rescuable,3,0.0
2.0,musique,0.0,2.0,tie,3hop1__487301_443779_52195,Who is the president of newly declared independent country part of the Commission of Truth and Friendship with the country where Kaimana is located?,,unreachable,3,0.0
1.0,musique,0.0,1.0,tie,3hop1__488744_443779_52195,Who is the president of the newly declared independent country that is part of the Commission of Truth and Friendship with the country where Jenggawah is located?,,unreachable,3,0.0
1.0,musique,0.0,1.0,tie,3hop1__489567_443779_52195,Who is the president of the newly declared independent country that is part of the commission of Truth and Friendship with the country where Inierie is located?,,unreachable,3,0.0
3.0,musique,0.0,3.0,tie,3hop1__491648_339990_54675,"What mountains can you see from Portland, in the state containing the county where Cole's creek is located?",,rescuable,3,0.0
3.0,musique,0.0,3.0,tie,3hop1__49610_89752_75165,What is the population of the largest state where The Handmaid's Tale is set?,,unreachable,3,0.0
1.0,musique,0.0,1.0,tie,3hop1__497845_629431_64412,When did the place where the author of Princeps Pastorum died become its own country?,,unreachable,3,0.0
3.0,musique,0.0,2.0,tie,3hop1__507961_160713_77246,What is the meaning of the word that is also a majority religion in India when the country where Banna is located was created in the Arabic dictionary?,,rescuable,3,0.0
3.0,musique,0.0,3.0,tie,3hop1__511157_709625_84283,Who owns the record label of the performer of The Houston Kid?,,rescuable,3,0.0
3.0,musique,0.0,2.0,tie,3hop1__516535_834494_33939,"In 1900, what was the population of the city in the same county as Allen?",,rescuable,3,0.0
3.0,musique,0.0,3.0,tie,3hop1__516535_834494_34088,Where are NASCAR races held in the city in the same county as Allen?,,anchor_failure,3,0.0
3.0,musique,0.0,2.0,tie,3hop1__516535_834494_34099,How long are city council terms in the city located in the county that also contains Allen?,,rescuable,3,0.0
3.0,musique,0.0,3.0,tie,3hop1__52222_40769_64047,When did the luxury division of the biggest automobile company in the world change the body style of rx 350?,,rescuable,3,0.0
1.0,musique,0.0,1.0,tie,3hop1__524212_831637_91775,What does SEAL stand for in the military group that is part of the branch that operates the USS Askari?,,unreachable,3,0.0
3.0,musique,0.0,3.0,tie,3hop1__534450_831637_91775,What does seal stand for in the division of the U.S. military branch that operates destroyer classes and the USS Chinquapin?,,already_solved,3,0.0
3.0,musique,0.0,3.0,tie,3hop1__536452_15840_36014,"What was Nintendo's limit on games per developer per year on the platform with a three letter abbreviation, that had the game Pinball Quest?",,rescuable,3,0.0
1.0,musique,0.0,1.0,tie,3hop1__53690_161697_49779,Who was a host of Who Wants to be a Millionaire who shares the same nationality as the author of The Feminine Mystique?,,already_solved,3,0.0
3.0,musique,0.0,3.0,tie,3hop1__53690_161697_73916,What is the average yearly income for the same nationality as the author of The Feminine Mystique?,,already_solved,3,0.0
3.0,musique,0.0,3.0,tie,3hop1__540585_568433_47686,Where do greyhound buses leave from in the location of the headquarters of the production company of Miss Spider's Sunny Patch Kids?,,unreachable,3,0.0
3.0,musique,0.0,2.0,tie,3hop1__545624_2053_5289,"What UK label was bought by the company which, along with ABC and the network which broadcasted Here and Now, is the other major broadcaster based in NY?",,rescuable,3,0.0
3.0,musique,0.0,3.0,tie,3hop1__545624_2053_52946,"When is Celebrity Big Brother coming to the network which, along with ABC and the original broadcaster of Here and Now, is the other major broadcaster based in NY?",,rescuable,3,0.0
3.0,musique,1.0,1.0,win,3hop1__558449_503371_21711,When was the Palau de la Generalitat built in the city in which died the man called Martin of the region of Spain where Malanquilla is located?,,rescuable,3,0.33333333333333337
3.0,musique,1.0,1.0,win,3hop1__567955_503371_21711,When was the Palau de la Generalitat constructed in the city where Martin of the region where Layana is located died?,,rescuable,3,0.33333333333333337
3.0,musique,0.0,2.0,win,3hop1__568951_567566_84283,Who owns the record label of the Every Turn of the World performer?,,rescuable,3,0.3333333333333333
1.0,musique,0.0,1.0,tie,3hop1__579562_629431_64412,When did the city where the author of Pacem in Terris died become its own country?,,rescuable,3,0.0
2.0,musique,0.0,1.0,win,3hop1__584774_131926_87157,What is the direction of flow of the body of water by the city where Uni-Systems is headquartered?,,rescuable,3,0.3333333333333333
3.0,musique,0.0,3.0,loss,3hop1__586087_339990_54675,"What mountains can you see from Portland, in the state with the county where McCauley Mountain is located?",,rescuable,3,-0.3333333333333333
3.0,musique,0.0,3.0,tie,3hop1__587540_514761_594810,What record label does the spouse of Mama's Broken Heart's performer belong to?,,rescuable,3,0.0
3.0,musique,0.0,3.0,tie,3hop1__593288_720914_41132,How many times did plague occur in the place of death of the creator of Violante?,,unreachable,3,0.0
3.0,musique,0.0,3.0,tie,3hop1__593597_40769_64047,When did the luxury division of the manufacturer of Scion Fuse change the body style of the RX 350?,,unreachable,3,0.0
3.0,musique,0.0,3.0,tie,3hop1__595371_40769_64047,When did the RX 350 from the Scion xB manufacturer's luxury division change body style?,,rescuable,3,0.0
3.0,musique,0.0,2.0,win,3hop1__602329_792411_51423,What is the name of the castle in the birth city of the performer who recorded A Day in the Life?,,rescuable,3,0.3333333333333333
3.0,musique,0.0,3.0,tie,3hop1__603558_87694_124169,"When was the end of the governorship where the head of Catholicism is, along with the basilica named after the saint who San Pietro in Ciel d'Oro is named for?",,rescuable,3,0.0
2.0,musique,-1.0,2.0,loss,3hop1__604797_443779_52195,who is the president of newly declared independent country which is the country of the country of Alabio –Timor Leste Commission of Truth and Friendship?,,already_solved,3,-0.33333333333333337
3.0,musique,0.0,2.0,tie,3hop1__617062_127905_46748,What is the longest win streak in the league that Jim Wilson's team plays for?,,anchor_failure,3,0.0
3.0,musique,0.0,3.0,tie,3hop1__617062_127905_48717,Who was the second pick in the 1999 draft of the league Jim Wilson played in?,,anchor_failure,3,0.0
3.0,musique,0.0,3.0,tie,3hop1__617062_127905_54974,What is the farthest home run ever hit in the league where the team that Jim Wilson plays for?,,unreachable,3,0.0
3.0,musique,0.0,3.0,tie,3hop1__617062_127905_67954,Who won the All-Star MVP for the league that the team that Jim Wilson plays for is a part of?,,rescuable,3,0.0
3.0,musique,0.0,2.0,tie,3hop1__617062_127905_80487,When is the All-Star game being played in the league that Jim Wilson plays for?,,anchor_failure,3,0.0
3.0,musique,0.0,3.0,tie,3hop1__617062_127905_86588,What is the longest home run in the history of the league that Jim Wilson's team is a part of?,,unreachable,3,0.0
3.0,musique,0.0,3.0,tie,3hop1__617062_127905_87812,When is the opening day of the league that Jim Wilson plays for?,,rescuable,3,0.0
3.0,musique,0.0,3.0,tie,3hop1__617062_127905_89859,When does the sport which has Jim Wilson's Cleveland team as a member start the regular season?,,anchor_failure,3,0.0
1.0,musique,0.0,1.0,tie,3hop1__622145_42197_18397,Where did the arguer that Boris Lagutin's country of citizenship had become an imperialist power declare he would intervene in the Korean conflict?,,anchor_failure,3,0.0
3.0,musique,1.0,2.0,win,3hop1__622497_160088_73916,What is the average yearly income for someone with the same nationality as the producer of The Wild Women of Chastity Gulch?,,rescuable,3,0.33333333333333337
3.0,musique,0.0,3.0,tie,3hop1__626214_503371_21711,3 When was the Palau de la Generalitat in the place of death of martin of the administrative territorial entity Navardun is located constructed?,,rescuable,3,0.0
3.0,musique,0.0,2.0,win,3hop1__63037_567566_84283,Who is the owner of the record label that singer of the theme song from the movie Arthur belongs to?,,rescuable,3,0.3333333333333333
3.0,musique,0.0,3.0,tie,3hop1__632623_160713_77246,In the arabic dictionary what is the meaning of the word that also refers to the majority religion in India during the creation of the country where Rabwah is located?,,anchor_failure,3,0.0
3.0,musique,0.0,3.0,tie,3hop1__635099_131926_13165,What treaty ceded territory to the US extending west to the body of water by the city where Write This Down was formed?,,rescuable,3,0.0
3.0,musique,0.0,3.0,tie,3hop1__635099_131926_90707,Where does the body of water by the city where Write This Down was formed and Ohio River meet?,,rescuable,3,0.0
3.0,musique,0.0,3.0,tie,3hop1__639955_834494_33939,What was the 1900 population of the city located within the county that also contains Helvetia?,,rescuable,3,0.0
3.0,musique,0.0,2.0,tie,3hop1__639955_834494_34053,What was the wettest year of the city located in the county that also contains Helvetia?,,rescuable,3,0.0
3.0,musique,0.0,3.0,tie,3hop1__639955_834494_34088,Where are NASCAR races held in the city that shares a county with Helvetia?,,unreachable,3,0.0
3.0,musique,0.0,2.0,tie,3hop1__639955_834494_34099,How long are the council terms of the city that shares a county with Helvetia?,,rescuable,3,0.0
3.0,musique,0.0,2.0,tie,3hop1__64957_87694_124169,"When was the position of Governor ended in the city that houses the head of Catholicism, and the basilica of the saint holding a knife in the Last Supper?",,rescuable,3,0.0
3.0,musique,0.0,2.0,tie,3hop1__64957_87694_64412,When did the city that contains the basilica named after the saint who is holding a knife in the last supper become a country?,,rescuable,3,0.0
3.0,musique,0.0,3.0,tie,3hop1__649930_15840_36002,What were the Genesis' advantages over the platform of Colorful Dragon?,,rescuable,3,0.0
3.0,musique,-1.0,3.0,loss,3hop1__652852_2053_5289,"What UK label was purchased by the company that, along with the distributor of The Cube, and ABC, is the other major New York-based broadcaster?",,already_solved,3,-0.33333333333333337
2.0,musique,0.0,2.0,loss,3hop1__662413_42197_18397,Where did the arguer that Kirill Eskov's country of citizenship had become an imperialist power declare he would intervene in the Korean conflict?,,anchor_failure,3,-0.6666666666666666
3.0,musique,0.0,3.0,tie,3hop1__662618_339990_54675,What mountain can you see from Portland in the state where Fishing Creek Confederacy is located?,,rescuable,3,0.0
3.0,musique,0.0,2.0,tie,3hop1__664835_650651_7262,"Who was a prominent figure in the radio division of the network of the version of The Biggest Loser: The Final Chance, set in the country where Bokok is located?",,anchor_failure,3,0.0
3.0,musique,0.0,2.0,win,3hop1__66872_709625_84283,Who owns the record label of the Till I Can Gain Control Again songwriter?,,rescuable,3,0.3333333333333333
3.0,musique,0.0,3.0,tie,3hop1__671542_651917_47686,Where do greyhound buses leave from in the city where the performer of Darlings was born?,,anchor_failure,3,0.0
3.0,musique,0.0,3.0,tie,3hop1__671542_665330_47686,Where do greyhound buses leave from in the city where the performer of Darlings formed?,,anchor_failure,3,0.0
2.0,musique,0.0,2.0,tie,3hop1__671542_665330_51423,What is the name of the castle in city where the performer of Darlings was formed?,,unreachable,3,0.0
3.0,musique,-1.0,3.0,loss,3hop1__673934_831637_91775,What does seal stand for in the operator of list of destroyer classes of the operator of the USS Kajeruna seals?,,already_solved,3,-0.6666666666666667
3.0,musique,0.0,3.0,loss,3hop1__67704_237521_291682,Who is the wife of the man who produced the documentary of the pop star who sings I Want to Rock With You?,,unreachable,3,-0.3333333333333333
3.0,musique,0.0,3.0,tie,3hop1__68802_89752_49923,How many counties are there in the largest state in the region where the film The Family Stone was set?,,anchor_failure,3,0.0
3.0,musique,0.0,3.0,tie,3hop1__68802_89752_75165,How many people live in the largest state of the region where The Family Stone takes place?,,unreachable,3,0.0
3.0,musique,0.0,3.0,tie,3hop1__689538_547811_80702,What is the name of the famous bridge in the city where the composer of La costanza trionfante degl'amori e de gl'odii was born?,,unreachable,3,0.0
3.0,musique,0.0,3.0,tie,3hop1__68981_91191_156667,The first to convert to the now most practiced religion in Southeast Asia was married to whom?,,anchor_failure,3,0.0
3.0,musique,0.0,3.0,tie,3hop1__68981_91191_16530,Who was appointed arbitrator by the first convert to the faith that is the most common religion in Southeast Asia?,,anchor_failure,3,0.0
3.0,musique,0.0,3.0,tie,3hop1__691197_15840_36014,What was Nintendo's limit on games per developer per year on the platform of Yoshi?,,rescuable,3,0.0
1.0,musique,0.0,1.0,tie,3hop1__694534_160088_85460,What is the average salary of a working person of the same nationality as MacGruder and Loud's creator?,,unreachable,3,0.0
3.0,musique,0.0,3.0,tie,3hop1__71549_486583_84283,Who owns the record label where Neil Young's co-singer on Four Strong Winds records?,,rescuable,3,0.0
3.0,musique,0.0,2.0,win,3hop1__726561_132457_51423,What is the name of the castle in the city where the performers of Born A Lion was formed?,,rescuable,3,0.3333333333333333
1.0,musique,0.0,1.0,tie,3hop1__73796_87694_64412,When did the location of the basilica named after the apostle crucified upside down become its own country?,,unreachable,3,0.0
3.0,musique,0.0,3.0,tie,3hop1__742780_567566_84283,Who owns the record label where the singer of All Right records?,,anchor_failure,3,0.0
2.0,musique,0.0,2.0,tie,3hop1__743797_443779_52195,"Who is the president of the newly declared independent country, that established the Timor Leste Commission of Truth and Friendship with the country where the Alas is found?",,already_solved,3,0.0
3.0,musique,0.0,3.0,tie,3hop1__747772_514761_594810,What record label does the spouse of Heart Like Mine's performer belong to?,,unreachable,3,0.0
3.0,musique,0.0,3.0,loss,3hop1__751782_2053_52946,"When is Celebrity Big Brother coming to the network which, along with ABC and the original broadcaster of Undercovers, is the other major broadcaster based in NY?",,rescuable,3,-0.3333333333333333
3.0,musique,-1.0,3.0,loss,3hop1__756602_831637_91775,What does seal stand for in the U.S. military branch that operates a list of destroyer classes as well as the USS Jason?,,already_solved,3,-0.33333333333333337
3.0,musique,0.0,2.0,tie,3hop1__759384_42197_18397,Where did the person who argued that the country that Mark Fradkin is a citizen of had become an imperialist power declare he would intervene in the Korean conflict?,,rescuable,3,0.0
3.0,musique,0.0,3.0,tie,3hop1__76377_40769_64047,When did the luxury division of the top selling car brand change the body style of the rx 350?,,rescuable,3,0.0
1.0,musique,0.0,1.0,tie,3hop1__765388_42197_18397,Where did the arguer that Vadim Spiridonov's country of citizenship had become an imperialist power declare he would intervene in the Korean conflict?,,anchor_failure,3,0.0
3.0,musique,0.0,3.0,tie,3hop1__765847_831637_91775,What does SEAL stand for in the branch of military that operates USS Mahan?,,rescuable,3,0.0
3.0,musique,0.0,2.0,tie,3hop1__768500_730460_78782,Who was the British general in the Battle of the city where Toussaint's performer was born?,,anchor_failure,3,0.0
3.0,musique,0.0,3.0,tie,3hop1__77966_91191_156667,Who was the spouse of the first convert to the faith that is the most common religion in Lebanon?,,rescuable,3,0.0
3.0,musique,0.0,3.0,tie,3hop1__786067_228453_10972,When did the city that headquarters the manufacturer of McAfee's benchmark elect its first black Mayor?,,rescuable,3,0.0
2.0,musique,0.0,1.0,win,3hop1__786067_228453_86925,What is the symbol of the Saints from the city where the headquarters of the manufacturer of McAfee's Benchmark called?,,rescuable,3,0.3333333333333333
3.0,musique,0.0,2.0,tie,3hop1__786632_831637_91775,"What does seal stand for in the U.S. military branch that operates destroyers, as well as the USS Edsall?",,already_solved,3,0.0
3.0,musique,0.0,3.0,tie,3hop1__79039_131926_89261,Where does the body of water by the home of the Juicy Lucy empty into the gulf of Mexico?,,anchor_failure,3,0.0
3.0,musique,0.0,2.0,win,3hop1__79039_131926_90707,Where does the body of water by the city home to the Juicy Lucy and the Ohio River meet?,,rescuable,3,0.3333333333333333
3.0,musique,0.0,2.0,win,3hop1__79462_91850_685675,What team is the person who hit the first home run at the new stadium where the american league Wildcard game will be played a member of?,,rescuable,3,0.3333333333333333
3.0,musique,0.0,2.0,loss,3hop1__796649_720914_27537,Why did Roncalli leave the city where the creator of Flora died?,,anchor_failure,3,-0.3333333333333333
3.0,musique,0.0,3.0,tie,3hop1__796649_720914_41132,How many times did the plague occur in the city where Flora's painter died?,,unreachable,3,0.0
3.0,musique,0.0,3.0,tie,3hop1__801799_547811_80702,What is the name of the famous bridge in the place of birth of the composer of La fida ninfa?,,unreachable,3,0.0
3.0,musique,0.0,3.0,tie,3hop1__804367_160713_77246,What is the meaning of the word that is also the majority religion in the area that became India when the country where Kot Haibat is located was created in the Arabic dictionary?,,rescuable,3,0.0
3.0,musique,1.0,2.0,win,3hop1__813285_774554_124169,What year did the post end of Governor of the city where the author of Quadragesimo Anno died?,,rescuable,3,0.33333333333333337
1.0,musique,0.0,1.0,tie,3hop1__816887_127905_80286,Who has the most hits in the league of the team that Dick Aylward plays for?,,unreachable,3,0.0
1.0,musique,0.0,1.0,tie,3hop1__818422_160545_62931,What part of the country that includes the birth city of Beatrice Heuser was the film The Beach filmed?,,unreachable,3,0.0
3.0,musique,0.0,3.0,tie,3hop1__820301_720914_41132,How many times did plague occur in the place where Crucifixion's creator died?,,unreachable,3,0.0
3.0,musique,0.0,2.0,loss,3hop1__835193_160713_77246,In the Arabic dictionary what is the meaning of the word that also refers to the majority religion in India when the country containing Attabad was created?,,anchor_failure,3,-0.3333333333333333
3.0,musique,0.0,3.0,tie,3hop1__836699_15840_36002,What were the Genesis's advantages over the platform of the game Nightshade?,,rescuable,3,0.0
3.0,musique,0.0,3.0,tie,3hop1__836699_15840_36014,What was Nintendo's limit on games per developer per year on the platform of Nightshade?,,rescuable,3,0.0
3.0,musique,-1.0,3.0,loss,3hop1__837871_831637_91775,What does seal stand for in the operator of the list of destroyer classes of the operator of the USS Tringa seals?,,already_solved,3,-0.6666666666666667
3.0,musique,-1.0,3.0,loss,3hop1__838590_831637_91775,What does seal stand for in the U.S. military branch that operates a list of destroyer classes and the USS Stag?,,already_solved,3,-0.33333333333333337
3.0,musique,0.0,3.0,tie,3hop1__83970_685536_47686,Where do greyhound buses leave from in where the headquarters is located of who owns the hard rock hotel in las vegas?,,rescuable,3,0.0
3.0,musique,0.0,2.0,tie,3hop1__840353_503371_21711,"When was the Palau de la Generalitat built, in the place of death of Martin, of the region where Almudévar was located?",,rescuable,3,0.0
3.0,musique,0.0,3.0,tie,3hop1__841091_339990_54675,What mountain can you see from Portland in the state where Knob Mountain is located?,,rescuable,3,0.0
1.0,musique,0.0,1.0,tie,3hop1__844109_720914_27537,Why did Roncalli leave the city where the creator of The Entombment died?,,unreachable,3,0.0
3.0,musique,1.0,2.0,win,3hop1__847420_720378_15538,"When did the state, that contains the county where Elmo is found, reinstate the death penalty?",,rescuable,3,0.33333333333333337
3.0,musique,0.0,2.0,tie,3hop1__848113_15840_36014,What was Nintendo's limit on games per developer per year on the abbreviation of the platform of Star Voyager?,,rescuable,3,0.0
3.0,musique,0.0,2.0,win,3hop1__84887_538202_84283,Who is the owner of the record label that the singer of I just got started lovin you belongs to?,,rescuable,3,0.3333333333333333
3.0,musique,0.0,3.0,tie,3hop1__850160_15840_36002,What were the Genesis's advantage over the platform of Pictionary?,,rescuable,3,0.0
3.0,musique,0.0,2.0,tie,3hop1__857_846_7701,When did the city where the Yongle emperor greeted the person to whom the edict was addressed become the Chinese national capital?,,rescuable,3,0.0
3.0,musique,0.0,3.0,tie,3hop1__857_846_7752,Who moved the capitol from the city where the Yongle emperor greeted the person to whom the edict was addressed to Beijing?,,anchor_failure,3,0.0
3.0,musique,0.0,3.0,tie,3hop1__857_846_7769,How many square miles is the city where the Yongle emperor greeted the person to whom the edict was addressed?,,anchor_failure,3,0.0
3.0,musique,0.0,3.0,tie,3hop1__857_846_7770,Where does the Yangtze River flow in the city where the Yongle emperor greeted the person to whom the edict was addressed?,,rescuable,3,0.0
3.0,musique,0.0,3.0,tie,3hop1__857_846_7794,"In 2010, what was the population of the city where the Yongle emperor greeted the person to whom the edict was addressed?",,anchor_failure,3,0.0
3.0,musique,0.0,3.0,tie,3hop1__857_846_7795,"In 2011, what was the estimated population of the city where the Yongle emperor greeted the person to whom the edict was addressed?",,anchor_failure,3,0.0
3.0,musique,0.0,1.0,win,3hop1__857_846_7798,What was the overwhelming ethnic majority in the city where the Yongle emperor greeted the person to whom the edict was addressed?,,anchor_failure,3,0.3333333333333333
3.0,musique,1.0,1.0,win,3hop1__857_846_7821,How many miles of highways are in the city where the Yongle emperor greeted the person to whom the edict was addressed?,,anchor_failure,3,0.33333333333333337
3.0,musique,0.0,2.0,tie,3hop1__857_846_7846,Which opera company is based in the city where the Yongle Emperor greeted the leader that the edict was addressed to?,,anchor_failure,3,0.0
3.0,musique,0.0,3.0,tie,3hop1__857_846_7874,What is the name of the major basketball team from the city where the Yongle emperor greeted the person to whom the edict was addressed?,,anchor_failure,3,0.0
3.0,musique,0.0,1.0,win,3hop1__857_846_7890,How many places of higher learning are in the city where the Yongle emperor greeted the person to whom the edict was addressed?,,anchor_failure,3,0.3333333333333333
3.0,musique,0.0,3.0,tie,3hop1__90327_78276_68042,When did the majority party in the body which approves members of the American Cabinet gain control of the House?,,anchor_failure,3,0.0
1.0,musique,0.0,1.0,tie,3hop1__90327_83076_319330,Who is the child of the president who suffered a major defeat when the body which approves members of the American cabinet refused to ratify the Versailles treaty?,,unreachable,3,0.0
3.0,musique,0.0,3.0,tie,3hop1__9285_5188_63702,"When did the country where the top-ranking Warsaw Pact operatives originated, despite its being headquartered in the nation known as the nobilities commonwealth, become allies with the US?",,anchor_failure,3,0.0
3.0,musique,0.0,3.0,tie,3hop1__92991_78276_68042,When did the majority party in the body which determines the rules of the US House and US Senate gain control of the House?,,anchor_failure,3,0.0
3.0,musique,0.0,3.0,tie,3hop1__93963_170667_18967,what is the former name of the country where the airport that Lion Air is part is located?,,anchor_failure,3,0.0
3.0,musique,0.0,3.0,tie,3hop2__101809_30152_20999,How were those people defied by the use of new coins later removed from where Myint Myint Aye is from?,,rescuable,3,0.0
3.0,musique,0.0,3.0,tie,3hop2__103871_20335_9331,"What dissolved the privileges in Poland of the empire where Tamar Abakelia was from, the Kingdom that acquired some Thuringian territory in 1815, and the Habsburg Monarchy?",,anchor_failure,3,0.0
2.0,musique,0.0,2.0,tie,3hop2__103889_30152_20999,How were the people that the Ajuran Empire declared independence from by minting coins expelled from Zaw Win Thet's country?,,anchor_failure,3,0.0
1.0,musique,0.0,1.0,tie,3hop2__125104_90098_10557,What was where the last name sylvester comes from of who was Rotrude's father's era later known as?,,unreachable,3,0.0
3.0,musique,0.0,2.0,tie,3hop2__127483_156850_10557,What was the language Auctor comes from during the era of Fastrada's spouse later known as?,,rescuable,3,0.0
3.0,musique,0.0,3.0,tie,3hop2__127483_76623_10557,What was the language Auctor comes from during the era of the king who was crowned emperor of the west in 800 CE?,,anchor_failure,3,0.0
3.0,musique,0.0,2.0,win,3hop2__127483_84553_10557,What was the language of Auctor of who built a european empire and was crowned emperor of the romans in 800 era later known as?,,rescuable,3,0.3333333333333333
3.0,musique,1.0,2.0,win,3hop2__131820_132454_61019,"What was the capital of the state where WEKL operates, before the city where Blackberry Smoke was formed?",,rescuable,3,0.33333333333333337
3.0,musique,0.0,3.0,tie,3hop2__132957_132798_40768,"When did the make of Acura Legend, the company that made toyopet Master and Nissan open US assembly plants?",,already_solved,3,0.0
2.0,musique,0.0,2.0,tie,3hop2__132957_132968_40768,"When did the maker of Acura Legend, the company that makes Daihatsu Charmant, and Nissan open US assembly plants?",,already_solved,3,0.0
3.0,musique,0.0,3.0,tie,3hop2__132957_222979_40768,"When did Nissan, the Acura Legend maker and the Scion owner open US assembly plants?",,rescuable,3,0.0
1.0,musique,0.0,1.0,tie,3hop2__132957_379231_40768,"When did Nissan, the Acura Legend maker and the Scion xD manufacturer open US assembly plants?",,already_solved,3,0.0
3.0,musique,0.0,3.0,tie,3hop2__132957_433432_40768,"When did the maker of Acura Legend, the manufacturer of Lexus RX and Nissan open US assembly plants?",,unreachable,3,0.0
3.0,musique,0.0,3.0,tie,3hop2__132957_51933_40768,"When did the maker of the Acura Legend, the largest auto company in the world, and Nissan open US assembly plants?",,unreachable,3,0.0
3.0,musique,0.0,3.0,tie,3hop2__132957_52222_40768,"When did the maker of Acura Legend, the biggest automobile company in the world, and Nissan open US assembly plants?",,unreachable,3,0.0
3.0,musique,0.0,2.0,tie,3hop2__132957_593597_40768,"When did the maker of Acura Legend, the manufacturer of Scion Fuse and Nissan open US assembly plants?",,already_solved,3,0.0
3.0,musique,0.0,3.0,tie,3hop2__132957_800948_40768,"When did the maker of the Acura Legend, the employer of Katsuaki Watanabe, and Nissan open US assembly plants?",,already_solved,3,0.0
3.0,musique,0.0,3.0,tie,3hop2__140194_16797_51068,What actress plays the first reigning monarch from Britain to set foot in Spain on the network that aired The Dinosaurs?,,unreachable,3,0.0
3.0,musique,0.0,3.0,tie,3hop2__14777_8533_9331,"What dissolved privileges in Poland held by the empire that used Pan-Slavism as a tool, the leader of the North German Confederation during the Franco-Prussian War, and the Habsburg Monarchy?",,rescuable,3,0.0
3.0,musique,0.0,3.0,tie,3hop2__159979_30587_44003,Where does the ocean adjacent to Miami meet the ocean basin at where the tropical Storm Allison ended up?,,rescuable,3,0.0
3.0,musique,0.0,3.0,tie,3hop2__19639_90098_10557,"What was the version of the language where the last name Sylvester originates, used in the era of the king that united the tribes in the 9th century, later called?",,rescuable,3,0.0
2.0,musique,0.0,2.0,tie,3hop2__20335_82856_9331,"What dissolved the privileges in Poland of the empire that helped the patriots during the Revolutionary War, the Kingdom that acquired some Thuringian territory in 1815, and the Habsburg Monarchy?",,unreachable,3,0.0
1.0,musique,0.0,1.0,tie,3hop2__209741_89048_66294,"Who played the man named identically to the the artist who sang Is She Really Going Out With Him, in the movie about the composer of Will You Be There?",,unreachable,3,0.0
2.0,musique,0.0,2.0,tie,3hop2__222979_132536_40768,"When did Nissan, the HPD ARX-03 maker and the Scion owner open US assembly plants?",,already_solved,3,0.0
3.0,musique,0.0,2.0,tie,3hop2__222979_132628_40768,"When did the company that built VTEC, the owner of Scion, and Nissan open US Assembly plants?",,already_solved,3,0.0
3.0,musique,0.0,3.0,tie,3hop2__222979_380281_40768,"When did the team that John Surtees is a member of, the owner of Scion, and Nissan open US assembly plants?",,unreachable,3,0.0
1.0,musique,0.0,1.0,tie,3hop2__230_89048_66294,Who played the singer of is She Really Going Out With Him in the movie based on the artist whose concert was the first Beyonce attended?,,unreachable,3,0.0
2.0,musique,0.0,2.0,tie,3hop2__28476_14777_9331,"What dissolved the privileges in Poland of the empire that controlled Estonia during The Great Awakening, the Kingdom that acquired some Thuringian territory in 1815, and the Habsburg Monarchy?",,unreachable,3,0.0
3.0,musique,0.0,3.0,loss,3hop2__30152_101802_20999,"How were the people that the Somali Muslim Ajuran Empire made coins to proclaim independence from, expelled from the country that Minyekyawdin lived in?",,anchor_failure,3,-0.3333333333333333
3.0,musique,0.0,3.0,loss,3hop2__30152_107291_20999,"How were the people that the Somali Muslim Ajuran Empire made coins to proclaim independence from, expelled from the country where Mohinga is eaten?",,rescuable,3,-0.3333333333333333
3.0,musique,0.0,3.0,tie,3hop2__304722_203717_63959,When was the last time the sports team Alan O'Neil was a member of beat the winner of the 1894-95 FA cup?,,anchor_failure,3,0.0
1.0,musique,0.0,1.0,tie,3hop2__304722_230978_63959,When was the last time the team Matthew Webb was a member of beat the winner of the 1894-95 FA Cup?,,unreachable,3,0.0
3.0,musique,0.0,3.0,tie,3hop2__304722_330033_63959,When was the last time Tony Richard's team beat the 1894-95 FA Cup Winner?,,anchor_failure,3,0.0
3.0,musique,0.0,3.0,tie,3hop2__304722_372858_63959,When was the last time Gary Rowett's team beat the 1894-95 FA Cup winner?,,anchor_failure,3,0.0
3.0,musique,0.0,3.0,loss,3hop2__304722_740784_63959,When was the last time Krystian Pearce's sports team beat the winner of the 1894-95 FA Cup?,,anchor_failure,3,-0.3333333333333333
3.0,musique,0.0,3.0,tie,3hop2__304722_781203_63959,When was the last time the team who Bernard Lowe was a member of beat the winner of the 1894-95 FA Cup?,,unreachable,3,0.0
3.0,musique,0.0,2.0,win,3hop2__304722_796034_63959,When was the last time the sports team employing Winston Foster beat the 1894-95 FA Cup winner?,,rescuable,3,0.3333333333333333
3.0,musique,0.0,3.0,tie,3hop2__30956_65244_84681,"When did the people who controlled New York before it became an English colony, come to the country where John Kerry's yacht was built?",,unreachable,3,0.0
3.0,musique,0.0,3.0,tie,3hop2__326964_263934_7713,How long had the place of birth of Tang Jinhua been the capital city of the Yaxing Coach headquarters location?,,rescuable,3,0.0
1.0,musique,0.0,1.0,tie,3hop2__326964_265410_7713,How long had Anhua Gao's birthplace been the capitol city of Yaxing Coach's headquarters location?,,unreachable,3,0.0
3.0,musique,1.0,2.0,win,3hop2__326964_734214_7713,How long had Lynn Hung's birthplace been the capitol city of Yaxing Coach's headquarters location?,,rescuable,3,0.33333333333333337
3.0,musique,0.0,2.0,tie,3hop2__326964_7707_7713,How long had the city considered the nominal capitol of the Republic of China been the capitol city of Yaxing Coach's headquarters location?,,rescuable,3,0.0
3.0,musique,0.0,3.0,tie,3hop2__326964_7719_7713,How long had the place where the Jin court reestablished itself after fleeing been the capitol city of the headquarters location of Yaxing Coach?,,rescuable,3,0.0
3.0,musique,0.0,3.0,tie,3hop2__326964_7721_7713,How long had the city at the center of East Asia during the North-South division been the capitol city of Yaxing Coach's headquarters location?,,unreachable,3,0.0
3.0,musique,0.0,3.0,tie,3hop2__326964_7845_7713,How long had the home of some of the country's most prominent art groups been the capitol city of Yaxing Coach's headquarters location?,,rescuable,3,0.0
3.0,musique,1.0,2.0,win,3hop2__326964_789654_7713,How long had Mao Yushi's birthplace been the capitol city of Yaxing Coach's headquarters location?,,rescuable,3,0.33333333333333337
3.0,musique,0.0,3.0,tie,3hop2__326964_811351_7713,How long had Lijia Zhang's birthplace been the capitol city of Yaxing Coach's headquarters location?,,rescuable,3,0.0
3.0,musique,0.0,3.0,tie,3hop2__326964_851134_7713,How long had Pfrang Association's headquarters location been the capitol city of Yaxing Coach's headquarters location?,,rescuable,3,0.0
3.0,musique,0.0,3.0,tie,3hop2__36852_326964_7713,How long had the city the Qing lost in 1853 been the capitol city of Yaxing Coach's headquarters location?,,unreachable,3,0.0
3.0,musique,0.0,3.0,tie,3hop2__36852_613770_7713,How long had the city where Qing lost in 1853 been the capital of the administrative territorial entity Guangling District is located?,,rescuable,3,0.0
3.0,musique,0.0,3.0,tie,3hop2__38242_92991_76291,When did the party with majorities in Congress prior to the 1954 elections gain control of the body which determines rules of the US House and US Senate?,,anchor_failure,3,0.0
3.0,musique,0.0,3.0,loss,3hop2__38326_92991_76291,When did the political party of Stewart and Harlan take control of the body that has Standing Rules derived from Article One that do not apply to the House?,,rescuable,3,-0.3333333333333333
2.0,musique,0.0,2.0,tie,3hop2__43283_12039_93690,"When did the baseball team from the city where most university graduates stay after acquiring a degree, go the league that wins the All Stars more frequently?",,anchor_failure,3,0.0
3.0,musique,0.0,2.0,tie,3hop2__43892_23308_28343,When did the troops of the country blamed for the stagnation and failure of the Tripartite discussion leave the country that receives the most U.S. foreign aid?,,anchor_failure,3,0.0
1.0,musique,0.0,1.0,tie,3hop2__49541_121067_51068,The queen of england in 1890 is portrayed on the network that broadcast The Pacific Century by whom?,,unreachable,3,0.0
3.0,musique,0.0,3.0,tie,3hop2__565959_223623_162182,In what region of the country containing Mount Can is the birthplace of John Phan located?,,unreachable,3,0.0
3.0,musique,0.0,3.0,loss,3hop2__57233_105140_56883,"During the war in which The Things They Carried is set, when was conscription introduced by the country where the film Grievous Bodily Harm was later released?",,unreachable,3,-0.3333333333333333
3.0,musique,0.0,3.0,loss,3hop2__57238_1926_54362,"Who burned down the city where Keeping Up with the Joneses is set, during the war marking the first time that the number of black people living in NYC declined?",,unreachable,3,-0.3333333333333333
3.0,musique,0.0,3.0,tie,3hop2__573858_326964_7713,How long had the headquarters location of China Sunergy been the capitol city of the headquarters location of Yaxing Coach?,,rescuable,3,0.0
3.0,musique,0.0,2.0,win,3hop2__573858_613770_7713,How long had China Sunergy's headquarters location been the capitol city of the area where Guangling District was located?,,rescuable,3,0.3333333333333333
3.0,musique,0.0,2.0,tie,3hop2__60649_90098_10557,What was the language from which the last name Sylvester originated during the era of the Frankish king who formed the Holy Roman Empire later known as?,,anchor_failure,3,0.0
3.0,musique,0.0,3.0,tie,3hop2__607269_223623_162182,In what region of the country containing Hạ Hòa is John Phan's birthplace found?,,rescuable,3,0.0
1.0,musique,0.0,1.0,tie,3hop2__655849_223623_162182,In what region of the country containing A Lưới is the birthplace of John Phan located?,,unreachable,3,0.0
1.0,musique,0.0,1.0,tie,3hop2__655849_467331_162182,In what region of the country containing the district of A Lưới is the city that has the Zone 5 Military Museum located?,,unreachable,3,0.0
3.0,musique,0.0,2.0,tie,3hop2__668732_223623_162182,In what region of the country where An Phu is located is John Phan's birthplace?,,rescuable,3,0.0
3.0,musique,0.0,3.0,tie,3hop2__668732_467331_162182,"In what region of the country containing An Phú, is the city with the Zone 5 Military Museum located?",,unreachable,3,0.0
3.0,musique,0.0,3.0,tie,3hop2__67618_30587_44003,Where does the ocean adjacent to Miami meet the body of water where the Mississippi River empties into the sea?,,rescuable,3,0.0
3.0,musique,0.0,2.0,win,3hop2__6989_37759_74563,"When did the religious order that founded Harvard College, arrive in the region of the U.S. served by the Rainbow Times?",,anchor_failure,3,0.3333333333333333
3.0,musique,0.0,3.0,tie,3hop2__72083_92991_76291,When did the party that gained control of Congress in the midterm elections in 1946 take control of the government branch that determines the rules of the US House?,,unreachable,3,0.0
1.0,musique,0.0,1.0,tie,3hop2__76623_90098_10557,"What was the version of the language the last name Sylvester comes from, used in the era of the individual crowned Emperor of the West in 800 CE, later called?",,unreachable,3,0.0
3.0,musique,0.0,3.0,loss,3hop2__781093_223623_162182,In what region of the country where Lam Thao is located is John Phan's birthplace?,,rescuable,3,-0.3333333333333333
3.0,musique,0.0,2.0,tie,3hop2__782397_223623_162182,In what region of Phu Luong's country is John Phan's birthplace located?,,rescuable,3,0.0
3.0,musique,0.0,3.0,tie,3hop2__792915_223623_162182,In what region of the country containing the Cái River is the place where John Phan was born?,,rescuable,3,0.0
3.0,musique,0.0,3.0,loss,3hop2__79512_16214_84681,"When did the people who first imported slaves to New York, come to the country where Lord of the Rings was filmed?",,unreachable,3,-0.3333333333333333
3.0,musique,1.0,2.0,win,3hop2__79978_90098_10557,What was the language from which the last name Sylvester originates during the era of the person crowned new Roman emperor in 800 A.D. later known as?,,rescuable,3,0.33333333333333337
3.0,musique,1.0,2.0,win,3hop2__802066_223623_162182,"In what region of the country where Châu Đức is found, is the birthplace of John Phan?",,rescuable,3,0.33333333333333337
1.0,musique,0.0,1.0,tie,3hop2__809962_89048_66294,Who played the man named identically to the singer of Is She Really Going Out With Him in the movie about the composer of Speechless?,,unreachable,3,0.0
3.0,musique,-1.0,3.0,loss,3hop2__831456_223623_162182,In what region of the country where Sa Thay is located is John Phan's birthplace?,,already_solved,3,-0.33333333333333337
3.0,musique,0.0,3.0,tie,3hop2__831456_467331_162182,What is the region of the country of Sa Thầy and the territory of the Zone 5 Military Museam located?,,already_solved,3,0.0
3.0,musique,0.0,3.0,tie,3hop2__851134_326964_7713,How long had Pfrang Association's headquarters location been the capitol city of Yaxing Coach's headquarters location?,,rescuable,3,0.0
3.0,musique,0.0,3.0,loss,3hop2__855821_223623_162182,In what region of the country where Lam Dong is located is John Phan's birthplace?,,anchor_failure,3,-0.6666666666666666
3.0,musique,0.0,3.0,tie,3hop2__87184_90327_76291,When did the majority party in the House of Representatives gain control of the body which approves members of the Cabinet?,,anchor_failure,3,0.0
3.0,musique,0.0,3.0,loss,3hop2__87184_92991_76291,When did the party that controls the House of Representatives take control of the branch who determines the rules of the US house and Senate?,,unreachable,3,-0.3333333333333333
3.0,musique,0.0,3.0,tie,3hop2__88342_93066_47738,When did the team that won the AL East in 2017 last play in the event after which the MLB MVP is awarded?,,rescuable,3,0.0
2.0,musique,0.0,2.0,tie,3hop2__88342_93066_90766,When was the last time the team that won the American League East in 2017 and the Dodgers met in the championship event that precedes the MLB MVP award?,,unreachable,3,0.0
1.0,musique,0.0,1.0,tie,3hop2__89048_228_66294,Who played who sang is she really going out with him in the who influenced Beyonce movie?,,unreachable,3,0.0
1.0,musique,0.0,1.0,tie,3hop2__89048_809962_66294,Who played who sang is she really going out with him in the composer of speechless movie?,,unreachable,3,0.0
3.0,musique,0.0,3.0,tie,3hop2__89854_36497_76291,When did the majority party in the House of Representatives take control of the body which the President calls on for support in his USAF appointments?,,anchor_failure,3,0.0
3.0,musique,0.0,3.0,tie,3hop2__89854_38738_76291,When did the party that holds the majority in the House of Representatives take control of the branch that gives regulators discretion to prohibit proprietary trades?,,unreachable,3,0.0
3.0,musique,0.0,3.0,tie,3hop2__89854_90327_76291,When did the party that hold the majority in the House of Reps take control of the branch that approves members of the American cabinet?,,anchor_failure,3,0.0
3.0,musique,0.0,3.0,tie,3hop2__89854_92991_76291,When did the majority party in the House of Representatives gain control of the body which determines rules of the US House and US Senate?,,anchor_failure,3,0.0
1.0,musique,0.0,1.0,tie,3hop2__90098_125104_10557,"What was the form of the language that the last name Sylvester comes from, used in the era of Rotrude's father, later known as?",,unreachable,3,0.0
3.0,musique,0.0,2.0,tie,3hop2__90098_60649_10557,What was the language from which the last name Sylvester originates during the era of the Frankish king who formed the Holy Roman Empire later known as?,,anchor_failure,3,0.0
3.0,musique,0.0,3.0,tie,3hop2__90098_76623_10557,What was the language from which the last name Sylvester originated during the era of the person crowned emperor of the west in 800 CE later known as?,,rescuable,3,0.0
1.0,musique,0.0,1.0,tie,3hop2__90098_79978_10557,"What was the language that the last name Sylvester comes from, used in the era of the individual crowned Roman Emperor in A.D. 800, later known as?",,unreachable,3,0.0
3.0,musique,0.0,3.0,tie,3hop2__92991_38242_76291,"When did the party that had majorities in Congress prior to the 1954 elections, take control of the organization that determines the rules of the US house and US senate?",,anchor_failure,3,0.0
3.0,musique,0.0,3.0,tie,3hop2__92991_87184_76291,When did the majority party in the House of Representatives take control of the determiner of rules of the US House and US Senate?,,anchor_failure,3,0.0
1.0,musique,0.0,1.0,tie,3hop2__93066_88342_90766,When was the last time the winner of the American League East in 2017 met the Dodgers in the event after which the MLB MVP award is given out?,,unreachable,3,0.0
3.0,musique,0.0,3.0,tie,3hop2__9951_20335_9331,"What dissolved the privileges in Poland of the empire that the British sided with against the Ottomans, the Kingdom that acquired some Thuringian territory in 1815, and the Habsburg Monarchy?",,anchor_failure,3,0.0
3.0,musique,0.0,3.0,tie,3hop2__9988_73205_70784,What region is to the north of what used to be known as Near East and the body of water between east africa and Arabian Peninsula?,,anchor_failure,3,0.0
3.0,musique,0.0,3.0,loss,4hop1__105401_17130_70784_61381,When was the region immediately north of the region of the country in Strangers No More and the Persian Gulf established?,,rescuable,4,-0.25
3.0,musique,0.0,2.0,tie,4hop1__107309_457883_650651_7262,The Embassy of the country where palitaw comes from is found in Bandar Seri Begawan in Country A. Who was a prominent figure at the radio division of the creator of The Biggest Loser at Country A?,,rescuable,4,0.0
3.0,musique,0.0,3.0,tie,4hop1__115977_582428_157828_162309,When did the country whose co-official language was used by the director of And Love Has Vanished first attend the Olympics games as an independent team?,,unreachable,4,0.0
1.0,musique,0.0,1.0,tie,4hop1__129682_59747_211319_557671,Which county shares a border with the county where the most populous city in the state where WSFN can be found is located?,,anchor_failure,4,0.0
1.0,musique,0.0,1.0,tie,4hop1__129721_32392_823060_610794,What county is the city that shares a border with the state capital of the state where Zubly Cemetery is located in?,,rescuable,4,0.0
3.0,musique,0.0,3.0,tie,4hop1__130276_59747_211319_557671,Which county shares a border with the county where the most populous city in the state where Redan High School is located?,,rescuable,4,0.0
1.0,musique,0.0,1.0,tie,4hop1__130404_59747_211319_557671,Which county shares a border with the county where the most populous city in the state where WDXQ can be found is located?,,anchor_failure,4,0.0
3.0,musique,0.0,3.0,tie,4hop1__130508_32392_823060_610794,In which county is the city sharing a border with the capitol of the state where Borough House Plantation is located?,,unreachable,4,0.0
2.0,musique,0.0,2.0,loss,4hop1__130623_32392_823060_610794,What county has a city that is adjacent to the capital city of Erskine College's state?,,anchor_failure,4,-0.25
3.0,musique,0.0,3.0,tie,4hop1__131002_53706_795904_580996,What city shares a border with the city where a person went to work during the gold rush in the state where the Shakespeare Bridge is located?,,unreachable,4,0.0
3.0,musique,0.0,3.0,loss,4hop1__131611_32392_823060_610794,In which county is the city sharing a border with the capitol of the state where Ocean Forest Country Club is located?,,unreachable,4,-0.25
3.0,musique,0.0,3.0,tie,4hop1__131632_32392_823060_610794,What county contains the city with a radio station that broadcasts to the capital city of the state where the Peace center is located?,,unreachable,4,0.0
3.0,musique,0.0,3.0,tie,4hop1__13170_32392_823060_610794,In which county is the city sharing a border with the capitol of the first state to formally secede?,,anchor_failure,4,0.0
3.0,musique,0.0,3.0,tie,4hop1__145494_698949_157828_162309,When did the country whose co-official language was used in the movie named after the place where Bela Linder died first attend the Olympics games as an independent team?,,anchor_failure,4,0.0
3.0,musique,0.0,3.0,tie,4hop1__151650_5274_458768_33632,What day is the Feast in the city where the headquarters of the only group larger than Desde El Principio's record label held on?,,rescuable,4,0.0
3.0,musique,0.0,3.0,tie,4hop1__151650_5274_458768_33637,How many ethnic minorities were looked at differently in the city where the headquarters of the only group larger than Desde El Principio's record label is located?,,rescuable,4,0.0
3.0,musique,0.0,3.0,tie,4hop1__151903_5274_458768_33633,When did the explorer reach the city where the only group larger than the record label of The Lost Trident Sessions is headquartered?,,rescuable,4,0.0
3.0,musique,0.0,3.0,tie,4hop1__151903_5274_458768_33637,How many ethnic minorities were looked at differently where the only group larger than the record label of The Lost Trident Sessions is headquartered?,,rescuable,4,0.0
3.0,musique,0.0,3.0,tie,4hop1__151903_5274_458768_33677,When was the most recent BFC award given to the city where the only record music group larger than the recording label for The Lost Trident Sessions is located?,,rescuable,4,0.0
3.0,musique,0.0,2.0,win,4hop1__152028_141441_458768_33633,When did the explorer reach the headquarters location of the group Con-Test's record label is part of?,,rescuable,4,0.25
3.0,musique,0.0,3.0,tie,4hop1__152146_5274_458768_33632,What day is the Feast held in the city where the headquarters of the only group larger than Långa nätter's record label is located?,,rescuable,4,0.0
3.0,musique,0.0,3.0,tie,4hop1__152146_5274_458768_33637,How many ethnic minorities were looked at differently in the city where the headquarters of the only group larger than Långa nätter's record label is located?,,rescuable,4,0.0
3.0,musique,0.0,2.0,win,4hop1__152146_5274_458768_33677,When was the most recent Bicycle Friendly Community Award given to the city where the headquarters of the only group larger than Långa nätter's record label is located?,,rescuable,4,0.25
3.0,musique,0.0,3.0,tie,4hop1__15567_59747_211319_557671,Which county shares a border with the county where the most populous city in the state that sentenced Demarcus Sears to death is located?,,unreachable,4,0.0
3.0,musique,0.0,3.0,tie,4hop1__158877_53706_795904_580996,What shares a border with the city where the person who went to the state where Baskin-Robbins was founded during the gold rush works?,,unreachable,4,0.0
3.0,musique,0.0,3.0,tie,4hop1__159467_725495_49925_267352,"In New Zealand, 12.6% of Christians belong to a church that is also active in Lesotho. What movement was led by a man who challenged this church?",,rescuable,4,0.0
3.0,musique,0.0,3.0,tie,4hop1__159467_725495_49925_349426,Who married the man who wanted to reform the institution behind the denomination constituting 12.6% of Christians in New Zealand?,,rescuable,4,0.0
3.0,musique,0.0,3.0,tie,4hop1__161605_32392_823060_610794,What county is the city that shares a border with the state capital of the state where Darlington County located in?,,rescuable,4,0.0
3.0,musique,0.0,3.0,tie,4hop1__161765_53706_795904_580996,What city shares a border with the city where the person who went to the state where Englebart died during the gold rush works?,,anchor_failure,4,0.0
3.0,musique,0.0,3.0,tie,4hop1__161810_583746_457883_650651,Country A has an embassy from the country that contains the bay where the city of General Santos is located. What network created country A's version of The Biggest Loser?,,rescuable,4,0.0
3.0,musique,0.0,1.0,tie,4hop1__163763_49925_13759_736921,Where is the district that the person who wanted to reform and address Jesus Varela's religion preached a sermon on Marian devotion before his death located?,,anchor_failure,4,0.0
3.0,musique,0.0,3.0,loss,4hop1__178366_229349_66759_75165,There is a state A where Storm of the Century was filmed based on the book by the author who wrote a short story featuring the author of This Is My God. What is the population of state A?,,unreachable,4,-0.25
3.0,musique,0.0,3.0,tie,4hop1__199362_378185_282674_759393,What is the capital of the county that shares a border with the county where WAPL is licensed to broadcast?,,rescuable,4,0.0
3.0,musique,0.0,3.0,tie,4hop1__199362_765799_282674_759393,What is the seat of the county sharing a border with the county whose seat is the city WAPL is licensed to broadcast to?,,rescuable,4,0.0
3.0,musique,0.0,2.0,win,4hop1__228808_49925_13759_736921,"The German priest, who wanted to reform Laurean Rugambwa's religion, preached a sermon on Marian devotion late in his life in which German state?",,rescuable,4,0.25
1.0,musique,0.0,1.0,tie,4hop1__236903_153080_159767_81096,Who won the Indy Car Race in the largest city and state of the state where the performer of East Coasting is from?,,anchor_failure,4,0.0
2.0,musique,0.0,2.0,tie,4hop1__236903_153080_33897_81096,Who won the indy car race in the most populated city of the state where the performer of East Coasting is from?,,anchor_failure,4,0.0
3.0,musique,0.0,3.0,tie,4hop1__271272_508773_85832_745702,What is the name of the child of the Italian navigator who sailed for England and explored the east coast of the continent Francisco Vázquez' birthplace is located?,,rescuable,4,0.0
2.0,musique,0.0,1.0,win,4hop1__277409_49925_13759_736921,"The German priest, who wanted Joseph Strickland's religious denomination to reform, preached a sermon on Marian devotion soon before his death in what German state?",,rescuable,4,0.25
3.0,musique,0.0,2.0,win,4hop1__28352_53706_795904_580996,What shares a border with the city where the person who went to the state where the planes were originally going on 9/11 during the gold rush works?,,anchor_failure,4,0.25
3.0,musique,0.0,3.0,tie,4hop1__310029_153080_159767_81096,Who won the Indy Car Race in the largest city and capital of the state where the performer of Jazz Portraits: Mingus in Wonderland is from?,,rescuable,4,0.0
3.0,musique,0.0,3.0,tie,4hop1__310029_153080_33897_81096,Who won the Indy car race in the largest populated city in the state where the Jazz Portraits: Mingus in Wonderland performer is from?,,rescuable,4,0.0
3.0,musique,0.0,3.0,tie,4hop1__31333_59747_211319_557671,Which county shares a border with the county where the most populous city in the other state that sent Tennessee the most tourists in 2013 is located?,,anchor_failure,4,0.0
3.0,musique,0.0,3.0,tie,4hop1__324759_765799_282674_759393,What is the capital of the county that shares a border with the county where the headquarters of Pierce Manufacturing is located?,,rescuable,4,0.0
3.0,musique,0.0,3.0,tie,4hop1__341156_49925_13759_736921,"In what German state is the district where the man, who wanted the religion underlying Daraga Church to reform, preached a sermon on Marian devotion?",,unreachable,4,0.0
1.0,musique,0.0,1.0,tie,4hop1__341777_508773_85832_745702,"Who was the child of the Italian navigator who sailed for England, and explored the eastern coast of the continent where the birthplace of Eduardo Cuervo is found?",,unreachable,4,0.0
3.0,musique,0.0,3.0,tie,4hop1__342858_131850_159767_81096,Who won the 1993 Indy Car Race in the largest city of the state where the library district and the city of Yuma share the same county?,,unreachable,4,0.0
1.0,musique,0.0,1.0,tie,4hop1__342858_131850_33897_81096,Who won the Indy Car Race in the largest populated city of the state where Yuma's Library District is located?,,unreachable,4,0.0
3.0,musique,0.0,3.0,tie,4hop1__342858_131850_33952_33939,What was the population in 1900 of the second largest city in the US state having the Library District of the county containing Yuma?,,unreachable,4,0.0
3.0,musique,0.0,2.0,tie,4hop1__342858_131850_33952_34099,How long are the city council terms in the second largest city in the state where Yuma is located?,,rescuable,4,0.0
3.0,musique,0.0,3.0,tie,4hop1__344155_765799_282674_759393,What is the capital of the county that shares a border with the county where KRSU is licensed to broadcast?,,rescuable,4,0.0
3.0,musique,0.0,2.0,win,4hop1__3496_5274_458768_33637,How many ethnic minorities were looked at differently where the only group larger than BMG's partner from 2005 to 2007 is headquartered?,,anchor_failure,4,0.25
3.0,musique,0.0,3.0,loss,4hop1__3496_5274_458768_33677,When was the most recent Bicycle Friendly Community Award given to the city where the headquarters of the only group larger than the company BMG partnered with in 2005-07?,,rescuable,4,-0.25
3.0,musique,0.0,3.0,tie,4hop1__37608_32392_823060_610794,Which county has the location that shares a border with the city that became the state capital of where Representative Thomas Tucker was from?,,anchor_failure,4,0.0
3.0,musique,0.0,3.0,tie,4hop1__391525_49925_13759_736921,Where is the district that the person who wanted to reform and address John Kodwo Amissah's religion preached a sermon on Marian devotion before his death located?,,rescuable,4,0.0
3.0,musique,0.0,3.0,loss,4hop1__39871_314549_131976_56103,"When do hurricanes occur in the ocean that borders the state where Williamsburg, Main Street Station and another share a track?",,unreachable,4,-0.25
3.0,musique,0.0,3.0,tie,4hop1__399219_765799_282674_759393,What is the seat of the county sharing a border with the county in which Valley New School is located?,,rescuable,4,0.0
3.0,musique,0.0,3.0,tie,4hop1__408432_32392_823060_610794,In which county is the city sharing a border with the capitol of the state where WYFG is located?,,rescuable,4,0.0
3.0,musique,0.0,3.0,tie,4hop1__429751_32392_823060_610794,What county is the city that shares a border with the state capital of the state where Purrysburg is located?,,anchor_failure,4,0.0
1.0,musique,0.0,1.0,tie,4hop1__433767_32392_823060_610794,In what county is located the city that shares a border with the capital of the state where Mike Dow was born?,,unreachable,4,0.0
3.0,musique,0.0,2.0,win,4hop1__43565_624859_355213_203322,Which county shares a border with the county where the city in which the original singer of All By Myself was born is located?,,rescuable,4,0.25
3.0,musique,0.0,3.0,tie,4hop1__436202_378185_282674_759393,What is the seat of the county sharing a border with the county in which J.P. Hayes was born?,,rescuable,4,0.0
3.0,musique,0.0,3.0,tie,4hop1__44149_32392_823060_610794,What county is the city that shares a border with the state capital of the state where the RBC Heritage Golf Tournament is played in?,,rescuable,4,0.0
3.0,musique,0.0,2.0,tie,4hop1__443274_17130_70784_61381,When was the region that lies to the north of the country where Sar-El is located and the Persian Gulf established?,,anchor_failure,4,0.0
3.0,musique,0.0,3.0,tie,4hop1__444892_32392_823060_610794,In what county is the city that shares a border with the capital of the state where Levi Casey was born?,,unreachable,4,0.0
3.0,musique,0.0,3.0,tie,4hop1__455862_508773_85832_745702,Whose navigator father explored the east coast of the region where Ignacio Esparza was later born?,,unreachable,4,0.0
3.0,musique,0.0,3.0,tie,4hop1__46196_497223_15840_36002,"What were the Genesis's advantages over the platform with a three letter abbreviation, that had a video game named after the league in charge of the Super Bowl halftime show?",,unreachable,4,0.0
3.0,musique,0.0,3.0,tie,4hop1__47210_53706_795904_580996,What location borders the city founded by a former newspaper publisher selling supplies in the state where the valley girl accent originated?,,unreachable,4,0.0
3.0,musique,0.0,3.0,tie,4hop1__483807_508773_85832_745702,Who's the son of the Italian navigator who explored the eastern coast of the continent Hugo Casillas was born in?,,rescuable,4,0.0
3.0,musique,0.0,3.0,tie,4hop1__512794_508773_85832_745702,What's the name of the son of the Italian navigator who sailed for the English to explore the eastern coast of the continent Armando Robles was born in?,,unreachable,4,0.0
3.0,musique,0.0,2.0,win,4hop1__525129_315334_131926_90707,"Where does the body of water by the city where the Lots More Blues, Rags and Hollers performer was formed and the Ohio River meet?",,rescuable,4,0.25
3.0,musique,0.0,3.0,tie,4hop1__567737_141375_458768_33632,"What day is the feast held in the city containing the headquarters of the company, that owns the record label that released Study in Brown?",,unreachable,4,0.0
3.0,musique,0.0,3.0,loss,4hop1__567737_141375_458768_33637,How many ethnic minorities were looked at differently in the city where the headquarters of the company that Study in Brown's record label is a part of?,,unreachable,4,-0.25
3.0,musique,0.0,3.0,tie,4hop1__571599_49925_13759_736921,Where is the district that the person who wanted to reform and address Medardo Joseph Mazombwe's religion preached a sermon on Marian devotion before his death located?,,rescuable,4,0.0
3.0,musique,0.0,3.0,tie,4hop1__58323_375563_161848_53331,When was the death penalty abolished in the country near the country where the writer of The Book Thief is a citizen of?,,anchor_failure,4,0.0
3.0,musique,0.0,3.0,loss,4hop1__58323_375563_161848_61344,What continent is the country located near the country of citizenship of The Book Thief's author part of?,,unreachable,4,-0.25
1.0,musique,0.0,1.0,loss,4hop1__58323_375563_161848_67585,"How many stars are on the flag of the nation that first participated in the 1952 Olympics, located near the citizen country of the author of the 2005 novel Thief?",,anchor_failure,4,-0.25
3.0,musique,0.0,3.0,tie,4hop1__606685_508773_85832_745702,Whose father was a navigator who explored the east coast of the continental region where Sergio Villanueva would later be born?,,unreachable,4,0.0
3.0,musique,0.0,3.0,tie,4hop1__636860_49925_13759_736921,"The German priest, who wanted Abraham Shimonaya's religious denomination to reform, preached a sermon on Marian devotion soon before his death in which German state?",,unreachable,4,0.0
3.0,musique,0.0,3.0,tie,4hop1__668178_765799_282674_759393,What is the seat of the county sharing a border with the county where Don Werner was born?,,rescuable,4,0.0
3.0,musique,0.0,3.0,tie,4hop1__690653_378185_282674_759393,"What is the capital of the county, that shares a border with the other county, that includes the city where Main Hall is located?",,anchor_failure,4,0.0
1.0,musique,0.0,1.0,tie,4hop1__707078_378185_282674_759393,What is the capital of the county that shares a border with the county that contains the birthplace of Erik Jensen?,,rescuable,4,0.0
3.0,musique,0.0,3.0,tie,4hop1__708184_153080_33897_81096,Who won the Indy Car Race in the largest populated city of the state where the performer of The Black Saint and the Sinner Lady is from?,,anchor_failure,4,0.0
2.0,musique,0.0,1.0,win,4hop1__711307_49925_13759_736921,"The German priest, who wanted Jean Hengen's religious denomination to reform, preached a sermon on Marian devotion a month before his death in what German state?",,rescuable,4,0.25
3.0,musique,0.0,3.0,tie,4hop1__71715_59747_211319_557671,Which county shares a border with the county where the most populous city in the state where the Dukes of Hazzard took place is located?,,unreachable,4,0.0
3.0,musique,0.0,3.0,tie,4hop1__720201_153080_159767_81096,Who won the 1993 Indy Car Race in the largest city of the state containing the city where the performer of the album Something Like a Bird is from?,,rescuable,4,0.0
2.0,musique,0.0,2.0,tie,4hop1__72247_497223_15840_36002,"What are the Genesis's advantages over the game platform with a 3 letter name abbreviation, featuring a game named after the league that chooses where the Super Bowl is held?",,anchor_failure,4,0.0
2.0,musique,0.0,2.0,tie,4hop1__726391_153080_33897_81096,Who won the Indy car race in the largest populated city in the state where the Oh Yeah performer is from?,,unreachable,4,0.0
3.0,musique,0.0,3.0,tie,4hop1__726391_153080_33952_34053,What was the wettest year in the second largest city of the state where the Oh Yeah performer is from?,,anchor_failure,4,0.0
3.0,musique,0.0,3.0,loss,4hop1__726391_153080_33952_34109,What is the PBS station in the second largest city in the state where Oh Yeah's performer is from?,,anchor_failure,4,-0.25
3.0,musique,0.0,3.0,tie,4hop1__752321_153080_159767_81096,The largest city in the state the performer of Pithecanthropus Erectus was from is also the state capital. Who won the indy car race in that city?,,anchor_failure,4,0.0
3.0,musique,0.0,3.0,tie,4hop1__767417_624859_355213_203322,What county shares a border with the county where the performer of Change of Heart was born?,,rescuable,4,0.0
2.0,musique,0.0,2.0,tie,4hop1__777217_32392_823060_610794,What county is the city that shares a border with the state capital of the state where Andrew Deveaux was born located in?,,rescuable,4,0.0
1.0,musique,0.0,1.0,tie,4hop1__788226_32392_823060_610794,The capital of the state where Mary Boykin Chesnut lived borders a city within which county?,,unreachable,4,0.0
3.0,musique,0.0,2.0,win,4hop1__802394_153080_159767_81096,An Indy car race was held in the capital of the state where the performer of Mingus Plays Piano was born. Who won the race?,,rescuable,4,0.25
3.0,musique,0.0,3.0,tie,4hop1__813171_153080_33897_81096,Who won the indy car race in the largest populated city in the state that the performer of Changes Two is from?,,anchor_failure,4,0.0
3.0,musique,0.0,3.0,tie,4hop1__814776_765799_282674_759393,What is the seat of the county sharing a border with the county where Western Islands is headquartered?,,rescuable,4,0.0
2.0,musique,0.0,2.0,tie,4hop1__83058_53706_795904_580996,"What area shares a border, with the city that was the work location of an individual, who went to the U.S. state with a Mediterranean climate, during the Gold Rush?",,anchor_failure,4,0.0
3.0,musique,0.0,3.0,loss,4hop1__842143_153080_159767_81096,Who won the 1993 Indy Car Race in the largest city of the state containing the city where the performer of the album Mingus Three is from?,,rescuable,4,-0.25
3.0,musique,0.0,3.0,tie,4hop1__842143_153080_33897_81096,Who won the Indy Car Race in the largest populated city of the state where the performer of Mingus Three is from?,,unreachable,4,0.0
3.0,musique,0.0,3.0,tie,4hop1__846600_153080_159767_81096,Who won the Indy car race in the largest city and the capital of the state of origin of the performer of A Modern Jazz Symposium of Music and Poetry?,,rescuable,4,0.0
3.0,musique,0.0,3.0,tie,4hop1__860115_798482_131926_13165,What treaty ceded territory to the US extending west to the river by the city sharing a border with Elizabeth Berg's birthplace?,,anchor_failure,4,0.0
3.0,musique,0.0,3.0,loss,4hop1__860115_798482_131926_87157,What is the direction of flow of the body of water by the city sharing a border with Elizabeth Berg's birthplace?,,anchor_failure,4,-0.25
3.0,musique,0.0,2.0,tie,4hop1__860115_798482_131926_89261,Where does the river by the city sharing a border with Elizabeth Berg's birthplace empty into the Gulf of Mexico?,,anchor_failure,4,0.0
3.0,musique,0.0,3.0,tie,4hop1__860115_798482_131926_90707,Where does the body of water by the city that shares a border with Elizabeth Berg's birthplace and Ohio River meet?,,unreachable,4,0.0
3.0,musique,0.0,3.0,tie,4hop1__88342_49853_128008_46894,Who has the lowest batting average in the league that the team that has won the most titles from the competition they give out MVP awards plays for?,,rescuable,4,0.0
3.0,musique,0.0,3.0,tie,4hop1__88342_49853_128008_48717,"Who was the second pick in the 1999 draft of the organization, that includes the team with the most titles, in the event preceding the awarding of the MLB MVP?",,anchor_failure,4,0.0
3.0,musique,0.0,2.0,tie,4hop1__88342_49853_128008_67954,Who was the all-star MVP of the league where the team with the most titles from the event after which they give out the MLB MVP award plays?,,rescuable,4,0.0
3.0,musique,0.0,3.0,tie,4hop1__88342_49853_128008_80286,Who has the most hits in the league whose member team has the most wins of the championship series which proceeds the MVP award?,,anchor_failure,4,0.0
3.0,musique,0.0,3.0,tie,4hop1__88342_49853_128008_92225,When is opening day of the season of the league that the team that has the most titles from the competition they gave out MVP awards after?,,anchor_failure,4,0.0
3.0,musique,0.0,3.0,tie,4hop1__88342_75218_128008_46748,The MLB MVP award is given out after a competition where a team has played the most games. What is the longest win streak in the history of league that team plays for?,,rescuable,4,0.0
3.0,musique,0.0,3.0,tie,4hop1__88342_75218_128008_46894,Who had the lowest batting average in the league where the team with the most games in the series after which the MLB MVP is awarded played?,,rescuable,4,0.0
1.0,musique,0.0,1.0,tie,4hop1__88342_75218_128008_48717,Who was second pick in the 1999 draft of the league that has a competition where they give out the MLB MVP award after it?,,anchor_failure,4,0.0
3.0,musique,0.0,3.0,tie,4hop1__88342_75218_128008_54974,What is the longest home run hit in the league where the team with the most games in the series after which the MLB MVP is awarded plays?,,unreachable,4,0.0
3.0,musique,0.0,3.0,tie,4hop1__88342_75218_128008_67954,Who won the All-Star MVP for the league that the team that has attended the competition where they give out the MLB MVP award after the most?,,rescuable,4,0.0
3.0,musique,0.0,2.0,tie,4hop1__88342_75218_128008_80286,who has had the most hits in the league that includes the team that has played the most games of the type played just before the league MVP is awarded?,,anchor_failure,4,0.0
3.0,musique,0.0,2.0,tie,4hop1__88342_75218_128008_80487,When is the all-star game of the league whose member played in the most championship series which proceed the MVP award?,,anchor_failure,4,0.0
3.0,musique,0.0,3.0,tie,4hop1__88342_75218_128008_86588,What is the longest home run in the history of the league of the team that has played the most games in the competition they give out MVP awards after?,,unreachable,4,0.0
3.0,musique,0.0,2.0,tie,4hop1__88342_75218_128008_87812,When is the opening day of the league in which the team with the most games in the series after which the MLB MVP is awarded plays?,,anchor_failure,4,0.0
3.0,musique,0.0,3.0,tie,4hop1__88342_75218_128008_89859,When does regular season start in the league where a team has played the most games in the competition where they give out the MLB MVP award after?,,anchor_failure,4,0.0
3.0,musique,0.0,3.0,tie,4hop1__89632_32392_823060_610794,Which country contains the city sharing border with the state capital of the US state filming the movie the patriot?,,anchor_failure,4,0.0
3.0,musique,0.0,3.0,tie,4hop1__9002_698949_157828_239539,The language of a film titled and about the city where Tito was interred is the co-official language of a county. In what city is the national Radio and Television broadcaster for that country?,,unreachable,4,0.0
3.0,musique,0.0,3.0,tie,4hop1__9007_698949_157828_162309,When did the country with a co-official language used in the film titled after the city that is the final resting place of Tito first attend the Olympics games?,,rescuable,4,0.0
3.0,musique,0.0,3.0,loss,4hop1__94201_642284_131926_13165,What treaty ceded territory to the US extending west to the body of water by the city where the designer of Southeast Library died?,,unreachable,4,-0.25
3.0,musique,0.0,3.0,tie,4hop1__94201_642284_131926_87157,What is the direction of the flow of the river near the city where the designer of Southeast Library died?,,anchor_failure,4,0.0
3.0,musique,0.0,3.0,tie,4hop1__94201_642284_131926_90707,Where does the river by the city where the Southeast Library designer died and the Ohio River meet?,,rescuable,4,0.0
3.0,musique,0.0,3.0,loss,4hop2__103790_14670_8987_8529,"A country's military branch, the equivalent of which in the US contains the Air Defense Artillery, was unprepared for the invasion of Ivo Werner's country. When was the word ""Slavs"" used in the national anthem of the unprepared country?",,rescuable,4,-0.25
3.0,musique,0.0,3.0,tie,4hop2__103790_14670_8987_8974,Ivo Werner is from Country A that invaded Country B because their military branch that Air Defense Artillery is part of was unprepared. Country B was the only communist country to have an embassy where?,,rescuable,4,0.0
3.0,musique,0.0,3.0,tie,4hop2__105527_14670_8987_8529,"A country's military branch, the equivalent of which in the US contains the Air Defense Artillery, was unprepared for the invasion of the country that developed the ZH-29. When was the word ""Slavs"" used in the national anthem of the unprepared country?",,rescuable,4,0.0
3.0,musique,0.0,3.0,tie,4hop2__105527_39078_8987_8974,"A country's military branch, the equivalent of which in the US helped the Old West's local police, was unprepared for the invasion of the country that developed the ZH-29. The unprepared country was the only communist country to have an embassy where?",,rescuable,4,0.0
3.0,musique,0.0,3.0,tie,4hop2__160585_14670_8987_8974,Hana Mandlikova was born in Country A that invaded Country B because the military branch the Air Defense Artillery is part of was unprepared. Country B was the only communist country to have an embassy where?,,anchor_failure,4,0.0
3.0,musique,0.0,3.0,tie,4hop2__161324_14670_8987_8974,The military group of which the Air Defense Artillery is a branch was unprepared for the invasion of the territory the Nazis occupied. The country of this group was the only communist country to have an embassy where?,,anchor_failure,4,0.0
1.0,musique,0.0,1.0,tie,4hop2__161602_426860_88460_20988,What major conflict is the country between the country that hosted the tournament and the country where That Dam is from known for?,,unreachable,4,0.0
3.0,musique,0.0,3.0,loss,4hop2__161602_426860_88460_20999,How were the Portuguese expelled from the country that is a natural boundary between the country that hosted the tournament and the country That Dam is located?,,anchor_failure,4,-0.25
3.0,musique,0.0,3.0,tie,4hop2__161602_426860_88460_21034,What year did the country that is the natural boundary between where tournament was hosted and where That Dam is located host the ASEAN Conference?,,rescuable,4,0.0
1.0,musique,0.0,1.0,tie,4hop2__161602_426860_88460_21057,"During British rule, what wood product was produced primarily in the country between the country that hosted the tournament and the country where That Dam is from?",,anchor_failure,4,0.0
3.0,musique,0.0,3.0,tie,4hop2__161602_474028_88460_126088,Who was in charge in the country that is the natural boundary between the country that hosted the tournament and the country where A Don is located?,,anchor_failure,4,0.0
3.0,musique,0.0,3.0,tie,4hop2__161602_474028_88460_20985,Does the capital city hold the majority of the population in the natural boundary between the country that hosted the tournament and the country where A Don is from?,,anchor_failure,4,0.0
3.0,musique,0.0,3.0,tie,4hop2__161602_474028_88460_20988,For what major conflict is the country on the natural boundary between the country that hosted the tournament and the country where A Don is from known?,,anchor_failure,4,0.0
1.0,musique,0.0,1.0,tie,4hop2__161602_474028_88460_21057,"During British rule, what wood was mostly produced in the nation that's the boundary between the host of the 2020 AFC U-23 Championship qualification, and the nation containing A Don?",,rescuable,4,0.0
3.0,musique,0.0,3.0,tie,4hop2__161602_474028_88460_21063,There exists a country A that forms a boundary between the host of the 2020 AFC U-23 Championship and the country containing the village of A Don. What is the business that began trading stocks in the winter of 2014 in country A?,,rescuable,4,0.0
0.0,musique,0.0,0.0,tie,4hop2__161602_474028_88460_21074,Who runs the school system in the country on the natural boundary between the country that hosted the tournament and the country where A Don is from?,,anchor_failure,4,0.0
3.0,musique,0.0,2.0,win,4hop2__161602_474028_88460_86452,When did Burma change its name to the country that is the natural boundary between the country that hosted the tournament and the country where A Don is located?,,rescuable,4,0.25
3.0,musique,0.0,3.0,tie,4hop2__567956_39078_8987_8974,Normalization occurred in Country A that invaded Country B because the military branch was unprepared. Country B was the only communist country to have an embassy where?,,rescuable,4,0.0
1.0,musique,0.0,1.0,loss,4hop2__71753_158985_70784_79935,When was the region that lies to the north of where Israel is located and where the most growth in desalination for agricultural use is taking place created?,,unreachable,4,-0.25
3.0,musique,0.0,2.0,win,4hop2__71753_261673_70784_61381,When was the region that lies to the north of where Israel is located and where Shamal is located established?,,rescuable,4,0.25
3.0,musique,0.0,3.0,tie,4hop2__71753_623626_70784_61381,When was the region that lies to the north of where israel is located and the body of water where Kharg Island is located established?,,rescuable,4,0.0
3.0,musique,0.0,3.0,tie,4hop2__71753_623626_70784_79935,When was the region that lies to the north of what where Israel is located and the body of water where Kharg Island is found created?,,rescuable,4,0.0
3.0,musique,0.0,3.0,tie,4hop2__71753_648517_70784_61381,When was the region that lies to the north of the region Israel is located and where the Battle of Qurah and Umm al Maradim is took place established?,,rescuable,4,0.0
3.0,musique,0.0,3.0,tie,4hop2__71753_685934_70784_61381,When was the region that lies to the north of where Israel is located and where The World is located established?,,anchor_failure,4,0.0
3.0,musique,0.0,3.0,loss,4hop2__71753_685934_70784_79935,When was the region that lies to the north of the region Israel is located and where The World is located created?,,anchor_failure,4,-0.25
2.0,musique,0.0,2.0,tie,4hop2__71753_73205_70784_79935,When was the region that lies to the north of where Israel is located and the body of water between East Africa and the Arabian peninsula created?,,anchor_failure,4,0.0
3.0,musique,0.0,3.0,tie,4hop2__9988_158279_70784_61381,When was the region immediately north of the region prevailing with the disgrace of the Near East and the final destination for the export crops established?,,unreachable,4,0.0
1.0,musique,0.0,1.0,tie,4hop2__9988_158985_70784_61381,When was the region immediately north of the region prevailing with the disgrace of the Near East and the site of the most growth in desalination for agricultural use established?,,unreachable,4,0.0
3.0,musique,0.0,3.0,tie,4hop2__9988_158985_70784_79935,"When was the kingdom lying immediately to the north of the region prevailing with ""Near East"" disgrace and the region having the most growth in desalination for agricultural use created?",,unreachable,4,0.0
3.0,musique,0.0,3.0,loss,4hop2__9988_261673_70784_79935,When was the region immediately north of the region that prevailed with the disgrace of Near East and the terrain feature on which shamal is located created?,,unreachable,4,-0.25
3.0,musique,0.0,3.0,tie,4hop2__9988_729371_70784_61381,"When was the region that lies to the north of what used to be known as the ""Near East"" and the location of Operation Earnest Will established?",,anchor_failure,4,0.0
3.0,musique,0.0,3.0,tie,4hop2__9988_729371_70784_79935,"When was the region is immediately north of what used to be known as the ""Near East"" and the location of Operation Earnest Will created?",,anchor_failure,4,0.0
3.0,musique,0.0,2.0,win,4hop3__129682_29339_508306_70744,Who won more national championships between the university that contains Fort Hill and the university of the state where Edwards won the primary besides the state where WSFN is located?,,rescuable,4,0.25
3.0,musique,0.0,3.0,tie,4hop3__130276_29339_508306_70744,Who won more national championships between the university featuring Fort Hill and the university of the state where Edwards won the primary besides the state containing Redan High School?,,rescuable,4,0.0
3.0,musique,0.0,2.0,win,4hop3__130404_29339_508306_70744,"Who has more national championships, the university where Fort Hill is, or the university in the state where Edwards won the primary, along with winning in the state containing WDXQ?",,rescuable,4,0.25
3.0,musique,0.0,3.0,tie,4hop3__131775_29339_508306_70744,"Which has more national championships, university of the state having Fort Hill or university of the state whose primary was won by Edwards besides the state having Ted Wright Stadium?",,rescuable,4,0.0
3.0,musique,0.0,3.0,tie,4hop3__152056_698586_57596_54362,Who burned down the city where Dunn Dunn's artist died in the war during which income tax started?,,anchor_failure,4,0.0
2.0,musique,0.0,2.0,tie,4hop3__152056_698586_89595_54362,Who burned down the city where Dunn Dunn's recording artist died during the conflict after which the historical time period of A Rose for Emily occurred?,,unreachable,4,0.0
2.0,musique,0.0,1.0,win,4hop3__160230_470287_345497_72134,When did the death city of Taito Kantonen become the capital of the US state having the statue being the title of the various Latin Mother goddess?,,rescuable,4,0.25
3.0,musique,0.0,2.0,win,4hop3__160230_470287_862998_72134,When did the city where Hillcrest High School is located become capitol of the state in which a statue of a Latin mother goddess is located?,,rescuable,4,0.25
3.0,musique,0.0,3.0,tie,4hop3__175072_88460_30152_20999,How were the same people who the Somali Muslim Ajuran Empire declared independence from expelled from the natural boundary between Thailand and the country Setthathirath is a citizen of?,,anchor_failure,4,0.0
3.0,musique,0.0,2.0,win,4hop3__257340_88460_30152_20999,How were the same people who the Somali Muslim Ajuran Empire declared independence from expelled from the natural boundary between Thailand and the country where Khong Island is found?,,rescuable,4,0.25
3.0,musique,0.0,3.0,tie,4hop3__275416_24325_156850_10557,"Despite being located in East Belgium, the Carnival of the birth place of Guido Maus harks purely to an area. What was the language having the same name as this area of the era with Fastrada's spouse's name later known as?",,unreachable,4,0.0
3.0,musique,0.0,3.0,loss,4hop3__279362_88460_30152_20999,How were people from whom new coins were a proclamation of independence by the Somali Muslim Ajuran Empire expelled from the natural boundary between Thailand and Vat Yotkeo's country?,,anchor_failure,4,-0.25
3.0,musique,0.0,2.0,tie,4hop3__310746_88460_30152_20999,There exists a country A that forms a boundary between Thailand and the country containing the Khong District. How were the people that the Ajuran Empire declared independence from by minting coins expelled from country A?,,anchor_failure,4,0.0
3.0,musique,0.0,3.0,tie,4hop3__312119_132409_371500_35031,"Among the top five largest urban areas in the state where Getting Away with Murder's performer was formed, where does Veoh's headquarters city rank?",,anchor_failure,4,0.0
3.0,musique,0.0,3.0,tie,4hop3__316459_41402_145922_13584,"Besides areas of the country gaining control of Florida after the conflict Charles Edmund Nugent participated in, what other differences exist between where Carlos Barral died and Real Madrid?",,unreachable,4,0.0
3.0,musique,0.0,2.0,win,4hop3__322354_466199_695123_72134,"When did the city that WIZE is licensed to broadcast to, become the capital of the state, that contains the county where the Battle of Rich Mountain occurred?",,rescuable,4,0.25
3.0,musique,0.0,2.0,tie,4hop3__324979_836463_161616_77103,When did the birthplace of Ah Via Musicom's performer become the capital of the state Knowles is from?,,rescuable,4,0.0
3.0,musique,0.0,3.0,loss,4hop3__373573_132409_223216_35031,The band Pathology formed in a city whose urban area ranks where by size among the urban areas of the state where the Still Swingin' song's band formed?,,rescuable,4,-0.25
3.0,musique,0.0,2.0,tie,4hop3__373866_5189_276146_86687,A country was in effective control of both political and military functions of the organization the People's Socialist Republic of Albania belonged to. When did this country agree to a unified Germany inside the organization that ran an annual event called Exercise Reforger?,,rescuable,4,0.0
3.0,musique,0.0,2.0,tie,4hop3__373866_5189_31809_86687,A country was in effective control of both political and military functions of the organization the People's Socialist Republic of Albania belonged. When did this country agree to a unified Germany inside the organization that killed Gaddafi's grandsons?,,anchor_failure,4,0.0
3.0,musique,0.0,3.0,tie,4hop3__373866_5189_38229_86687,A group of nations of which the People's Socialist Republic of Albania was a member was controlled by one country. When did that country agree to a unified Germany inside of the organization Eisenhower would not discuss during the campaign?,,anchor_failure,4,0.0
3.0,musique,0.0,3.0,tie,4hop3__474028_88460_30152_20999,How were people from whom new coins were a proclamation of independence by the Somali Muslim Ajuran Empire expelled from the natural boundary between Thailand and A Don's country?,,anchor_failure,4,0.0
3.0,musique,0.0,3.0,loss,4hop3__507819_88460_30152_20999,How were the same people who the Somali Muslim Ajuran Empire declared independence from expelled from the natural boundary between Thailand and the country where Route 3 is found?,,rescuable,4,-0.25
3.0,musique,0.0,3.0,tie,4hop3__524186_219173_638950_72134,When did the city where Greenwood Laboratory School is located become capitol of the state where the screenwriter of The Poor Boob was born?,,rescuable,4,0.0
3.0,musique,0.0,3.0,tie,4hop3__577443_88460_30152_20999,How were people from whom new coins were a proclamation of independence by the Somali Muslim Ajuran Empire expelled from the natural boundary between Thailand and Tham Pha's country?,,anchor_failure,4,0.0
3.0,musique,0.0,3.0,loss,4hop3__601548_836463_161616_77103,When did the birthplace of the Live and Beyond performer become the capitol of the state Knowles was from?,,anchor_failure,4,-0.25
3.0,musique,0.0,3.0,tie,4hop3__630723_88460_30152_20999,How were people from whom new coins were a proclamation of independence by the Somali Muslim Ajuran Empire expelled from the natural boundary between Thailand and Phommathat's country of citizenship?,,anchor_failure,4,0.0
3.0,musique,0.0,3.0,loss,4hop3__650050_88460_30152_20999,How were people from whom the new coins were a proclamation of independence by the Somali Muslim Ajuran Empire expelled from the natural boundary between Thailand and A Doi's country?,,anchor_failure,4,-0.25
2.0,musique,0.0,2.0,tie,4hop3__661103_698586_89595_54362,Who burned down the city where Dunn Dunn's recording artist died during the conflict after which occurred the historical period of A Rose for Emily?,,unreachable,4,0.0
3.0,musique,0.0,3.0,tie,4hop3__661103_698586_91248_54362,Who burned down the city where Dunn Dunn's recording artist died during the conflict after which the government got involved in healthcare?,,unreachable,4,0.0
3.0,musique,0.0,3.0,tie,4hop3__668721_132409_371500_35031,Where does the city where Veoh's headquarters is located rank in the top five largest urban areas of the state where The Paramour Sessions' performers were formed?,,anchor_failure,4,0.0
3.0,musique,0.0,3.0,tie,4hop3__673447_132409_145082_35031,"Among the top five largest urban areas in the state where Infest's performer was formed, where does Tammy Leitner's birth city rank?",,anchor_failure,4,0.0
3.0,musique,0.0,3.0,tie,4hop3__710473_354093_254885_76356,Who pushed for a canal crossing across the continent El Valle is located linking the Pacific Ocean and the ocean Sampit River leads to?,,unreachable,4,0.0
3.0,musique,0.0,3.0,tie,4hop3__719125_132409_223216_35031,"In the top five largest urban areas in the US state in which the band performing Scars was formed, where does the city having Pathology rank?",,rescuable,4,0.0
3.0,musique,0.0,3.0,tie,4hop3__773800_152874_161616_77103,When did the city the 2010 Sony Ericsson Open – Men's Singles winner is from become the capitol of the state Knowles is from?,,unreachable,4,0.0
3.0,musique,0.0,2.0,win,4hop3__794915_466199_695123_72134,When did the town WIZE is licensed in become capitol of the state where Ward Township is located?,,rescuable,4,0.25
3.0,musique,0.0,3.0,tie,4hop3__813358_24325_125104_10557,"The carnival in the town where Jean Mathonet died is rooted in a European culture. In Rotrude's father's era, the language of that culture was later known by what name?",,anchor_failure,4,0.0
3.0,musique,0.0,3.0,tie,4hop3__839787_88460_30152_20999,How were the same people who the Somali Muslim Ajuran Empire declared independence from expelled from the natural boundary between Thailand and the country where Sepon mine is found?,,unreachable,4,0.0
3.0,musique,0.0,3.0,loss,4hop3__857_846_326964_7713,How long had the city where the Yongle emperor greeted the person to whom the edict was addressed been the capitol of Yaxing Coach's headquarters location?,,anchor_failure,4,-0.5
3.0,musique,0.0,1.0,win,4hop3__857_846_613770_7713,How long was the place where the Yongle Emperor greeted the person to whom the edict was addressed the capitol of the area where Guangling District was located?,,rescuable,4,0.25
3.0,musique,0.0,2.0,win,4hop3__862_846_326964_7713,How long was the city where the Yongle emperor greeted the person the Ming court thought the representatives were sent by the capitol of Yaxing Coach's headquarters location?,,rescuable,4,0.25
3.0,musique,0.0,1.0,tie,4hop3__862_846_613770_7713,How long was the place where the Yongle Emperor greeted who the Ming court thought representatives were sent by the capitol of the city in which Guangling District is located?,,anchor_failure,4,0.0
